{"Version":"0.0.0","Data":{"Fires":"{\"Version\":\"0.0.0\",\"FiresPerStructureType\":{\"32\":[{\"PutOutChance\":2,\"Fuel\":120.0,\"FuelDrainRate\":1.0},{\"PutOutChance\":1,\"Fuel\":120.0,\"FuelDrainRate\":1.0},{\"PutOutChance\":-1,\"Fuel\":0.004368698,\"FuelDrainRate\":1.0},{\"PutOutChance\":1,\"Fuel\":120.0,\"FuelDrainRate\":1.0},{\"PutOutChance\":1,\"Fuel\":120.0,\"FuelDrainRate\":1.0},{\"PutOutChance\":1,\"Fuel\":120.0,\"FuelDrainRate\":0.25},{\"PutOutChance\":2,\"Fuel\":120.0,\"FuelDrainRate\":1.0},{\"PutOutChance\":1,\"Fuel\":120.0,\"FuelDrainRate\":0.25},{\"PutOutChance\":1,\"Fuel\":120.0,\"FuelDrainRate\":0.0999999642},{\"PutOutChance\":2,\"Fuel\":120.0,\"FuelDrainRate\":1.0},{\"PutOutChance\":1,\"Fuel\":300.0,\"FuelDrainRate\":0.25},{\"PutOutChance\":2,\"Fuel\":120.0,\"FuelDrainRate\":1.0},{\"IsLit\":true,\"PutOutChance\":2,\"Fuel\":140.964432,\"FuelDrainRate\":0.0999999642},{\"PutOutChance\":2,\"Fuel\":120.0,\"FuelDrainRate\":1.0}]}}"}}