{"Version":"0.0.0","Data":{"Fires":"{\"Version\":\"0.0.0\",\"FiresPerStructureType\":{\"25\":[{\"PutOutChance\":2,\"Fuel\":0.00794901,\"FuelDrainRate\":1.0}],\"32\":[{\"PutOutChance\":2,\"Fuel\":120.0,\"FuelDrainRate\":1.0},{\"PutOutChance\":1,\"Fuel\":120.0,\"FuelDrainRate\":1.0},{\"PutOutChance\":-1,\"Fuel\":0.004368698,\"FuelDrainRate\":1.0},{\"PutOutChance\":1,\"Fuel\":120.0,\"FuelDrainRate\":1.0},{\"PutOutChance\":1,\"Fuel\":120.0,\"FuelDrainRate\":1.0},{\"PutOutChance\":1,\"Fuel\":120.0,\"FuelDrainRate\":0.25},{\"PutOutChance\":2,\"Fuel\":120.0,\"FuelDrainRate\":1.0},{\"PutOutChance\":1,\"Fuel\":120.0,\"FuelDrainRate\":0.25},{\"Fuel\":0.007175026,\"FuelDrainRate\":0.0999999642},{\"PutOutChance\":2,\"Fuel\":300.0,\"FuelDrainRate\":1.0},{\"PutOutChance\":1,\"Fuel\":0.008885127,\"FuelDrainRate\":0.25},{\"IsLit\":true,\"PutOutChance\":2,\"Fuel\":377.656067,\"FuelDrainRate\":0.0999999642}]}}"}}