{"Version":"0.0.0","Data":{"FreeFormStructureLinkerManager":"{\"_nodeLinkersData\":[null],\"_builtLinkersData\":[null,{\"_typeId\":4,\"_instanceId\":11},{\"_typeId\":4,\"_instanceId\":3},{\"_typeId\":4,\"_instanceId\":6},{\"_typeId\":4,\"_instanceId\":13},{\"_typeId\":4,\"_instanceId\":32},{\"_typeId\":3,\"_instanceId\":42},{\"_typeId\":4,\"_instanceId\":13},null,null,{\"_typeId\":3,\"_instanceId\":21},{\"_typeId\":4,\"_instanceId\":33},{\"_typeId\":4,\"_instanceId\":33},{\"_typeId\":4,\"_instanceId\":33},{\"_typeId\":4,\"_instanceId\":6},{\"_typeId\":4,\"_instanceId\":3},null,null,null,null,null,null,null,null,null,{\"_typeId\":9,\"_instanceId\":6},null,null,null,null,null,null,{\"_typeId\":4,\"_instanceId\":39},{\"_typeId\":8,\"_instanceId\":18},{\"_typeId\":8,\"_instanceId\":18},{\"_typeId\":4,\"_instanceId\":23},{\"_typeId\":4,\"_instanceId\":24},{\"_typeId\":4,\"_instanceId\":28},{\"_typeId\":4,\"_instanceId\":22},null,{\"_typeId\":8,\"_instanceId\":11},{\"_typeId\":2,\"_instanceId\":80},{\"_typeId\":4,\"_instanceId\":24},{\"_typeId\":4,\"_instanceId\":22},{\"_typeId\":4,\"_instanceId\":23},{\"_typeId\":4,\"_instanceId\":63},{\"_typeId\":4,\"_instanceId\":62},{\"_typeId\":8,\"_instanceId\":37},{\"_typeId\":4,\"_instanceId\":59},{\"_typeId\":4,\"_instanceId\":51},{\"_typeId\":4,\"_instanceId\":31},{\"_typeId\":4,\"_instanceId\":14},{\"_typeId\":4,\"_instanceId\":38},{\"_typeId\":4,\"_instanceId\":53},null,{\"_typeId\":3,\"_instanceId\":53},null,{\"_typeId\":2,\"_instanceId\":7},null,{\"_typeId\":2,\"_instanceId\":15},null,{\"_typeId\":2,\"_instanceId\":14},{\"_typeId\":4,\"_instanceId\":17},{\"_typeId\":4,\"_instanceId\":26},null,null,null,{\"_typeId\":2,\"_instanceId\":120},{\"_typeId\":3,\"_instanceId\":108},null,{\"_typeId\":4,\"_instanceId\":35},{\"_typeId\":4,\"_instanceId\":36},null,null,{\"_typeId\":2,\"_instanceId\":190},{\"_typeId\":3,\"_instanceId\":166},null,null,null]}"}}