{"Version":"0.0.0","Data":{"FreeFormFreeLinksManager":"{\"_supportingStructuresData\":[{\"Structure\":{\"_typeId\":42,\"_instanceId\":2},\"List\":[{\"_typeId\":41,\"_instanceId\":2},{\"_typeId\":41,\"_instanceId\":3}]},{\"Structure\":{\"_typeId\":42,\"_instanceId\":9},\"List\":[{\"_typeId\":41,\"_instanceId\":29},{\"_typeId\":41,\"_instanceId\":2}]},{\"Structure\":{\"_typeId\":4,\"_instanceId\":72},\"List\":[{\"_typeId\":42,\"_instanceId\":10},{\"_typeId\":42,\"_instanceId\":11}]},{\"Structure\":{\"_typeId\":3,\"_instanceId\":222},\"List\":[{\"_typeId\":41,\"_instanceId\":30}]},{\"Structure\":{\"_typeId\":3,\"_instanceId\":213},\"List\":[{\"_typeId\":25,\"_instanceId\":16}]},{\"Structure\":{\"_typeId\":42,\"_instanceId\":10},\"List\":[{\"_typeId\":41,\"_instanceId\":1},{\"_typeId\":41,\"_instanceId\":28}]},{\"Structure\":{\"_typeId\":42,\"_instanceId\":11},\"List\":[{\"_typeId\":41,\"_instanceId\":1}]},{\"Structure\":{\"_typeId\":42,\"_instanceId\":8},\"List\":[{\"_typeId\":41,\"_instanceId\":28},{\"_typeId\":41,\"_instanceId\":29}]},{\"Structure\":{\"_typeId\":42,\"_instanceId\":1},\"List\":[{\"_typeId\":41,\"_instanceId\":3},{\"_typeId\":41,\"_instanceId\":30}]},{\"Structure\":{\"_typeId\":4,\"_instanceId\":67},\"List\":[{\"_typeId\":42,\"_instanceId\":1},{\"_typeId\":42,\"_instanceId\":2},{\"_typeId\":42,\"_instanceId\":8},{\"_typeId\":42,\"_instanceId\":9}]},{\"Structure\":{\"_typeId\":3,\"_instanceId\":406},\"List\":[{\"_typeId\":25,\"_instanceId\":83}]},{\"Structure\":{\"_typeId\":3,\"_instanceId\":412},\"List\":[{\"_typeId\":25,\"_instanceId\":84}]},{\"Structure\":{\"_typeId\":3,\"_instanceId\":416},\"List\":[{\"_typeId\":25,\"_instanceId\":81},{\"_typeId\":25,\"_instanceId\":82}]},{\"Structure\":{\"_typeId\":3,\"_instanceId\":417},\"List\":[{\"_typeId\":25,\"_instanceId\":82}]}],\"_supportedByStructuresData\":[{\"Structure\":{\"_typeId\":42,\"_instanceId\":9},\"List\":[{\"_typeId\":4,\"_instanceId\":67}]},{\"Structure\":{\"_typeId\":42,\"_instanceId\":8},\"List\":[{\"_typeId\":4,\"_instanceId\":67}]},{\"Structure\":{\"_typeId\":41,\"_instanceId\":3},\"List\":[{\"_typeId\":42,\"_instanceId\":2},{\"_typeId\":42,\"_instanceId\":1}]},{\"Structure\":{\"_typeId\":42,\"_instanceId\":10},\"List\":[{\"_typeId\":4,\"_instanceId\":72}]},{\"Structure\":{\"_typeId\":42,\"_instanceId\":11},\"List\":[{\"_typeId\":4,\"_instanceId\":72}]},{\"Structure\":{\"_typeId\":41,\"_instanceId\":2},\"List\":[{\"_typeId\":42,\"_instanceId\":2},{\"_typeId\":42,\"_instanceId\":9}]},{\"Structure\":{\"_typeId\":41,\"_instanceId\":1},\"List\":[{\"_typeId\":42,\"_instanceId\":11},{\"_typeId\":42,\"_instanceId\":10}]},{\"Structure\":{\"_typeId\":41,\"_instanceId\":28},\"List\":[{\"_typeId\":42,\"_instanceId\":10},{\"_typeId\":42,\"_instanceId\":8}]},{\"Structure\":{\"_typeId\":41,\"_instanceId\":30},\"List\":[{\"_typeId\":42,\"_instanceId\":1},{\"_typeId\":3,\"_instanceId\":222}]},{\"Structure\":{\"_typeId\":25,\"_instanceId\":16},\"List\":[{\"_typeId\":3,\"_instanceId\":213}]},{\"Structure\":{\"_typeId\":41,\"_instanceId\":29},\"List\":[{\"_typeId\":42,\"_instanceId\":9},{\"_typeId\":42,\"_instanceId\":8}]},{\"Structure\":{\"_typeId\":42,\"_instanceId\":2},\"List\":[{\"_typeId\":4,\"_instanceId\":67}]},{\"Structure\":{\"_typeId\":42,\"_instanceId\":1},\"List\":[{\"_typeId\":4,\"_instanceId\":67}]},{\"Structure\":{\"_typeId\":25,\"_instanceId\":83},\"List\":[{\"_typeId\":3,\"_instanceId\":406}]},{\"Structure\":{\"_typeId\":25,\"_instanceId\":84},\"List\":[{\"_typeId\":3,\"_instanceId\":412}]},{\"Structure\":{\"_typeId\":25,\"_instanceId\":81},\"List\":[{\"_typeId\":3,\"_instanceId\":416}]},{\"Structure\":{\"_typeId\":25,\"_instanceId\":82},\"List\":[{\"_typeId\":3,\"_instanceId\":417},{\"_typeId\":3,\"_instanceId\":416}]}]}"}}