{"Version":"0.0.0","Data":{"FreeFormFreeLinksManager":"{\"_supportingStructuresData\":[{\"Structure\":{\"_typeId\":42,\"_instanceId\":2},\"List\":[{\"_typeId\":41,\"_instanceId\":2},{\"_typeId\":41,\"_instanceId\":3}]},{\"Structure\":{\"_typeId\":42,\"_instanceId\":9},\"List\":[{\"_typeId\":41,\"_instanceId\":29},{\"_typeId\":41,\"_instanceId\":2}]},{\"Structure\":{\"_typeId\":4,\"_instanceId\":72},\"List\":[{\"_typeId\":42,\"_instanceId\":10},{\"_typeId\":42,\"_instanceId\":4}]},{\"Structure\":{\"_typeId\":3,\"_instanceId\":222},\"List\":[{\"_typeId\":41,\"_instanceId\":30}]},{\"Structure\":{\"_typeId\":3,\"_instanceId\":213},\"List\":[{\"_typeId\":25,\"_instanceId\":16}]},{\"Structure\":{\"_typeId\":42,\"_instanceId\":10},\"List\":[{\"_typeId\":41,\"_instanceId\":1},{\"_typeId\":41,\"_instanceId\":28},{\"_typeId\":41,\"_instanceId\":185}]},{\"Structure\":{\"_typeId\":42,\"_instanceId\":4},\"List\":[{\"_typeId\":41,\"_instanceId\":1}]},{\"Structure\":{\"_typeId\":42,\"_instanceId\":8},\"List\":[{\"_typeId\":41,\"_instanceId\":28},{\"_typeId\":41,\"_instanceId\":29}]},{\"Structure\":{\"_typeId\":42,\"_instanceId\":1},\"List\":[{\"_typeId\":41,\"_instanceId\":3},{\"_typeId\":41,\"_instanceId\":30}]},{\"Structure\":{\"_typeId\":4,\"_instanceId\":67},\"List\":[{\"_typeId\":42,\"_instanceId\":1},{\"_typeId\":42,\"_instanceId\":2},{\"_typeId\":42,\"_instanceId\":8},{\"_typeId\":42,\"_instanceId\":9}]},{\"Structure\":{\"_typeId\":5,\"_instanceId\":2},\"List\":[{\"_typeId\":42,\"_instanceId\":12}]},{\"Structure\":{\"_typeId\":3,\"_instanceId\":406},\"List\":[{\"_typeId\":25,\"_instanceId\":83}]},{\"Structure\":{\"_typeId\":3,\"_instanceId\":412},\"List\":[{\"_typeId\":25,\"_instanceId\":13}]},{\"Structure\":{\"_typeId\":42,\"_instanceId\":12},\"List\":[{\"_typeId\":41,\"_instanceId\":73},{\"_typeId\":41,\"_instanceId\":24}]},{\"Structure\":{\"_typeId\":42,\"_instanceId\":14},\"List\":[{\"_typeId\":41,\"_instanceId\":132},{\"_typeId\":41,\"_instanceId\":24}]},{\"Structure\":{\"_typeId\":5,\"_instanceId\":1},\"List\":[{\"_typeId\":42,\"_instanceId\":13},{\"_typeId\":42,\"_instanceId\":11},{\"_typeId\":42,\"_instanceId\":14}]},{\"Structure\":{\"_typeId\":42,\"_instanceId\":11},\"List\":[{\"_typeId\":41,\"_instanceId\":42}]},{\"Structure\":{\"_typeId\":42,\"_instanceId\":13},\"List\":[{\"_typeId\":41,\"_instanceId\":42},{\"_typeId\":41,\"_instanceId\":73}]},{\"Structure\":{\"_typeId\":3,\"_instanceId\":422},\"List\":[{\"_typeId\":41,\"_instanceId\":132}]},{\"Structure\":{\"_typeId\":3,\"_instanceId\":416},\"List\":[{\"_typeId\":25,\"_instanceId\":81},{\"_typeId\":25,\"_instanceId\":82}]},{\"Structure\":{\"_typeId\":3,\"_instanceId\":417},\"List\":[{\"_typeId\":25,\"_instanceId\":82}]},{\"Structure\":{\"_typeId\":2,\"_instanceId\":259},\"List\":[{\"_typeId\":41,\"_instanceId\":148}]},{\"Structure\":{\"_typeId\":24,\"_instanceId\":1},\"List\":[{\"_typeId\":41,\"_instanceId\":148}]},{\"Structure\":{\"_typeId\":43,\"_instanceId\":53},\"List\":[{\"_typeId\":41,\"_instanceId\":183}]},{\"Structure\":{\"_typeId\":3,\"_instanceId\":477},\"List\":[{\"_typeId\":41,\"_instanceId\":183}]},{\"Structure\":{\"_typeId\":4,\"_instanceId\":179},\"List\":[{\"_typeId\":42,\"_instanceId\":15},{\"_typeId\":42,\"_instanceId\":6},{\"_typeId\":42,\"_instanceId\":3},{\"_typeId\":42,\"_instanceId\":7}]},{\"Structure\":{\"_typeId\":4,\"_instanceId\":180},\"List\":[{\"_typeId\":42,\"_instanceId\":5},{\"_typeId\":42,\"_instanceId\":16}]},{\"Structure\":{\"_typeId\":42,\"_instanceId\":16},\"List\":[{\"_typeId\":41,\"_instanceId\":185},{\"_typeId\":41,\"_instanceId\":186}]},{\"Structure\":{\"_typeId\":42,\"_instanceId\":3},\"List\":[{\"_typeId\":41,\"_instanceId\":186},{\"_typeId\":41,\"_instanceId\":187}]},{\"Structure\":{\"_typeId\":42,\"_instanceId\":7},\"List\":[{\"_typeId\":41,\"_instanceId\":187},{\"_typeId\":41,\"_instanceId\":188}]},{\"Structure\":{\"_typeId\":42,\"_instanceId\":15},\"List\":[{\"_typeId\":41,\"_instanceId\":188},{\"_typeId\":41,\"_instanceId\":189}]},{\"Structure\":{\"_typeId\":42,\"_instanceId\":6},\"List\":[{\"_typeId\":41,\"_instanceId\":189},{\"_typeId\":41,\"_instanceId\":190}]},{\"Structure\":{\"_typeId\":42,\"_instanceId\":5},\"List\":[{\"_typeId\":41,\"_instanceId\":190}]},{\"Structure\":{\"_typeId\":4,\"_instanceId\":204},\"List\":[{\"_typeId\":42,\"_instanceId\":17}]},{\"Structure\":{\"_typeId\":4,\"_instanceId\":205},\"List\":[{\"_typeId\":42,\"_instanceId\":18}]},{\"Structure\":{\"_typeId\":4,\"_instanceId\":206},\"List\":[{\"_typeId\":42,\"_instanceId\":19}]},{\"Structure\":{\"_typeId\":4,\"_instanceId\":288},\"List\":[{\"_typeId\":42,\"_instanceId\":20}]},{\"Structure\":{\"_typeId\":4,\"_instanceId\":289},\"List\":[{\"_typeId\":42,\"_instanceId\":21},{\"_typeId\":42,\"_instanceId\":22}]},{\"Structure\":{\"_typeId\":42,\"_instanceId\":21},\"List\":[{\"_typeId\":41,\"_instanceId\":197},{\"_typeId\":41,\"_instanceId\":198}]},{\"Structure\":{\"_typeId\":42,\"_instanceId\":20},\"List\":[{\"_typeId\":41,\"_instanceId\":197},{\"_typeId\":41,\"_instanceId\":199}]},{\"Structure\":{\"_typeId\":42,\"_instanceId\":22},\"List\":[{\"_typeId\":41,\"_instanceId\":198}]},{\"Structure\":{\"_typeId\":3,\"_instanceId\":981},\"List\":[{\"_typeId\":41,\"_instanceId\":199}]},{\"Structure\":{\"_typeId\":3,\"_instanceId\":977},\"List\":[{\"_typeId\":41,\"_instanceId\":206}]},{\"Structure\":{\"_typeId\":3,\"_instanceId\":985},\"List\":[{\"_typeId\":41,\"_instanceId\":206}]},{\"Structure\":{\"_typeId\":3,\"_instanceId\":986},\"List\":[{\"_typeId\":41,\"_instanceId\":209}]},{\"Structure\":{\"_typeId\":3,\"_instanceId\":508},\"List\":[{\"_typeId\":41,\"_instanceId\":211}]},{\"Structure\":{\"_typeId\":2,\"_instanceId\":245},\"List\":[{\"_typeId\":41,\"_instanceId\":209}]},{\"Structure\":{\"_typeId\":3,\"_instanceId\":260},\"List\":[{\"_typeId\":41,\"_instanceId\":211}]}],\"_supportedByStructuresData\":[{\"Structure\":{\"_typeId\":42,\"_instanceId\":9},\"List\":[{\"_typeId\":4,\"_instanceId\":67}]},{\"Structure\":{\"_typeId\":42,\"_instanceId\":8},\"List\":[{\"_typeId\":4,\"_instanceId\":67}]},{\"Structure\":{\"_typeId\":41,\"_instanceId\":3},\"List\":[{\"_typeId\":42,\"_instanceId\":2},{\"_typeId\":42,\"_instanceId\":1}]},{\"Structure\":{\"_typeId\":42,\"_instanceId\":10},\"List\":[{\"_typeId\":4,\"_instanceId\":72}]},{\"Structure\":{\"_typeId\":42,\"_instanceId\":4},\"List\":[{\"_typeId\":4,\"_instanceId\":72}]},{\"Structure\":{\"_typeId\":41,\"_instanceId\":2},\"List\":[{\"_typeId\":42,\"_instanceId\":2},{\"_typeId\":42,\"_instanceId\":9}]},{\"Structure\":{\"_typeId\":41,\"_instanceId\":1},\"List\":[{\"_typeId\":42,\"_instanceId\":4},{\"_typeId\":42,\"_instanceId\":10}]},{\"Structure\":{\"_typeId\":41,\"_instanceId\":28},\"List\":[{\"_typeId\":42,\"_instanceId\":10},{\"_typeId\":42,\"_instanceId\":8}]},{\"Structure\":{\"_typeId\":41,\"_instanceId\":30},\"List\":[{\"_typeId\":42,\"_instanceId\":1},{\"_typeId\":3,\"_instanceId\":222}]},{\"Structure\":{\"_typeId\":25,\"_instanceId\":16},\"List\":[{\"_typeId\":3,\"_instanceId\":213}]},{\"Structure\":{\"_typeId\":41,\"_instanceId\":29},\"List\":[{\"_typeId\":42,\"_instanceId\":9},{\"_typeId\":42,\"_instanceId\":8}]},{\"Structure\":{\"_typeId\":42,\"_instanceId\":2},\"List\":[{\"_typeId\":4,\"_instanceId\":67}]},{\"Structure\":{\"_typeId\":42,\"_instanceId\":1},\"List\":[{\"_typeId\":4,\"_instanceId\":67}]},{\"Structure\":{\"_typeId\":42,\"_instanceId\":12},\"List\":[{\"_typeId\":5,\"_instanceId\":2}]},{\"Structure\":{\"_typeId\":25,\"_instanceId\":83},\"List\":[{\"_typeId\":3,\"_instanceId\":406}]},{\"Structure\":{\"_typeId\":25,\"_instanceId\":13},\"List\":[{\"_typeId\":3,\"_instanceId\":412}]},{\"Structure\":{\"_typeId\":42,\"_instanceId\":13},\"List\":[{\"_typeId\":5,\"_instanceId\":1}]},{\"Structure\":{\"_typeId\":42,\"_instanceId\":14},\"List\":[{\"_typeId\":5,\"_instanceId\":1}]},{\"Structure\":{\"_typeId\":42,\"_instanceId\":11},\"List\":[{\"_typeId\":5,\"_instanceId\":1}]},{\"Structure\":{\"_typeId\":41,\"_instanceId\":24},\"List\":[{\"_typeId\":42,\"_instanceId\":12},{\"_typeId\":42,\"_instanceId\":14}]},{\"Structure\":{\"_typeId\":41,\"_instanceId\":73},\"List\":[{\"_typeId\":42,\"_instanceId\":13},{\"_typeId\":42,\"_instanceId\":12}]},{\"Structure\":{\"_typeId\":41,\"_instanceId\":42},\"List\":[{\"_typeId\":42,\"_instanceId\":11},{\"_typeId\":42,\"_instanceId\":13}]},{\"Structure\":{\"_typeId\":41,\"_instanceId\":132},\"List\":[{\"_typeId\":42,\"_instanceId\":14},{\"_typeId\":3,\"_instanceId\":422}]},{\"Structure\":{\"_typeId\":41,\"_instanceId\":148},\"List\":[{\"_typeId\":24,\"_instanceId\":1},{\"_typeId\":2,\"_instanceId\":259}]},{\"Structure\":{\"_typeId\":25,\"_instanceId\":81},\"List\":[{\"_typeId\":3,\"_instanceId\":416}]},{\"Structure\":{\"_typeId\":25,\"_instanceId\":82},\"List\":[{\"_typeId\":3,\"_instanceId\":417},{\"_typeId\":3,\"_instanceId\":416}]},{\"Structure\":{\"_typeId\":41,\"_instanceId\":183},\"List\":[{\"_typeId\":43,\"_instanceId\":53},{\"_typeId\":3,\"_instanceId\":477}]},{\"Structure\":{\"_typeId\":42,\"_instanceId\":15},\"List\":[{\"_typeId\":4,\"_instanceId\":179}]},{\"Structure\":{\"_typeId\":42,\"_instanceId\":7},\"List\":[{\"_typeId\":4,\"_instanceId\":179}]},{\"Structure\":{\"_typeId\":42,\"_instanceId\":6},\"List\":[{\"_typeId\":4,\"_instanceId\":179}]},{\"Structure\":{\"_typeId\":42,\"_instanceId\":5},\"List\":[{\"_typeId\":4,\"_instanceId\":180}]},{\"Structure\":{\"_typeId\":42,\"_instanceId\":3},\"List\":[{\"_typeId\":4,\"_instanceId\":179}]},{\"Structure\":{\"_typeId\":42,\"_instanceId\":16},\"List\":[{\"_typeId\":4,\"_instanceId\":180}]},{\"Structure\":{\"_typeId\":41,\"_instanceId\":185},\"List\":[{\"_typeId\":42,\"_instanceId\":16},{\"_typeId\":42,\"_instanceId\":10}]},{\"Structure\":{\"_typeId\":41,\"_instanceId\":186},\"List\":[{\"_typeId\":42,\"_instanceId\":3},{\"_typeId\":42,\"_instanceId\":16}]},{\"Structure\":{\"_typeId\":41,\"_instanceId\":187},\"List\":[{\"_typeId\":42,\"_instanceId\":7},{\"_typeId\":42,\"_instanceId\":3}]},{\"Structure\":{\"_typeId\":41,\"_instanceId\":188},\"List\":[{\"_typeId\":42,\"_instanceId\":15},{\"_typeId\":42,\"_instanceId\":7}]},{\"Structure\":{\"_typeId\":41,\"_instanceId\":189},\"List\":[{\"_typeId\":42,\"_instanceId\":6},{\"_typeId\":42,\"_instanceId\":15}]},{\"Structure\":{\"_typeId\":41,\"_instanceId\":190},\"List\":[{\"_typeId\":42,\"_instanceId\":5},{\"_typeId\":42,\"_instanceId\":6}]},{\"Structure\":{\"_typeId\":42,\"_instanceId\":17},\"List\":[{\"_typeId\":4,\"_instanceId\":204}]},{\"Structure\":{\"_typeId\":42,\"_instanceId\":18},\"List\":[{\"_typeId\":4,\"_instanceId\":205}]},{\"Structure\":{\"_typeId\":42,\"_instanceId\":19},\"List\":[{\"_typeId\":4,\"_instanceId\":206}]},{\"Structure\":{\"_typeId\":42,\"_instanceId\":21},\"List\":[{\"_typeId\":4,\"_instanceId\":289}]},{\"Structure\":{\"_typeId\":42,\"_instanceId\":20},\"List\":[{\"_typeId\":4,\"_instanceId\":288}]},{\"Structure\":{\"_typeId\":42,\"_instanceId\":22},\"List\":[{\"_typeId\":4,\"_instanceId\":289}]},{\"Structure\":{\"_typeId\":41,\"_instanceId\":197},\"List\":[{\"_typeId\":42,\"_instanceId\":20},{\"_typeId\":42,\"_instanceId\":21}]},{\"Structure\":{\"_typeId\":41,\"_instanceId\":198},\"List\":[{\"_typeId\":42,\"_instanceId\":22},{\"_typeId\":42,\"_instanceId\":21}]},{\"Structure\":{\"_typeId\":41,\"_instanceId\":199},\"List\":[{\"_typeId\":42,\"_instanceId\":20},{\"_typeId\":3,\"_instanceId\":981}]},{\"Structure\":{\"_typeId\":41,\"_instanceId\":206},\"List\":[{\"_typeId\":3,\"_instanceId\":977},{\"_typeId\":3,\"_instanceId\":985}]},{\"Structure\":{\"_typeId\":41,\"_instanceId\":209},\"List\":[{\"_typeId\":3,\"_instanceId\":986},{\"_typeId\":2,\"_instanceId\":245}]},{\"Structure\":{\"_typeId\":41,\"_instanceId\":211},\"List\":[{\"_typeId\":3,\"_instanceId\":260},{\"_typeId\":3,\"_instanceId\":508}]}]}"}}