{"Version":"0.0.0","Data":{"FreeFormStructureLinkerManager":"{\"_nodeLinkersData\":[],\"_builtLinkersData\":[{\"_typeId\":4,\"_instanceId\":11},{\"_typeId\":4,\"_instanceId\":3},{\"_typeId\":4,\"_instanceId\":6},{\"_typeId\":4,\"_instanceId\":13},{\"_typeId\":4,\"_instanceId\":32},{\"_typeId\":4,\"_instanceId\":13},null,null,{\"_typeId\":3,\"_instanceId\":21},{\"_typeId\":4,\"_instanceId\":33},{\"_typeId\":4,\"_instanceId\":33},{\"_typeId\":4,\"_instanceId\":33},{\"_typeId\":4,\"_instanceId\":6},{\"_typeId\":4,\"_instanceId\":3},null,null,null,null,null,null,null,null,null,{\"_typeId\":9,\"_instanceId\":6},null,null,null,{\"_typeId\":4,\"_instanceId\":39},{\"_typeId\":8,\"_instanceId\":18},{\"_typeId\":8,\"_instanceId\":18},{\"_typeId\":4,\"_instanceId\":23},{\"_typeId\":4,\"_instanceId\":24},{\"_typeId\":4,\"_instanceId\":28},{\"_typeId\":4,\"_instanceId\":22},{\"_typeId\":4,\"_instanceId\":24},{\"_typeId\":4,\"_instanceId\":22},{\"_typeId\":4,\"_instanceId\":23},{\"_typeId\":4,\"_instanceId\":63},{\"_typeId\":4,\"_instanceId\":62},{\"_typeId\":4,\"_instanceId\":59},{\"_typeId\":4,\"_instanceId\":51},{\"_typeId\":4,\"_instanceId\":31},{\"_typeId\":4,\"_instanceId\":14},{\"_typeId\":4,\"_instanceId\":38},{\"_typeId\":4,\"_instanceId\":53},null,{\"_typeId\":3,\"_instanceId\":53},null,{\"_typeId\":2,\"_instanceId\":15},null,{\"_typeId\":2,\"_instanceId\":14},{\"_typeId\":4,\"_instanceId\":17},{\"_typeId\":4,\"_instanceId\":26},null,null,null,{\"_typeId\":4,\"_instanceId\":35},{\"_typeId\":4,\"_instanceId\":36},null,null,null,{\"_typeId\":4,\"_instanceId\":5},{\"_typeId\":9,\"_instanceId\":8},null,null,null,{\"_typeId\":2,\"_instanceId\":6},null,null,null,{\"_typeId\":9,\"_instanceId\":15},{\"_typeId\":9,\"_instanceId\":15},null,{\"_typeId\":4,\"_instanceId\":53},{\"_typeId\":4,\"_instanceId\":94},{\"_typeId\":3,\"_instanceId\":540},{\"_typeId\":3,\"_instanceId\":261},{\"_typeId\":3,\"_instanceId\":314},{\"_typeId\":3,\"_instanceId\":502},{\"_typeId\":3,\"_instanceId\":260},{\"_typeId\":3,\"_instanceId\":331},{\"_typeId\":3,\"_instanceId\":358},{\"_typeId\":3,\"_instanceId\":364},{\"_typeId\":3,\"_instanceId\":259},{\"_typeId\":3,\"_instanceId\":397},{\"_typeId\":3,\"_instanceId\":396},{\"_typeId\":3,\"_instanceId\":398},{\"_typeId\":3,\"_instanceId\":399},{\"_typeId\":3,\"_instanceId\":400},{\"_typeId\":3,\"_instanceId\":401},{\"_typeId\":3,\"_instanceId\":248},{\"_typeId\":3,\"_instanceId\":509},{\"_typeId\":3,\"_instanceId\":539},{\"_typeId\":3,\"_instanceId\":541},{\"_typeId\":3,\"_instanceId\":262},{\"_typeId\":4,\"_instanceId\":154},{\"_typeId\":4,\"_instanceId\":120},{\"_typeId\":9,\"_instanceId\":36},{\"_typeId\":4,\"_instanceId\":198},{\"_typeId\":4,\"_instanceId\":199},{\"_typeId\":2,\"_instanceId\":80},{\"_typeId\":2,\"_instanceId\":80},{\"_typeId\":8,\"_instanceId\":42},{\"_typeId\":4,\"_instanceId\":201},{\"_typeId\":8,\"_instanceId\":50},{\"_typeId\":3,\"_instanceId\":874},{\"_typeId\":4,\"_instanceId\":121},{\"_typeId\":4,\"_instanceId\":122},{\"_typeId\":4,\"_instanceId\":104},{\"_typeId\":4,\"_instanceId\":38},null,{\"_typeId\":2,\"_instanceId\":321},{\"_typeId\":3,\"_instanceId\":977},null]}"}}