{"Version":"0.0.0","Data":{"FreeFormStructureLinkerManager":"{\"_nodeLinkersData\":[],\"_builtLinkersData\":[null,{\"_typeId\":4,\"_instanceId\":16},{\"_typeId\":4,\"_instanceId\":15},{\"_typeId\":4,\"_instanceId\":16},{\"_typeId\":4,\"_instanceId\":10},{\"_typeId\":4,\"_instanceId\":8},{\"_typeId\":4,\"_instanceId\":7},{\"_typeId\":4,\"_instanceId\":11},{\"_typeId\":4,\"_instanceId\":3},{\"_typeId\":4,\"_instanceId\":6},{\"_typeId\":4,\"_instanceId\":13},{\"_typeId\":4,\"_instanceId\":7},{\"_typeId\":4,\"_instanceId\":4},{\"_typeId\":4,\"_instanceId\":32},{\"_typeId\":3,\"_instanceId\":36},{\"_typeId\":3,\"_instanceId\":58},{\"_typeId\":3,\"_instanceId\":42},{\"_typeId\":4,\"_instanceId\":13},null,null,{\"_typeId\":3,\"_instanceId\":21},{\"_typeId\":4,\"_instanceId\":33},{\"_typeId\":4,\"_instanceId\":33},{\"_typeId\":4,\"_instanceId\":33},{\"_typeId\":4,\"_instanceId\":6},{\"_typeId\":4,\"_instanceId\":3},{\"_typeId\":4,\"_instanceId\":32},null,null,null,null,null,{\"_typeId\":4,\"_instanceId\":14},null,null,null,null,{\"_typeId\":8,\"_instanceId\":16},{\"_typeId\":8,\"_instanceId\":16},null,null,{\"_typeId\":9,\"_instanceId\":33},{\"_typeId\":2,\"_instanceId\":39}]}"}}