{"Version":"0.0.0","Data":{"FreeFormTreeStructures":"{\"Version\":\"0.0.1\",\"_treeStructureData\":[{\"_locatorId\":\"FDAAD5FF1A5B06002F592500\"},{\"_locatorId\":\"FDAAD5FF1A5B06002F592500\"},{\"_locatorId\":\"FDAAD5FF1A5B06002F592500\"},{\"_locatorId\":\"FDAAD5FF1A5B06002F592500\"},{\"_locatorId\":\"1341D6FF5C610600E6B92500\"},{\"_locatorId\":\"1341D6FF5C610600E6B92500\"},{\"_locatorId\":\"1341D6FF5C610600E6B92500\"},{\"_locatorId\":\"1341D6FF5C610600E6B92500\"},{\"_locatorId\":\"1341D6FF5C610600E6B92500\"}]}"}}