{"Version":"0.0.0","Data":{"PlayerInventory":"{\"Version\":\"0.0.0\",\"QuickSelect\":{\"Version\":\"0.0.0\",\"Slots\":[{\"ItemId\":356,\"Age\":83.13425},{\"ItemId\":443,\"Age\":83.1342545},{\"ItemId\":459,\"Age\":83.1342545},{\"ItemId\":393,\"Age\":83.1342545},{\"ItemId\":425,\"Age\":83.1342545},{\"ItemId\":445,\"Age\":83.1342545},{\"ItemId\":476,\"Age\":83.1342545},{\"ItemId\":449,\"Age\":83.1342545},{\"ItemId\":589,\"Age\":83.1342545}]},\"EquippedItems\":[],\"ItemInstanceManagerData\":{\"Version\":\"0.0.0\",\"ItemBlocks\":[{\"ItemId\":402,\"TotalCount\":1,\"UniqueItems\":[{\"Modules\":[{\"Version\":\"0.0.0\"}]}]},{\"ItemId\":380,\"TotalCount\":1,\"UniqueItems\":[{\"Modules\":[{\"Version\":\"0.0.0\"}]}]},{\"ItemId\":351,\"TotalCount\":1,\"UniqueItems\":[]},{\"ItemId\":552,\"TotalCount\":1,\"UniqueItems\":[]},{\"ItemId\":486,\"TotalCount\":1,\"UniqueItems\":[]},{\"ItemId\":392,\"TotalCount\":13,\"UniqueItems\":[]},{\"ItemId\":393,\"TotalCount\":8,\"UniqueItems\":[]},{\"ItemId\":419,\"TotalCount\":25,\"UniqueItems\":[]},{\"ItemId\":437,\"TotalCount\":1,\"UniqueItems\":[]},{\"ItemId\":363,\"TotalCount\":8,\"UniqueItems\":[]},{\"ItemId\":369,\"TotalCount\":8,\"UniqueItems\":[]},{\"ItemId\":390,\"TotalCount\":600,\"UniqueItems\":[]},{\"ItemId\":416,\"TotalCount\":2,\"UniqueItems\":[]},{\"ItemId\":420,\"TotalCount\":10,\"UniqueItems\":[]},{\"ItemId\":414,\"TotalCount\":2,\"UniqueItems\":[]},{\"ItemId\":412,\"TotalCount\":1,\"UniqueItems\":[]},{\"ItemId\":379,\"TotalCount\":1,\"UniqueItems\":[{\"Modules\":[{\"ChannelWeights\":{\"x\":9.745677E-30,\"y\":9.745677E-30,\"z\":9.745677E-30,\"w\":9.745677E-30},\"Version\":\"0.0.0\"},{\"Version\":\"0.0.0\",\"ModuleId\":8}]}]},{\"ItemId\":589,\"TotalCount\":1,\"UniqueItems\":[]},{\"ItemId\":476,\"TotalCount\":24,\"UniqueItems\":[]},{\"ItemId\":484,\"TotalCount\":281,\"UniqueItems\":[]},{\"ItemId\":445,\"TotalCount\":16,\"UniqueItems\":[]},{\"ItemId\":449,\"TotalCount\":3,\"UniqueItems\":[]},{\"ItemId\":600,\"TotalCount\":1,\"UniqueItems\":[]},{\"ItemId\":453,\"TotalCount\":1,\"UniqueItems\":[]},{\"ItemId\":523,\"TotalCount\":2,\"UniqueItems\":[]},{\"ItemId\":452,\"TotalCount\":6,\"UniqueItems\":[]},{\"ItemId\":606,\"TotalCount\":6,\"UniqueItems\":[]},{\"ItemId\":472,\"TotalCount\":1,\"UniqueItems\":[]},{\"ItemId\":400,\"TotalCount\":2,\"UniqueItems\":[]},{\"ItemId\":450,\"TotalCount\":1,\"UniqueItems\":[]},{\"ItemId\":479,\"TotalCount\":3,\"UniqueItems\":[]},{\"ItemId\":527,\"TotalCount\":3,\"UniqueItems\":[]},{\"ItemId\":410,\"TotalCount\":9,\"UniqueItems\":[]},{\"ItemId\":596,\"TotalCount\":3,\"UniqueItems\":[]},{\"ItemId\":451,\"TotalCount\":1,\"UniqueItems\":[]},{\"ItemId\":471,\"TotalCount\":1,\"UniqueItems\":[{\"Modules\":[{\"RecipeId\":-1,\"CurrentVolume\":40,\"Version\":\"0.0.0\",\"ModuleId\":7}]}]},{\"ItemId\":443,\"TotalCount\":1,\"UniqueItems\":[{\"Modules\":[{\"AmmoType\":507,\"CurrentAmmo\":1,\"WeaponModIds\":[],\"Version\":\"0.0.0\",\"ModuleId\":4}]}]},{\"ItemId\":447,\"TotalCount\":6,\"UniqueItems\":[]},{\"ItemId\":507,\"TotalCount\":4,\"UniqueItems\":[]},{\"ItemId\":446,\"TotalCount\":8,\"UniqueItems\":[]},{\"ItemId\":415,\"TotalCount\":10,\"UniqueItems\":[]},{\"ItemId\":459,\"TotalCount\":1,\"UniqueItems\":[{\"Modules\":[{\"AmmoType\":476,\"CurrentAmmo\":1,\"WeaponModIds\":[],\"Version\":\"0.0.0\",\"ModuleId\":4}]}]},{\"ItemId\":465,\"TotalCount\":3,\"UniqueItems\":[]},{\"ItemId\":604,\"TotalCount\":5,\"UniqueItems\":[]},{\"ItemId\":599,\"TotalCount\":3,\"UniqueItems\":[]},{\"ItemId\":441,\"TotalCount\":2,\"UniqueItems\":[]},{\"ItemId\":439,\"TotalCount\":5,\"UniqueItems\":[]},{\"ItemId\":504,\"TotalCount\":3,\"UniqueItems\":[]},{\"ItemId\":518,\"TotalCount\":1,\"UniqueItems\":[]},{\"ItemId\":418,\"TotalCount\":11,\"UniqueItems\":[]},{\"ItemId\":440,\"TotalCount\":10,\"UniqueItems\":[]},{\"ItemId\":474,\"TotalCount\":5,\"UniqueItems\":[{\"Modules\":[{\"Version\":\"0.0.0\"}]},{\"Modules\":[{\"ChannelWeights\":{\"x\":2.522337E-44,\"y\":2.522337E-44,\"z\":2.522337E-44,\"w\":2.522337E-44},\"Version\":\"0.0.0\"},{\"AmmoType\":474,\"CurrentAmmo\":1,\"WeaponModIds\":[],\"Version\":\"0.0.0\",\"ModuleId\":4}]},{\"Modules\":[{\"Version\":\"0.0.0\"}]},{\"Modules\":[{\"Version\":\"0.0.0\"}]},{\"Modules\":[{\"Version\":\"0.0.0\"},{\"AmmoType\":474,\"CurrentAmmo\":1,\"WeaponModIds\":[],\"Version\":\"0.0.0\",\"ModuleId\":4}]}]},{\"ItemId\":593,\"TotalCount\":2,\"UniqueItems\":[]},{\"ItemId\":403,\"TotalCount\":7,\"UniqueItems\":[]},{\"ItemId\":434,\"TotalCount\":5,\"UniqueItems\":[]},{\"ItemId\":368,\"TotalCount\":4,\"UniqueItems\":[]},{\"ItemId\":542,\"TotalCount\":1,\"UniqueItems\":[]},{\"ItemId\":570,\"TotalCount\":3,\"UniqueItems\":[]},{\"ItemId\":425,\"TotalCount\":3,\"UniqueItems\":[]},{\"ItemId\":569,\"TotalCount\":1,\"UniqueItems\":[]},{\"ItemId\":356,\"TotalCount\":1,\"UniqueItems\":[{\"Modules\":[{\"Version\":\"0.0.0\"},{\"Version\":\"0.0.0\",\"ModuleId\":8}]}]},{\"ItemId\":661,\"TotalCount\":3,\"UniqueItems\":[]},{\"ItemId\":605,\"TotalCount\":2,\"UniqueItems\":[]},{\"ItemId\":595,\"TotalCount\":3,\"UniqueItems\":[]},{\"ItemId\":650,\"TotalCount\":1,\"UniqueItems\":[]},{\"ItemId\":373,\"TotalCount\":1,\"UniqueItems\":[]},{\"ItemId\":381,\"TotalCount\":3,\"UniqueItems\":[]},{\"ItemId\":634,\"TotalCount\":1,\"UniqueItems\":[]},{\"ItemId\":364,\"TotalCount\":6,\"UniqueItems\":[]},{\"ItemId\":362,\"TotalCount\":15,\"UniqueItems\":[]},{\"ItemId\":469,\"TotalCount\":1,\"UniqueItems\":[]},{\"ItemId\":430,\"TotalCount\":2,\"UniqueItems\":[]},{\"ItemId\":613,\"TotalCount\":1,\"UniqueItems\":[]},{\"ItemId\":502,\"TotalCount\":14,\"UniqueItems\":[]},{\"ItemId\":503,\"TotalCount\":1,\"UniqueItems\":[{\"Modules\":[{\"Version\":\"0.0.0\"}]}]},{\"ItemId\":666,\"TotalCount\":1,\"UniqueItems\":[]},{\"ItemId\":662,\"TotalCount\":1,\"UniqueItems\":[]},{\"ItemId\":353,\"TotalCount\":1,\"UniqueItems\":[{\"Modules\":[{\"AmmoType\":369,\"CurrentAmmo\":1,\"WeaponModIds\":[],\"Version\":\"0.0.0\",\"ModuleId\":4}]}]},{\"ItemId\":493,\"TotalCount\":1,\"UniqueItems\":[]},{\"ItemId\":466,\"TotalCount\":1,\"UniqueItems\":[]},{\"ItemId\":444,\"TotalCount\":1,\"UniqueItems\":[{\"Modules\":[{\"RecipeId\":-1,\"CurrentVolume\":871,\"Version\":\"0.0.0\",\"ModuleId\":7}]}]},{\"ItemId\":438,\"TotalCount\":2,\"UniqueItems\":[]},{\"ItemId\":529,\"TotalCount\":1,\"UniqueItems\":[{\"Modules\":[{\"IconIndex\":7,\"Version\":\"0.0.0\",\"ModuleId\":2}]}]},{\"ItemId\":355,\"TotalCount\":1,\"UniqueItems\":[{\"Modules\":[{\"AmmoType\":362,\"CurrentAmmo\":12,\"WeaponModIds\":[],\"Version\":\"0.0.0\",\"ModuleId\":4},{\"Version\":\"0.0.0\"},{\"Version\":\"0.0.0\",\"ModuleId\":8}]}]},{\"ItemId\":635,\"TotalCount\":1,\"UniqueItems\":[]},{\"ItemId\":590,\"TotalCount\":1,\"UniqueItems\":[]},{\"ItemId\":496,\"TotalCount\":1,\"UniqueItems\":[]},{\"ItemId\":517,\"TotalCount\":1,\"UniqueItems\":[{\"Modules\":[{\"RecipeId\":-2010958759,\"CurrentVolume\":500,\"Version\":\"0.0.0\",\"ModuleId\":7}]}]},{\"ItemId\":413,\"TotalCount\":1,\"UniqueItems\":[]}]}}"}}