{"Version":"0.0.0","Data":{"PlayerState":"{\"_entries\":[{\"Name\":\"seenFirstTimeEquip_00000392\",\"BoolValue\":true},{\"Name\":\"GotTutorialTarp\",\"BoolValue\":true},{\"Name\":\"isNewCraftingRecipeTutorial_CraftedSpearRecipe\"},{\"Name\":\"consumed.00000445\",\"SettingType\":1,\"IntValue\":4},{\"Name\":\"isNewItemInInventory_00000483\"},{\"Name\":\"crafted.00000379\",\"SettingType\":1,\"IntValue\":1},{\"Name\":\"crafted.00000412\",\"SettingType\":1,\"IntValue\":1},{\"Name\":\"crafted.00000413\",\"SettingType\":1,\"IntValue\":1},{\"Name\":\"crafted.00000589\",\"SettingType\":1,\"IntValue\":1},{\"Name\":\"isNewCraftingRecipe_StartingEmergencyPackRecipe\"},{\"Name\":\"isNewItemInInventory_00000419\"},{\"Name\":\"isNewItemInInventory_00000393\"},{\"Name\":\"isNewItemInInventory_00000392\"},{\"Name\":\"isNewItemInInventory_00000476\"},{\"Name\":\"isNewItemInInventory_00000380\"},{\"Name\":\"isNewItemInInventory_00000486\"},{\"Name\":\"isNewItemInInventory_00000379\"},{\"Name\":\"crafted.00000474\",\"SettingType\":1,\"IntValue\":3},{\"Name\":\"isNewCraftingRecipe_CraftedSpearRecipe\"},{\"Name\":\"isNewItemInInventory_00000420\"},{\"Name\":\"isNewItemInInventory_00000416\"},{\"Name\":\"InventoryLightsActive\"},{\"Name\":\"seenFirstTimeEquip_00000474\",\"BoolValue\":true},{\"Name\":\"isNewItemInInventory_00000474\"},{\"Name\":\"seenFirstTimeEquip_00000379\",\"BoolValue\":true},{\"Name\":\"ShowMissingTacticalsTutorial\"},{\"Name\":\"seenFirstTimeEquip_00000412\",\"BoolValue\":true},{\"Name\":\"seenFirstTimeEquip_00000413\",\"BoolValue\":true},{\"Name\":\"isNewItemInInventory_00000437\"},{\"Name\":\"consumed.00000437\",\"SettingType\":1,\"IntValue\":18},{\"Name\":\"seenFirstTimeEquip_00000589\",\"BoolValue\":true},{\"Name\":\"hasOwned_00000402\",\"BoolValue\":true},{\"Name\":\"isNewItemInInventory_00000453\"},{\"Name\":\"isNewItemInInventory_00000504\"},{\"Name\":\"isNewItemInInventory_00000402\"},{\"Name\":\"Strength\",\"SettingType\":2,\"FloatValue\":0.9522816},{\"Name\":\"StrengthLevel\",\"SettingType\":1,\"IntValue\":11},{\"Name\":\"CurrentStrength\",\"SettingType\":2,\"FloatValue\":61.7861328},{\"Name\":\"RequiredCurrentStrengthPerLevel\",\"SettingType\":2,\"FloatValue\":6488.2207},{\"Name\":\"MaxHealth\",\"SettingType\":2,\"FloatValue\":120.0},{\"Name\":\"CurrentHealth\",\"SettingType\":2,\"FloatValue\":120.0},{\"Name\":\"TargetHealth\",\"SettingType\":2,\"FloatValue\":110.0},{\"Name\":\"Hydration\",\"SettingType\":2},{\"Name\":\"Fullness\",\"SettingType\":2},{\"Name\":\"Rest\",\"SettingType\":2,\"FloatValue\":57.91676},{\"Name\":\"Stamina\",\"SettingType\":2,\"FloatValue\":39.9999962},{\"Name\":\"HydrationBuff\",\"SettingType\":2,\"FloatValue\":-1.99999428},{\"Name\":\"FullnessBuff\",\"SettingType\":2,\"FloatValue\":-15.4373741},{\"Name\":\"RestBuff\",\"SettingType\":2,\"FloatValue\":-5.00679E-06},{\"Name\":\"player.position\",\"SettingType\":4,\"FloatArrayValue\":[-630.1685,101.608841,519.1561]},{\"Name\":\"player.rotation\",\"SettingType\":4,\"FloatArrayValue\":[0.0,0.813178062,0.0,0.582015038]},{\"Name\":\"player.areaMask\",\"SettingType\":1},{\"Name\":\"consumed.00000433\",\"SettingType\":1,\"IntValue\":20},{\"Name\":\"consumed.00000400\",\"SettingType\":1,\"IntValue\":5},{\"Name\":\"seenFirstTimeEquip_00000476\",\"BoolValue\":true},{\"Name\":\"HasBeenTiredBefore\",\"BoolValue\":true},{\"Name\":\"DoneRemoveStructureElementTutorial\",\"BoolValue\":true},{\"Name\":\"isNewItemInInventory_00000412\"},{\"Name\":\"isNewItemInInventory_00000441\"},{\"Name\":\"isNewItemInInventory_00000439\"},{\"Name\":\"consumed.00000441\",\"SettingType\":1,\"IntValue\":5},{\"Name\":\"TutorialBookPageIndex\",\"SettingType\":1,\"IntValue\":12},{\"Name\":\"SCREWBookLastUsed\"},{\"Name\":\"BlueprintBookPageIndex\",\"SettingType\":1,\"IntValue\":14},{\"Name\":\"isNewItemInInventory_00000433\"},{\"Name\":\"isNewCraftingRecipeTutorial_CraftedArrowsRecipe\"},{\"Name\":\"seenFirstTimeEquip_00000356\",\"BoolValue\":true},{\"Name\":\"isNewItemInInventory_00000356\"},{\"Name\":\"consumed.00000451\",\"SettingType\":1,\"IntValue\":2},{\"Name\":\"isNewItemInInventory_00000484\"},{\"Name\":\"isNewItemInInventory_00000479\"},{\"Name\":\"isNewItemInInventory_00000410\"},{\"Name\":\"isNewItemInInventory_00000452\"},{\"Name\":\"isNewItemInInventory_00000527\"},{\"Name\":\"isNewItemInInventory_00000381\"},{\"Name\":\"isNewItemInInventory_00000523\"},{\"Name\":\"isNewItemInInventory_00000472\"},{\"Name\":\"isNewItemInInventory_00000438\"},{\"Name\":\"isNewItemInInventory_00000589\"},{\"Name\":\"isNewCraftingRecipeTutorial_HealthMixPlusRecipe\"},{\"Name\":\"isNewCraftingRecipeTutorial_HealthMixRecipe\"},{\"Name\":\"seenFirstTimeEquip_00000393\",\"BoolValue\":true},{\"Name\":\"consumed.00000438\",\"SettingType\":1,\"IntValue\":2},{\"Name\":\"isNewItemInInventory_00000413\"},{\"Name\":\"isNewCraftingRecipeTutorial_FlashlightRechargeRecipe\"},{\"Name\":\"isNewItemInInventory_00000471\"},{\"Name\":\"isNewCraftingRecipeTutorial_CraftedAxeRecipe\"},{\"Name\":\"isNewCraftingRecipeTutorial_CraftedBowRecipe\"},{\"Name\":\"isNewCraftingRecipeTutorial_CraftedClubRecipe\"},{\"Name\":\"isNewItemInInventory_00000403\"},{\"Name\":\"crafted.00000443\",\"SettingType\":1,\"IntValue\":1},{\"Name\":\"isNewCraftingRecipe_CraftedBowRecipe\"},{\"Name\":\"seenFirstTimeEquip_00000443\",\"BoolValue\":true},{\"Name\":\"isNewItemInInventory_00000443\"},{\"Name\":\"isNewItemInInventory_00000390\"},{\"Name\":\"isNewItemInInventory_00000414\"},{\"Name\":\"isNewItemInInventory_00000363\"},{\"Name\":\"isNewItemInInventory_00000430\"},{\"Name\":\"crafted.00000507\",\"SettingType\":1,\"IntValue\":16},{\"Name\":\"isNewCraftingRecipe_CraftedArrowsRecipe\"},{\"Name\":\"isNewItemInInventory_00000450\"},{\"Name\":\"isNewItemInInventory_00000445\"},{\"Name\":\"isNewItemInInventory_00000449\"},{\"Name\":\"isNewItemInInventory_00000529\"},{\"Name\":\"isNewItemInInventory_00000440\"},{\"Name\":\"isNewCraftingRecipeTutorial_DeerHideArmourRecipe\"},{\"Name\":\"isNewCraftingRecipeTutorial_LeafArmourRecipe\"},{\"Name\":\"isNewCraftingRecipeTutorial_MolotovRecipe\"},{\"Name\":\"isNewCraftingRecipeTutorial_TorchRecipe\"},{\"Name\":\"seenFirstTimeEquip_00000459\",\"BoolValue\":true},{\"Name\":\"isNewCraftingRecipeTutorial_EnergyMixPlusRecipe\"},{\"Name\":\"consumed.00000465\",\"SettingType\":1,\"IntValue\":2},{\"Name\":\"isNewItemInInventory_00000596\"},{\"Name\":\"isNewItemInInventory_00000451\"},{\"Name\":\"isNewItemInInventory_00000496\"},{\"Name\":\"isNewItemInInventory_00000369\"},{\"Name\":\"isNewItemInInventory_00000459\"},{\"Name\":\"isNewItemInInventory_00000415\"},{\"Name\":\"isNewItemInInventory_00000465\"},{\"Name\":\"isNewItemInInventory_00000606\"},{\"Name\":\"isNewItemInInventory_00000446\"},{\"Name\":\"isNewItemInInventory_00000400\"},{\"Name\":\"isNewItemInInventory_00000600\"},{\"Name\":\"isNewItemInInventory_00000495\"},{\"Name\":\"seenFirstTimeEquip_00000380\",\"BoolValue\":true},{\"Name\":\"isNewItemInInventory_00000482\"},{\"Name\":\"isNewItemInInventory_00000447\"},{\"Name\":\"isNewItemInInventory_00000508\"},{\"Name\":\"ShowMissingPufftonsTutorial\"},{\"Name\":\"crafted.00000419\",\"SettingType\":1,\"IntValue\":5},{\"Name\":\"crafted.00000441\",\"SettingType\":1,\"IntValue\":1},{\"Name\":\"isNewCraftingRecipe_LootPouchRecipe\"},{\"Name\":\"isNewItemInInventory_00000405\"},{\"Name\":\"isNewItemInInventory_00000599\"},{\"Name\":\"consumed.00000447\",\"SettingType\":1,\"IntValue\":10},{\"Name\":\"isNewItemInInventory_00000418\"},{\"Name\":\"consumed.00000481\",\"SettingType\":1,\"IntValue\":10},{\"Name\":\"consumed.00000594\",\"SettingType\":1,\"IntValue\":1},{\"Name\":\"isNewItemInInventory_00000518\"},{\"Name\":\"isNewCraftingRecipeTutorial_BoneArmourRecipe\"},{\"Name\":\"isNewItemInInventory_00000434\"},{\"Name\":\"crafted.00000410\",\"SettingType\":1,\"IntValue\":1},{\"Name\":\"crafted.00000479\",\"SettingType\":1,\"IntValue\":1},{\"Name\":\"crafted.00000437\",\"SettingType\":1,\"IntValue\":3},{\"Name\":\"consumed.00000439\",\"SettingType\":1,\"IntValue\":5},{\"Name\":\"isNewItemInInventory_00000570\"},{\"Name\":\"isNewItemInInventory_00000571\"},{\"Name\":\"consumed.00000571\",\"SettingType\":1,\"IntValue\":3},{\"Name\":\"isNewItemInInventory_00000466\"},{\"Name\":\"consumed.00000466\",\"SettingType\":1,\"IntValue\":2},{\"Name\":\"isNewItemInInventory_00000569\"},{\"Name\":\"isNewItemInInventory_00000425\"},{\"Name\":\"isNewItemInInventory_00000421\"},{\"Name\":\"consumed.00000421\",\"SettingType\":1,\"IntValue\":2},{\"Name\":\"crafted.00000418\",\"SettingType\":1,\"IntValue\":2},{\"Name\":\"consumed.00000436\",\"SettingType\":1,\"IntValue\":3},{\"Name\":\"isNewItemInInventory_00000436\"},{\"Name\":\"isNewItemInInventory_00000368\"},{\"Name\":\"isNewItemInInventory_00000661\"},{\"Name\":\"isNewItemInInventory_00000507\"},{\"Name\":\"PointOfInterestFound_Bunker Entertainment\",\"BoolValue\":true},{\"Name\":\"seenFirstTimeEquip_00000486\",\"BoolValue\":true},{\"Name\":\"seenFirstTimeEquip_00000471\",\"BoolValue\":true},{\"Name\":\"isNewItemInInventory_00000364\"},{\"Name\":\"isNewItemInInventory_00000362\"},{\"Name\":\"DoneBuildFireTutorial\",\"BoolValue\":true},{\"Name\":\"isNewCraftingRecipeTutorial_TimeBombRecipe\"},{\"Name\":\"isNewItemInInventory_00000595\"},{\"Name\":\"isNewItemInInventory_00000650\"},{\"Name\":\"isNewItemInInventory_00000634\"},{\"Name\":\"isNewItemInInventory_00000373\"},{\"Name\":\"crafted.00000503\",\"SettingType\":1,\"IntValue\":1},{\"Name\":\"isNewCraftingRecipe_TorchRecipe\"},{\"Name\":\"TorchWasLit\"},{\"Name\":\"DiscoverablePageUnlocked_666\",\"BoolValue\":true},{\"Name\":\"seenFirstTimeEquip_00000662\",\"BoolValue\":true},{\"Name\":\"seenFirstTimeEquip_00000353\",\"BoolValue\":true},{\"Name\":\"isNewItemInInventory_00000503\"},{\"Name\":\"isNewItemInInventory_00000353\"},{\"Name\":\"hasOwned_00000495\",\"BoolValue\":true},{\"Name\":\"crafted.00000502\",\"SettingType\":1,\"IntValue\":1},{\"Name\":\"crafted.00000466\",\"SettingType\":1,\"IntValue\":1},{\"Name\":\"hasOwned_00000493\",\"BoolValue\":true},{\"Name\":\"isNewItemInInventory_00000493\"},{\"Name\":\"consumed.00000480\",\"SettingType\":1,\"IntValue\":6},{\"Name\":\"hasOwned_00000444\",\"BoolValue\":true},{\"Name\":\"seenFirstTimeEquip_00000444\",\"BoolValue\":true},{\"Name\":\"isNewItemInInventory_00000480\"},{\"Name\":\"isNewItemInInventory_00000444\"},{\"Name\":\"isNewItemInInventory_00000469\"},{\"Name\":\"seenFirstTimeEquip_00000355\",\"BoolValue\":true},{\"Name\":\"isNewItemInInventory_00000502\"},{\"Name\":\"crafted.00000415\",\"SettingType\":1,\"IntValue\":2},{\"Name\":\"crafted.00000446\",\"SettingType\":1,\"IntValue\":1},{\"Name\":\"crafted.00000496\",\"SettingType\":1,\"IntValue\":1},{\"Name\":\"crafted.00000439\",\"SettingType\":1,\"IntValue\":1},{\"Name\":\"isNewItemInInventory_00000590\"},{\"Name\":\"isNewItemInInventory_00000481\"},{\"Name\":\"CookingBuffTimeRemaining\",\"SettingType\":2,\"FloatValue\":-0.144029409},{\"Name\":\"CookingBuffRecipe\",\"SettingType\":1,\"IntValue\":-1},{\"Name\":\"isNewItemInInventory_00000593\"},{\"Name\":\"isNewItemInInventory_00000517\"},{\"Name\":\"consumed.00000517\",\"SettingType\":1,\"IntValue\":6},{\"Name\":\"isNewItemInInventory_00000662\"},{\"Name\":\"isNewItemInInventory_00000355\"},{\"Name\":\"crafted.00000426\",\"SettingType\":1,\"IntValue\":2},{\"Name\":\"crafted.00000553\",\"SettingType\":1,\"IntValue\":7},{\"Name\":\"crafted.00000391\",\"SettingType\":1,\"IntValue\":2},{\"Name\":\"crafted.00000657\",\"SettingType\":1,\"IntValue\":1},{\"Name\":\"crafted.00000560\",\"SettingType\":1,\"IntValue\":2},{\"Name\":\"crafted.00000618\",\"SettingType\":1,\"IntValue\":5}],\"NamedInts\":[{\"SaveObjectNameId\":\"BunkerLuxury.Cutscene.MutantBossIntro\"},{\"SaveObjectNameId\":\"BunkerResidential.Cutscene.GetDownSon\"}]}"}}