{"Version":"0.0.0","Data":{"ScrewStructureInstances":"{\"_structures\":[{\"Id\":42,\"Pos\":{\"x\":-638.0624,\"y\":94.1861649,\"z\":573.180847},\"Rot\":{\"x\":0.00101270806,\"y\":-0.7493206,\"z\":0.0163687766,\"w\":0.662004232},\"Storages\":[]},{\"Id\":49,\"Pos\":{\"x\":-622.1538,\"y\":94.6777954,\"z\":569.40564},\"Rot\":{\"y\":0.7208012,\"w\":-0.6931419},\"Storages\":[{\"Version\":\"0.0.0\",\"ItemBlocks\":[{\"ItemId\":496,\"TotalCount\":96,\"UniqueItems\":[]}]},{\"Version\":\"0.0.0\",\"ItemBlocks\":[{\"ItemId\":418,\"TotalCount\":8,\"UniqueItems\":[]}]},{\"Version\":\"0.0.0\",\"ItemBlocks\":[{\"ItemId\":403,\"TotalCount\":8,\"UniqueItems\":[]}]},{\"Version\":\"0.0.0\",\"ItemBlocks\":[{\"ItemId\":420,\"TotalCount\":3,\"UniqueItems\":[]}]},{\"Version\":\"0.0.0\",\"ItemBlocks\":[{\"ItemId\":476,\"TotalCount\":15,\"UniqueItems\":[]}]},{\"Version\":\"0.0.0\",\"ItemBlocks\":[{\"ItemId\":504,\"TotalCount\":4,\"UniqueItems\":[]}]},{\"Version\":\"0.0.0\",\"ItemBlocks\":[{\"ItemId\":439,\"TotalCount\":10,\"UniqueItems\":[]}]},{\"Version\":\"0.0.0\",\"ItemBlocks\":[{\"ItemId\":502,\"TotalCount\":5,\"UniqueItems\":[]}]},{\"Version\":\"0.0.0\",\"ItemBlocks\":[{\"ItemId\":527,\"TotalCount\":2,\"UniqueItems\":[]}]},{\"Version\":\"0.0.0\",\"ItemBlocks\":[{\"ItemId\":419,\"TotalCount\":7,\"UniqueItems\":[]},{\"ItemId\":440,\"TotalCount\":10,\"UniqueItems\":[]}]},{\"Version\":\"0.0.0\",\"ItemBlocks\":[{\"ItemId\":415,\"TotalCount\":7,\"UniqueItems\":[]},{\"ItemId\":420,\"TotalCount\":5,\"UniqueItems\":[]}]},{\"Version\":\"0.0.0\",\"ItemBlocks\":[{\"ItemId\":410,\"TotalCount\":1,\"UniqueItems\":[]},{\"ItemId\":414,\"TotalCount\":6,\"UniqueItems\":[]}]}]},{\"Id\":49,\"Pos\":{\"x\":-622.242859,\"y\":94.67807,\"z\":571.125},\"Rot\":{\"y\":-0.7349682,\"w\":0.6781016},\"Storages\":[{\"Version\":\"0.0.0\",\"ItemBlocks\":[{\"ItemId\":369,\"TotalCount\":20,\"UniqueItems\":[]}]},{\"Version\":\"0.0.0\",\"ItemBlocks\":[{\"ItemId\":418,\"TotalCount\":12,\"UniqueItems\":[]}]},{\"Version\":\"0.0.0\",\"ItemBlocks\":[]},{\"Version\":\"0.0.0\",\"ItemBlocks\":[{\"ItemId\":419,\"TotalCount\":10,\"UniqueItems\":[]}]},{\"Version\":\"0.0.0\",\"ItemBlocks\":[{\"ItemId\":635,\"TotalCount\":2,\"UniqueItems\":[]}]},{\"Version\":\"0.0.0\",\"ItemBlocks\":[{\"ItemId\":504,\"TotalCount\":4,\"UniqueItems\":[]}]},{\"Version\":\"0.0.0\",\"ItemBlocks\":[{\"ItemId\":414,\"TotalCount\":6,\"UniqueItems\":[]}]},{\"Version\":\"0.0.0\",\"ItemBlocks\":[{\"ItemId\":414,\"TotalCount\":6,\"UniqueItems\":[]}]},{\"Version\":\"0.0.0\",\"ItemBlocks\":[{\"ItemId\":502,\"TotalCount\":97,\"UniqueItems\":[]}]},{\"Version\":\"0.0.0\",\"ItemBlocks\":[{\"ItemId\":504,\"TotalCount\":1,\"UniqueItems\":[]}]},{\"Version\":\"0.0.0\",\"ItemBlocks\":[{\"ItemId\":418,\"TotalCount\":12,\"UniqueItems\":[]}]},{\"Version\":\"0.0.0\",\"ItemBlocks\":[{\"ItemId\":410,\"TotalCount\":10,\"UniqueItems\":[]}]}]},{\"Id\":49,\"Pos\":{\"x\":-620.85144,\"y\":94.67932,\"z\":568.814636},\"Rot\":{\"y\":-0.043453116,\"w\":0.9990555},\"Storages\":[{\"Version\":\"0.0.0\",\"ItemBlocks\":[{\"ItemId\":420,\"TotalCount\":3,\"UniqueItems\":[]}]},{\"Version\":\"0.0.0\",\"ItemBlocks\":[{\"ItemId\":403,\"TotalCount\":8,\"UniqueItems\":[]}]},{\"Version\":\"0.0.0\",\"ItemBlocks\":[{\"ItemId\":479,\"TotalCount\":3,\"UniqueItems\":[]}]},{\"Version\":\"0.0.0\",\"ItemBlocks\":[{\"ItemId\":363,\"TotalCount\":25,\"UniqueItems\":[]}]},{\"Version\":\"0.0.0\",\"ItemBlocks\":[{\"ItemId\":438,\"TotalCount\":6,\"UniqueItems\":[]}]},{\"Version\":\"0.0.0\",\"ItemBlocks\":[{\"ItemId\":420,\"TotalCount\":3,\"UniqueItems\":[]}]},{\"Version\":\"0.0.0\",\"ItemBlocks\":[{\"ItemId\":527,\"TotalCount\":6,\"UniqueItems\":[]}]},{\"Version\":\"0.0.0\",\"ItemBlocks\":[{\"ItemId\":420,\"TotalCount\":3,\"UniqueItems\":[]}]},{\"Version\":\"0.0.0\",\"ItemBlocks\":[{\"ItemId\":414,\"TotalCount\":6,\"UniqueItems\":[]}]},{\"Version\":\"0.0.0\",\"ItemBlocks\":[{\"ItemId\":523,\"TotalCount\":4,\"UniqueItems\":[]}]},{\"Version\":\"0.0.0\",\"ItemBlocks\":[{\"ItemId\":434,\"TotalCount\":6,\"UniqueItems\":[]}]},{\"Version\":\"0.0.0\",\"ItemBlocks\":[{\"ItemId\":504,\"TotalCount\":2,\"UniqueItems\":[]}]}]},{\"Id\":49,\"Pos\":{\"x\":-619.1583,\"y\":94.6796646,\"z\":569.0029},\"Rot\":{\"y\":-0.043453116,\"w\":0.9990555},\"Storages\":[{\"Version\":\"0.0.0\",\"ItemBlocks\":[]},{\"Version\":\"0.0.0\",\"ItemBlocks\":[]},{\"Version\":\"0.0.0\",\"ItemBlocks\":[{\"ItemId\":410,\"TotalCount\":10,\"UniqueItems\":[]}]},{\"Version\":\"0.0.0\",\"ItemBlocks\":[{\"ItemId\":496,\"TotalCount\":62,\"UniqueItems\":[]}]},{\"Version\":\"0.0.0\",\"ItemBlocks\":[{\"ItemId\":466,\"TotalCount\":5,\"UniqueItems\":[]}]},{\"Version\":\"0.0.0\",\"ItemBlocks\":[{\"ItemId\":363,\"TotalCount\":15,\"UniqueItems\":[]}]},{\"Version\":\"0.0.0\",\"ItemBlocks\":[{\"ItemId\":364,\"TotalCount\":37,\"UniqueItems\":[]}]},{\"Version\":\"0.0.0\",\"ItemBlocks\":[{\"ItemId\":369,\"TotalCount\":7,\"UniqueItems\":[]}]},{\"Version\":\"0.0.0\",\"ItemBlocks\":[{\"ItemId\":414,\"TotalCount\":6,\"UniqueItems\":[]}]},{\"Version\":\"0.0.0\",\"ItemBlocks\":[{\"ItemId\":420,\"TotalCount\":3,\"UniqueItems\":[]}]},{\"Version\":\"0.0.0\",\"ItemBlocks\":[{\"ItemId\":434,\"TotalCount\":6,\"UniqueItems\":[]}]},{\"Version\":\"0.0.0\",\"ItemBlocks\":[{\"ItemId\":368,\"TotalCount\":7,\"UniqueItems\":[]}]}]},{\"Id\":49,\"Pos\":{\"x\":-617.477051,\"y\":94.6796646,\"z\":569.1211},\"Rot\":{\"y\":-0.043453116,\"w\":0.9990555},\"Storages\":[{\"Version\":\"0.0.0\",\"ItemBlocks\":[{\"ItemId\":439,\"TotalCount\":10,\"UniqueItems\":[]}]},{\"Version\":\"0.0.0\",\"ItemBlocks\":[{\"ItemId\":403,\"TotalCount\":8,\"UniqueItems\":[]}]},{\"Version\":\"0.0.0\",\"ItemBlocks\":[{\"ItemId\":403,\"TotalCount\":8,\"UniqueItems\":[]}]},{\"Version\":\"0.0.0\",\"ItemBlocks\":[{\"ItemId\":440,\"TotalCount\":10,\"UniqueItems\":[]}]},{\"Version\":\"0.0.0\",\"ItemBlocks\":[{\"ItemId\":420,\"TotalCount\":3,\"UniqueItems\":[]}]},{\"Version\":\"0.0.0\",\"ItemBlocks\":[{\"ItemId\":502,\"TotalCount\":100,\"UniqueItems\":[]}]},{\"Version\":\"0.0.0\",\"ItemBlocks\":[{\"ItemId\":373,\"TotalCount\":3,\"UniqueItems\":[]}]},{\"Version\":\"0.0.0\",\"ItemBlocks\":[{\"ItemId\":403,\"TotalCount\":8,\"UniqueItems\":[]}]},{\"Version\":\"0.0.0\",\"ItemBlocks\":[{\"ItemId\":403,\"TotalCount\":8,\"UniqueItems\":[]}]},{\"Version\":\"0.0.0\",\"ItemBlocks\":[{\"ItemId\":420,\"TotalCount\":3,\"UniqueItems\":[]}]},{\"Version\":\"0.0.0\",\"ItemBlocks\":[{\"ItemId\":420,\"TotalCount\":3,\"UniqueItems\":[]}]},{\"Version\":\"0.0.0\",\"ItemBlocks\":[{\"ItemId\":420,\"TotalCount\":3,\"UniqueItems\":[]}]}]},{\"Id\":49,\"Pos\":{\"x\":-615.7508,\"y\":94.67954,\"z\":569.2388},\"Rot\":{\"w\":1.0},\"Storages\":[{\"Version\":\"0.0.0\",\"ItemBlocks\":[{\"ItemId\":368,\"TotalCount\":12,\"UniqueItems\":[]}]},{\"Version\":\"0.0.0\",\"ItemBlocks\":[{\"ItemId\":434,\"TotalCount\":6,\"UniqueItems\":[]}]},{\"Version\":\"0.0.0\",\"ItemBlocks\":[{\"ItemId\":414,\"TotalCount\":6,\"UniqueItems\":[]}]},{\"Version\":\"0.0.0\",\"ItemBlocks\":[{\"ItemId\":635,\"TotalCount\":8,\"UniqueItems\":[]}]},{\"Version\":\"0.0.0\",\"ItemBlocks\":[]},{\"Version\":\"0.0.0\",\"ItemBlocks\":[{\"ItemId\":504,\"TotalCount\":4,\"UniqueItems\":[]}]},{\"Version\":\"0.0.0\",\"ItemBlocks\":[{\"ItemId\":527,\"TotalCount\":4,\"UniqueItems\":[]}]},{\"Version\":\"0.0.0\",\"ItemBlocks\":[{\"ItemId\":363,\"TotalCount\":28,\"UniqueItems\":[]}]},{\"Version\":\"0.0.0\",\"ItemBlocks\":[{\"ItemId\":403,\"TotalCount\":8,\"UniqueItems\":[]}]},{\"Version\":\"0.0.0\",\"ItemBlocks\":[{\"ItemId\":523,\"TotalCount\":4,\"UniqueItems\":[]}]},{\"Version\":\"0.0.0\",\"ItemBlocks\":[{\"ItemId\":504,\"TotalCount\":1,\"UniqueItems\":[]}]},{\"Version\":\"0.0.0\",\"ItemBlocks\":[{\"ItemId\":420,\"TotalCount\":3,\"UniqueItems\":[]}]}]},{\"Id\":75,\"Pos\":{\"x\":-618.690857,\"y\":94.6796,\"z\":572.869934},\"Rot\":{\"w\":1.0},\"Storages\":[]},{\"Id\":49,\"Pos\":{\"x\":-614.1841,\"y\":94.67954,\"z\":569.903564},\"Rot\":{\"y\":0.702117145,\"w\":0.712061465},\"Storages\":[{\"Version\":\"0.0.0\",\"ItemBlocks\":[{\"ItemId\":420,\"TotalCount\":3,\"UniqueItems\":[]}]},{\"Version\":\"0.0.0\",\"ItemBlocks\":[]},{\"Version\":\"0.0.0\",\"ItemBlocks\":[{\"ItemId\":479,\"TotalCount\":26,\"UniqueItems\":[]}]},{\"Version\":\"0.0.0\",\"ItemBlocks\":[{\"ItemId\":419,\"TotalCount\":10,\"UniqueItems\":[]}]},{\"Version\":\"0.0.0\",\"ItemBlocks\":[{\"ItemId\":440,\"TotalCount\":10,\"UniqueItems\":[]}]},{\"Version\":\"0.0.0\",\"ItemBlocks\":[{\"ItemId\":381,\"TotalCount\":5,\"UniqueItems\":[]}]},{\"Version\":\"0.0.0\",\"ItemBlocks\":[{\"ItemId\":420,\"TotalCount\":3,\"UniqueItems\":[]}]},{\"Version\":\"0.0.0\",\"ItemBlocks\":[{\"ItemId\":420,\"TotalCount\":3,\"UniqueItems\":[]}]},{\"Version\":\"0.0.0\",\"ItemBlocks\":[{\"ItemId\":419,\"TotalCount\":10,\"UniqueItems\":[]}]},{\"Version\":\"0.0.0\",\"ItemBlocks\":[{\"ItemId\":415,\"TotalCount\":20,\"UniqueItems\":[]}]},{\"Version\":\"0.0.0\",\"ItemBlocks\":[{\"ItemId\":414,\"TotalCount\":6,\"UniqueItems\":[]}]},{\"Version\":\"0.0.0\",\"ItemBlocks\":[{\"ItemId\":418,\"TotalCount\":3,\"UniqueItems\":[]}]}]},{\"Id\":49,\"Pos\":{\"x\":-617.2264,\"y\":94.67854,\"z\":577.186},\"Rot\":{\"y\":0.999661,\"w\":0.0260355417},\"Storages\":[{\"Version\":\"0.0.0\",\"ItemBlocks\":[{\"ItemId\":466,\"TotalCount\":5,\"UniqueItems\":[]}]},{\"Version\":\"0.0.0\",\"ItemBlocks\":[{\"ItemId\":373,\"TotalCount\":9,\"UniqueItems\":[]}]},{\"Version\":\"0.0.0\",\"ItemBlocks\":[{\"ItemId\":434,\"TotalCount\":5,\"UniqueItems\":[]}]},{\"Version\":\"0.0.0\",\"ItemBlocks\":[{\"ItemId\":419,\"TotalCount\":10,\"UniqueItems\":[]}]},{\"Version\":\"0.0.0\",\"ItemBlocks\":[{\"ItemId\":466,\"TotalCount\":2,\"UniqueItems\":[]}]},{\"Version\":\"0.0.0\",\"ItemBlocks\":[]},{\"Version\":\"0.0.0\",\"ItemBlocks\":[{\"ItemId\":504,\"TotalCount\":3,\"UniqueItems\":[]}]},{\"Version\":\"0.0.0\",\"ItemBlocks\":[{\"ItemId\":553,\"TotalCount\":1,\"UniqueItems\":[]}]},{\"Version\":\"0.0.0\",\"ItemBlocks\":[{\"ItemId\":504,\"TotalCount\":4,\"UniqueItems\":[]}]},{\"Version\":\"0.0.0\",\"ItemBlocks\":[{\"ItemId\":410,\"TotalCount\":4,\"UniqueItems\":[]}]},{\"Version\":\"0.0.0\",\"ItemBlocks\":[{\"ItemId\":434,\"TotalCount\":3,\"UniqueItems\":[]}]},{\"Version\":\"0.0.0\",\"ItemBlocks\":[{\"ItemId\":439,\"TotalCount\":1,\"UniqueItems\":[]}]}]},{\"Id\":31,\"Pos\":{\"x\":-621.9203,\"y\":94.67822,\"z\":567.563},\"Rot\":{\"y\":0.997799158,\"w\":0.06630888},\"Storages\":[{\"Version\":\"0.0.0\",\"ItemBlocks\":[{\"ItemId\":393,\"TotalCount\":8,\"UniqueItems\":[]}]}]},{\"Id\":53,\"Pos\":{\"x\":-615.3087,\"y\":97.19894,\"z\":578.1821},\"Rot\":{\"y\":-0.033012,\"w\":0.999455},\"Storages\":[]},{\"Id\":54,\"Pos\":{\"x\":-618.6733,\"y\":96.8845749,\"z\":572.9987},\"Rot\":{\"y\":0.648009062,\"w\":0.7616326},\"Storages\":[]},{\"Id\":53,\"Pos\":{\"x\":-623.4712,\"y\":97.0118942,\"z\":576.2826},\"Rot\":{\"y\":-0.7290408,\"w\":0.684470236},\"Storages\":[]},{\"Id\":25,\"Pos\":{\"x\":-618.631958,\"y\":94.67885,\"z\":571.2333},\"Rot\":{\"y\":0.01716807,\"w\":-0.999852657},\"Storages\":[]},{\"Id\":56,\"Pos\":{\"x\":-607.4953,\"y\":93.75961,\"z\":583.0651},\"Rot\":{\"y\":0.999999762,\"w\":-0.000738306844},\"Storages\":[]},{\"Id\":50,\"Pos\":{\"x\":-614.4644,\"y\":93.9159,\"z\":575.5014},\"Rot\":{\"x\":-0.0689490139,\"y\":-0.637130737,\"z\":0.0209589489,\"w\":0.767379463},\"Storages\":[]},{\"Id\":50,\"Pos\":{\"x\":-616.5543,\"y\":94.10193,\"z\":575.880859},\"Rot\":{\"x\":-0.07232381,\"y\":-0.6372876,\"z\":0.0121860495,\"w\":0.767127931},\"Storages\":[]},{\"Id\":32,\"Pos\":{\"x\":-619.2719,\"y\":94.6791,\"z\":567.780151},\"Rot\":{\"y\":0.019405013,\"w\":-0.9998117},\"Storages\":[{\"Version\":\"0.0.0\",\"ItemBlocks\":[{\"ItemId\":405,\"TotalCount\":50,\"UniqueItems\":[]}]}]},{\"Id\":32,\"Pos\":{\"x\":-619.251038,\"y\":94.67824,\"z\":566.9046},\"Rot\":{\"y\":0.019405013,\"w\":-0.9998117},\"Storages\":[{\"Version\":\"0.0.0\",\"ItemBlocks\":[{\"ItemId\":405,\"TotalCount\":50,\"UniqueItems\":[]}]}]},{\"Id\":32,\"Pos\":{\"x\":-618.5773,\"y\":94.67907,\"z\":567.7872},\"Rot\":{\"y\":-0.00139125937,\"w\":-0.999999046},\"Storages\":[{\"Version\":\"0.0.0\",\"ItemBlocks\":[{\"ItemId\":405,\"TotalCount\":42,\"UniqueItems\":[]}]}]},{\"Id\":20,\"Pos\":{\"x\":-617.0415,\"y\":94.6798,\"z\":573.0538},\"Rot\":{\"y\":-0.7360922,\"w\":0.676881254},\"Storages\":[]},{\"Id\":20,\"Pos\":{\"x\":-617.546936,\"y\":94.6797943,\"z\":574.1589},\"Rot\":{\"y\":-0.923033,\"w\":0.384720773},\"Storages\":[]},{\"Id\":29,\"Pos\":{\"x\":-620.615967,\"y\":94.6789856,\"z\":567.7278},\"Rot\":{\"y\":0.999029338,\"w\":0.0440495051},\"Storages\":[{\"Version\":\"0.0.0\",\"ItemBlocks\":[{\"ItemId\":392,\"TotalCount\":5,\"UniqueItems\":[]}]}]},{\"Id\":27,\"Pos\":{\"x\":-629.44,\"y\":93.78259,\"z\":572.205261},\"Rot\":{\"y\":0.5675717,\"w\":-0.823323965},\"Storages\":[{\"Version\":\"0.0.0\",\"ItemBlocks\":[{\"ItemId\":436,\"TotalCount\":2,\"UniqueItems\":[{\"Modules\":[{\"CurrentState\":4,\"TimeRemainingInState\":172800.0,\"PauseDecay\":true,\"Version\":\"0.0.0\",\"ModuleId\":3}]},{\"Modules\":[{\"CurrentState\":4,\"TimeRemainingInState\":172800.0,\"PauseDecay\":true,\"Version\":\"0.0.0\",\"ModuleId\":3}]}]},{\"ItemId\":481,\"TotalCount\":2,\"UniqueItems\":[{\"Modules\":[{\"Version\":\"0.0.0\"},{\"SourceActorType\":25,\"Version\":\"0.0.0\",\"ModuleId\":1},{\"CurrentState\":4,\"TimeRemainingInState\":172800.0,\"PauseDecay\":true,\"Version\":\"0.0.0\",\"ModuleId\":3}]},{\"Modules\":[{\"Version\":\"0.0.0\"},{\"SourceActorType\":25,\"Version\":\"0.0.0\",\"ModuleId\":1},{\"CurrentState\":4,\"TimeRemainingInState\":172800.0,\"PauseDecay\":true,\"Version\":\"0.0.0\",\"ModuleId\":3}]}]}]}]},{\"Id\":35,\"Pos\":{\"x\":-604.1276,\"y\":91.4687042,\"z\":608.6888},\"Rot\":{\"x\":-0.0679222047,\"z\":-0.136461928,\"w\":0.9883141},\"Storages\":[{\"Version\":\"0.0.0\",\"ItemBlocks\":[{\"ItemId\":436,\"TotalCount\":5,\"UniqueItems\":[{\"Modules\":[{\"CurrentState\":1,\"TimeRemainingInState\":86400.0,\"PauseDecay\":true,\"Version\":\"0.0.0\",\"ModuleId\":3}]},{\"Modules\":[{\"CurrentState\":1,\"TimeRemainingInState\":86400.0,\"PauseDecay\":true,\"Version\":\"0.0.0\",\"ModuleId\":3}]},{\"Modules\":[{\"CurrentState\":1,\"TimeRemainingInState\":86400.0,\"PauseDecay\":true,\"Version\":\"0.0.0\",\"ModuleId\":3}]},{\"Modules\":[{\"CurrentState\":1,\"TimeRemainingInState\":86400.0,\"PauseDecay\":true,\"Version\":\"0.0.0\",\"ModuleId\":3}]},{\"Modules\":[{\"CurrentState\":1,\"TimeRemainingInState\":86400.0,\"PauseDecay\":true,\"Version\":\"0.0.0\",\"ModuleId\":3}]}]}]}]},{\"Id\":35,\"Pos\":{\"x\":-602.8901,\"y\":91.14645,\"z\":608.6731},\"Rot\":{\"x\":-0.068967104,\"z\":-0.114534639,\"w\":0.9910224},\"Storages\":[{\"Version\":\"0.0.0\",\"ItemBlocks\":[{\"ItemId\":436,\"TotalCount\":5,\"UniqueItems\":[{\"Modules\":[{\"CurrentState\":1,\"TimeRemainingInState\":86400.0,\"PauseDecay\":true,\"Version\":\"0.0.0\",\"ModuleId\":3}]},{\"Modules\":[{\"CurrentState\":1,\"TimeRemainingInState\":86400.0,\"PauseDecay\":true,\"Version\":\"0.0.0\",\"ModuleId\":3}]},{\"Modules\":[{\"CurrentState\":1,\"TimeRemainingInState\":86400.0,\"PauseDecay\":true,\"Version\":\"0.0.0\",\"ModuleId\":3}]},{\"Modules\":[{\"CurrentState\":1,\"TimeRemainingInState\":86400.0,\"PauseDecay\":true,\"Version\":\"0.0.0\",\"ModuleId\":3}]},{\"Modules\":[{\"CurrentState\":1,\"TimeRemainingInState\":86400.0,\"PauseDecay\":true,\"Version\":\"0.0.0\",\"ModuleId\":3}]}]}]}]},{\"Id\":22,\"Pos\":{\"x\":-622.008545,\"y\":94.67843,\"z\":572.988342},\"Rot\":{\"w\":1.0},\"Storages\":[]},{\"Id\":35,\"Pos\":{\"x\":-605.2772,\"y\":91.8068,\"z\":608.5472},\"Rot\":{\"x\":-0.0563254245,\"z\":-0.1578351,\"w\":0.9858578},\"Storages\":[{\"Version\":\"0.0.0\",\"ItemBlocks\":[{\"ItemId\":436,\"TotalCount\":5,\"UniqueItems\":[{\"Modules\":[{\"CurrentState\":1,\"TimeRemainingInState\":86400.0,\"PauseDecay\":true,\"Version\":\"0.0.0\",\"ModuleId\":3}]},{\"Modules\":[{\"CurrentState\":1,\"TimeRemainingInState\":86400.0,\"PauseDecay\":true,\"Version\":\"0.0.0\",\"ModuleId\":3}]},{\"Modules\":[{\"CurrentState\":1,\"TimeRemainingInState\":86400.0,\"PauseDecay\":true,\"Version\":\"0.0.0\",\"ModuleId\":3}]},{\"Modules\":[{\"CurrentState\":1,\"TimeRemainingInState\":86400.0,\"PauseDecay\":true,\"Version\":\"0.0.0\",\"ModuleId\":3}]},{\"Modules\":[{\"CurrentState\":1,\"TimeRemainingInState\":86400.0,\"PauseDecay\":true,\"Version\":\"0.0.0\",\"ModuleId\":3}]}]}]}]},{\"Id\":27,\"Pos\":{\"x\":-630.084534,\"y\":93.82917,\"z\":569.716},\"Rot\":{\"x\":-0.00184181239,\"y\":-0.499250919,\"z\":-0.0264210645,\"w\":0.8660526},\"Storages\":[{\"Version\":\"0.0.0\",\"ItemBlocks\":[{\"ItemId\":480,\"TotalCount\":1,\"UniqueItems\":[{\"Modules\":[{\"Version\":\"0.0.0\"},{\"SourceActorType\":13,\"Version\":\"0.0.0\",\"ModuleId\":1},{\"CurrentState\":4,\"TimeRemainingInState\":172800.0,\"PauseDecay\":true,\"Version\":\"0.0.0\",\"ModuleId\":3}]}]},{\"ItemId\":436,\"TotalCount\":1,\"UniqueItems\":[{\"Modules\":[{\"CurrentState\":4,\"TimeRemainingInState\":172800.0,\"PauseDecay\":true,\"Version\":\"0.0.0\",\"ModuleId\":3}]}]},{\"ItemId\":433,\"TotalCount\":2,\"UniqueItems\":[{\"Modules\":[{\"CurrentState\":4,\"TimeRemainingInState\":172800.0,\"PauseDecay\":true,\"Version\":\"0.0.0\",\"ModuleId\":3}]},{\"Modules\":[{\"CurrentState\":4,\"TimeRemainingInState\":172800.0,\"PauseDecay\":true,\"Version\":\"0.0.0\",\"ModuleId\":3}]}]}]}]},{\"Id\":53,\"Pos\":{\"x\":-613.674133,\"y\":96.28676,\"z\":575.6572},\"Rot\":{\"y\":0.598884463,\"w\":0.800835431},\"Storages\":[]},{\"Id\":53,\"Pos\":{\"x\":-613.522034,\"y\":96.21266,\"z\":573.3783},\"Rot\":{\"y\":0.585572,\"w\":0.810620368},\"Storages\":[]},{\"Id\":55,\"Pos\":{\"x\":-632.179,\"y\":95.17368,\"z\":593.302},\"Rot\":{\"x\":0.004328985,\"y\":0.9841479,\"z\":-0.0242576413,\"w\":0.17562966},\"Storages\":[]},{\"Id\":55,\"Pos\":{\"x\":-633.2695,\"y\":100.670219,\"z\":541.1652},\"Rot\":{\"x\":0.02698627,\"y\":0.966616035,\"z\":0.114628561,\"w\":-0.227564245},\"Storages\":[]}]}"}}