{"Version":"0.0.0","Data":{"ScrewStructureInstances":"{\"_structures\":[{\"Id\":75,\"Pos\":{\"x\":-618.690857,\"y\":94.6796,\"z\":572.869934},\"Rot\":{\"w\":1.0},\"Storages\":[]},{\"Id\":31,\"Pos\":{\"x\":-621.9203,\"y\":94.67822,\"z\":567.563},\"Rot\":{\"y\":0.997799158,\"w\":0.06630888},\"Storages\":[{\"Version\":\"0.0.0\",\"ItemBlocks\":[{\"ItemId\":393,\"TotalCount\":17,\"UniqueItems\":[]}]}]},{\"Id\":53,\"Pos\":{\"x\":-623.4712,\"y\":97.0118942,\"z\":576.2826},\"Rot\":{\"y\":-0.7290408,\"w\":0.684470236},\"Storages\":[]},{\"Id\":25,\"Pos\":{\"x\":-618.631958,\"y\":94.67885,\"z\":571.2333},\"Rot\":{\"y\":0.01716807,\"w\":-0.999852657},\"Storages\":[]},{\"Id\":56,\"Pos\":{\"x\":-607.4953,\"y\":93.75961,\"z\":583.0651},\"Rot\":{\"y\":0.999999762,\"w\":-0.000738306844},\"Storages\":[]},{\"Id\":50,\"Pos\":{\"x\":-614.4644,\"y\":93.9159,\"z\":575.5014},\"Rot\":{\"x\":-0.0689490139,\"y\":-0.637130737,\"z\":0.0209589489,\"w\":0.767379463},\"Storages\":[]},{\"Id\":50,\"Pos\":{\"x\":-616.5543,\"y\":94.10193,\"z\":575.880859},\"Rot\":{\"x\":-0.07232383,\"y\":-0.6372876,\"z\":0.0121860523,\"w\":0.767127931},\"Storages\":[]},{\"Id\":32,\"Pos\":{\"x\":-619.2719,\"y\":94.6791,\"z\":567.780151},\"Rot\":{\"y\":0.019405013,\"w\":-0.9998117},\"Storages\":[{\"Version\":\"0.0.0\",\"ItemBlocks\":[{\"ItemId\":405,\"TotalCount\":50,\"UniqueItems\":[]}]}]},{\"Id\":32,\"Pos\":{\"x\":-619.251038,\"y\":94.67824,\"z\":566.9046},\"Rot\":{\"y\":0.019405013,\"w\":-0.9998117},\"Storages\":[{\"Version\":\"0.0.0\",\"ItemBlocks\":[{\"ItemId\":405,\"TotalCount\":50,\"UniqueItems\":[]}]}]},{\"Id\":32,\"Pos\":{\"x\":-618.5773,\"y\":94.67907,\"z\":567.7872},\"Rot\":{\"y\":-0.00139125937,\"w\":-0.999999046},\"Storages\":[{\"Version\":\"0.0.0\",\"ItemBlocks\":[{\"ItemId\":405,\"TotalCount\":47,\"UniqueItems\":[]}]}]},{\"Id\":20,\"Pos\":{\"x\":-617.0415,\"y\":94.6798,\"z\":573.0538},\"Rot\":{\"y\":-0.7360922,\"w\":0.676881254},\"Storages\":[]},{\"Id\":20,\"Pos\":{\"x\":-617.546936,\"y\":94.6797943,\"z\":574.1589},\"Rot\":{\"y\":-0.923033,\"w\":0.384720773},\"Storages\":[]},{\"Id\":27,\"Pos\":{\"x\":-629.44,\"y\":93.78259,\"z\":572.205261},\"Rot\":{\"y\":0.5675717,\"w\":-0.823323965},\"Storages\":[{\"Version\":\"0.0.0\",\"ItemBlocks\":[{\"ItemId\":433,\"TotalCount\":4,\"UniqueItems\":[{\"Modules\":[{\"CurrentState\":5,\"TimeRemainingInState\":85921.35,\"PauseDecay\":true,\"Version\":\"0.0.0\",\"ModuleId\":3}]},{\"Modules\":[{\"CurrentState\":5,\"TimeRemainingInState\":84869.375,\"PauseDecay\":true,\"Version\":\"0.0.0\",\"ModuleId\":3}]},{\"Modules\":[{\"CurrentState\":5,\"TimeRemainingInState\":85825.34,\"PauseDecay\":true,\"Version\":\"0.0.0\",\"ModuleId\":3}]},{\"Modules\":[{\"CurrentState\":5,\"TimeRemainingInState\":85908.43,\"PauseDecay\":true,\"Version\":\"0.0.0\",\"ModuleId\":3}]}]}]}]},{\"Id\":35,\"Pos\":{\"x\":-604.1276,\"y\":91.4687042,\"z\":608.6888},\"Rot\":{\"x\":-0.0679222047,\"z\":-0.136461928,\"w\":0.9883141},\"Storages\":[{\"Version\":\"0.0.0\",\"ItemBlocks\":[{\"ItemId\":436,\"TotalCount\":5,\"UniqueItems\":[{\"Modules\":[{\"CurrentState\":1,\"TimeRemainingInState\":86400.0,\"PauseDecay\":true,\"Version\":\"0.0.0\",\"ModuleId\":3}]},{\"Modules\":[{\"CurrentState\":1,\"TimeRemainingInState\":86400.0,\"PauseDecay\":true,\"Version\":\"0.0.0\",\"ModuleId\":3}]},{\"Modules\":[{\"CurrentState\":1,\"TimeRemainingInState\":86400.0,\"PauseDecay\":true,\"Version\":\"0.0.0\",\"ModuleId\":3}]},{\"Modules\":[{\"CurrentState\":1,\"TimeRemainingInState\":86400.0,\"PauseDecay\":true,\"Version\":\"0.0.0\",\"ModuleId\":3}]},{\"Modules\":[{\"CurrentState\":1,\"TimeRemainingInState\":86400.0,\"PauseDecay\":true,\"Version\":\"0.0.0\",\"ModuleId\":3}]}]}]}]},{\"Id\":35,\"Pos\":{\"x\":-602.8901,\"y\":91.14645,\"z\":608.6731},\"Rot\":{\"x\":-0.068967104,\"z\":-0.114534639,\"w\":0.9910224},\"Storages\":[{\"Version\":\"0.0.0\",\"ItemBlocks\":[{\"ItemId\":436,\"TotalCount\":5,\"UniqueItems\":[{\"Modules\":[{\"CurrentState\":1,\"TimeRemainingInState\":86400.0,\"PauseDecay\":true,\"Version\":\"0.0.0\",\"ModuleId\":3}]},{\"Modules\":[{\"CurrentState\":1,\"TimeRemainingInState\":86400.0,\"PauseDecay\":true,\"Version\":\"0.0.0\",\"ModuleId\":3}]},{\"Modules\":[{\"CurrentState\":1,\"TimeRemainingInState\":86400.0,\"PauseDecay\":true,\"Version\":\"0.0.0\",\"ModuleId\":3}]},{\"Modules\":[{\"CurrentState\":1,\"TimeRemainingInState\":86400.0,\"PauseDecay\":true,\"Version\":\"0.0.0\",\"ModuleId\":3}]},{\"Modules\":[{\"CurrentState\":1,\"TimeRemainingInState\":86400.0,\"PauseDecay\":true,\"Version\":\"0.0.0\",\"ModuleId\":3}]}]}]}]},{\"Id\":35,\"Pos\":{\"x\":-605.2772,\"y\":91.8068,\"z\":608.5472},\"Rot\":{\"x\":-0.0563254245,\"z\":-0.1578351,\"w\":0.9858578},\"Storages\":[{\"Version\":\"0.0.0\",\"ItemBlocks\":[{\"ItemId\":436,\"TotalCount\":5,\"UniqueItems\":[{\"Modules\":[{\"CurrentState\":1,\"TimeRemainingInState\":86400.0,\"PauseDecay\":true,\"Version\":\"0.0.0\",\"ModuleId\":3}]},{\"Modules\":[{\"CurrentState\":1,\"TimeRemainingInState\":86400.0,\"PauseDecay\":true,\"Version\":\"0.0.0\",\"ModuleId\":3}]},{\"Modules\":[{\"CurrentState\":1,\"TimeRemainingInState\":86400.0,\"PauseDecay\":true,\"Version\":\"0.0.0\",\"ModuleId\":3}]},{\"Modules\":[{\"CurrentState\":1,\"TimeRemainingInState\":86400.0,\"PauseDecay\":true,\"Version\":\"0.0.0\",\"ModuleId\":3}]},{\"Modules\":[{\"CurrentState\":1,\"TimeRemainingInState\":86400.0,\"PauseDecay\":true,\"Version\":\"0.0.0\",\"ModuleId\":3}]}]}]}]},{\"Id\":27,\"Pos\":{\"x\":-630.084534,\"y\":93.82917,\"z\":569.716},\"Rot\":{\"x\":-0.00184181239,\"y\":-0.499250919,\"z\":-0.0264210645,\"w\":0.8660526},\"Storages\":[{\"Version\":\"0.0.0\",\"ItemBlocks\":[{\"ItemId\":433,\"TotalCount\":1,\"UniqueItems\":[{\"Modules\":[{\"CurrentState\":5,\"TimeRemainingInState\":85780.61,\"PauseDecay\":true,\"Version\":\"0.0.0\",\"ModuleId\":3}]}]}]}]},{\"Id\":53,\"Pos\":{\"x\":-617.454651,\"y\":95.7429047,\"z\":588.771545},\"Rot\":{\"y\":1.49011626E-07,\"w\":1.0},\"Storages\":[]},{\"Id\":27,\"Pos\":{\"x\":-623.2654,\"y\":93.8974838,\"z\":563.642334},\"Rot\":{\"y\":0.154213,\"w\":0.988037646},\"Storages\":[{\"Version\":\"0.0.0\",\"ItemBlocks\":[]}]},{\"Id\":52,\"Pos\":{\"x\":-612.971436,\"y\":94.6797943,\"z\":570.7958},\"Rot\":{\"y\":-0.9997694,\"w\":-0.02147556},\"Storages\":[]},{\"Pos\":{\"x\":-621.9444,\"y\":96.2230759,\"z\":582.6164},\"Rot\":{\"x\":-0.0110431192,\"y\":-0.032564126,\"z\":-0.000359822356,\"w\":0.9994086},\"Storages\":[{\"Version\":\"0.0.0\",\"ItemBlocks\":[{\"ItemId\":479,\"TotalCount\":5,\"UniqueItems\":[]}]}]},{\"Pos\":{\"x\":-622.8416,\"y\":96.19217,\"z\":582.493835},\"Rot\":{\"x\":0.0247900654,\"y\":-0.0325269029,\"z\":0.000807019358,\"w\":0.9991631},\"Storages\":[{\"Version\":\"0.0.0\",\"ItemBlocks\":[{\"ItemId\":479,\"TotalCount\":5,\"UniqueItems\":[]}]}]},{\"Id\":49,\"Pos\":{\"x\":-621.3907,\"y\":97.37772,\"z\":566.547546},\"Rot\":{\"y\":-0.9994304,\"w\":-0.0337481052},\"Storages\":[{\"Version\":\"0.0.0\",\"ItemBlocks\":[{\"ItemId\":434,\"TotalCount\":6,\"UniqueItems\":[]}]},{\"Version\":\"0.0.0\",\"ItemBlocks\":[{\"ItemId\":441,\"TotalCount\":5,\"UniqueItems\":[]}]},{\"Version\":\"0.0.0\",\"ItemBlocks\":[{\"ItemId\":421,\"TotalCount\":4,\"UniqueItems\":[]}]},{\"Version\":\"0.0.0\",\"ItemBlocks\":[{\"ItemId\":527,\"TotalCount\":3,\"UniqueItems\":[]}]},{\"Version\":\"0.0.0\",\"ItemBlocks\":[{\"ItemId\":439,\"TotalCount\":7,\"UniqueItems\":[]}]},{\"Version\":\"0.0.0\",\"ItemBlocks\":[{\"ItemId\":439,\"TotalCount\":10,\"UniqueItems\":[]}]},{\"Version\":\"0.0.0\",\"ItemBlocks\":[{\"ItemId\":434,\"TotalCount\":6,\"UniqueItems\":[]}]},{\"Version\":\"0.0.0\",\"ItemBlocks\":[{\"ItemId\":437,\"TotalCount\":3,\"UniqueItems\":[]}]},{\"Version\":\"0.0.0\",\"ItemBlocks\":[{\"ItemId\":434,\"TotalCount\":6,\"UniqueItems\":[]}]},{\"Version\":\"0.0.0\",\"ItemBlocks\":[{\"ItemId\":434,\"TotalCount\":6,\"UniqueItems\":[]}]},{\"Version\":\"0.0.0\",\"ItemBlocks\":[{\"ItemId\":434,\"TotalCount\":6,\"UniqueItems\":[]}]},{\"Version\":\"0.0.0\",\"ItemBlocks\":[{\"ItemId\":434,\"TotalCount\":6,\"UniqueItems\":[]}]}]},{\"Id\":49,\"Pos\":{\"x\":-619.852661,\"y\":97.3779,\"z\":566.60144},\"Rot\":{\"y\":-0.9994304,\"w\":-0.0337481052},\"Storages\":[{\"Version\":\"0.0.0\",\"ItemBlocks\":[{\"ItemId\":420,\"TotalCount\":3,\"UniqueItems\":[]}]},{\"Version\":\"0.0.0\",\"ItemBlocks\":[{\"ItemId\":420,\"TotalCount\":3,\"UniqueItems\":[]}]},{\"Version\":\"0.0.0\",\"ItemBlocks\":[{\"ItemId\":420,\"TotalCount\":3,\"UniqueItems\":[]}]},{\"Version\":\"0.0.0\",\"ItemBlocks\":[{\"ItemId\":420,\"TotalCount\":3,\"UniqueItems\":[]}]},{\"Version\":\"0.0.0\",\"ItemBlocks\":[{\"ItemId\":420,\"TotalCount\":3,\"UniqueItems\":[]}]},{\"Version\":\"0.0.0\",\"ItemBlocks\":[{\"ItemId\":420,\"TotalCount\":3,\"UniqueItems\":[]}]},{\"Version\":\"0.0.0\",\"ItemBlocks\":[{\"ItemId\":420,\"TotalCount\":3,\"UniqueItems\":[]}]},{\"Version\":\"0.0.0\",\"ItemBlocks\":[{\"ItemId\":420,\"TotalCount\":3,\"UniqueItems\":[]}]},{\"Version\":\"0.0.0\",\"ItemBlocks\":[{\"ItemId\":420,\"TotalCount\":3,\"UniqueItems\":[]}]},{\"Version\":\"0.0.0\",\"ItemBlocks\":[{\"ItemId\":420,\"TotalCount\":3,\"UniqueItems\":[]}]},{\"Version\":\"0.0.0\",\"ItemBlocks\":[{\"ItemId\":420,\"TotalCount\":3,\"UniqueItems\":[]}]},{\"Version\":\"0.0.0\",\"ItemBlocks\":[{\"ItemId\":420,\"TotalCount\":3,\"UniqueItems\":[]}]}]},{\"Id\":49,\"Pos\":{\"x\":-616.910645,\"y\":97.37864,\"z\":566.834045},\"Rot\":{\"y\":-0.9994304,\"w\":-0.0337481052},\"Storages\":[{\"Version\":\"0.0.0\",\"ItemBlocks\":[{\"ItemId\":440,\"TotalCount\":10,\"UniqueItems\":[]}]},{\"Version\":\"0.0.0\",\"ItemBlocks\":[{\"ItemId\":440,\"TotalCount\":10,\"UniqueItems\":[]}]},{\"Version\":\"0.0.0\",\"ItemBlocks\":[{\"ItemId\":440,\"TotalCount\":10,\"UniqueItems\":[]}]},{\"Version\":\"0.0.0\",\"ItemBlocks\":[{\"ItemId\":440,\"TotalCount\":10,\"UniqueItems\":[]}]},{\"Version\":\"0.0.0\",\"ItemBlocks\":[{\"ItemId\":440,\"TotalCount\":10,\"UniqueItems\":[]}]},{\"Version\":\"0.0.0\",\"ItemBlocks\":[{\"ItemId\":410,\"TotalCount\":10,\"UniqueItems\":[]}]},{\"Version\":\"0.0.0\",\"ItemBlocks\":[{\"ItemId\":410,\"TotalCount\":10,\"UniqueItems\":[]}]},{\"Version\":\"0.0.0\",\"ItemBlocks\":[{\"ItemId\":410,\"TotalCount\":10,\"UniqueItems\":[]}]},{\"Version\":\"0.0.0\",\"ItemBlocks\":[{\"ItemId\":420,\"TotalCount\":3,\"UniqueItems\":[]}]},{\"Version\":\"0.0.0\",\"ItemBlocks\":[{\"ItemId\":416,\"TotalCount\":6,\"UniqueItems\":[]}]},{\"Version\":\"0.0.0\",\"ItemBlocks\":[{\"ItemId\":416,\"TotalCount\":6,\"UniqueItems\":[]}]},{\"Version\":\"0.0.0\",\"ItemBlocks\":[{\"ItemId\":416,\"TotalCount\":6,\"UniqueItems\":[]}]}]},{\"Id\":49,\"Pos\":{\"x\":-615.4319,\"y\":97.37936,\"z\":566.9216},\"Rot\":{\"y\":-0.9994304,\"w\":-0.0337481052},\"Storages\":[{\"Version\":\"0.0.0\",\"ItemBlocks\":[{\"ItemId\":553,\"TotalCount\":1,\"UniqueItems\":[]}]},{\"Version\":\"0.0.0\",\"ItemBlocks\":[{\"ItemId\":373,\"TotalCount\":20,\"UniqueItems\":[]}]},{\"Version\":\"0.0.0\",\"ItemBlocks\":[{\"ItemId\":364,\"TotalCount\":16,\"UniqueItems\":[]}]},{\"Version\":\"0.0.0\",\"ItemBlocks\":[{\"ItemId\":368,\"TotalCount\":20,\"UniqueItems\":[]}]},{\"Version\":\"0.0.0\",\"ItemBlocks\":[{\"ItemId\":387,\"TotalCount\":1,\"UniqueItems\":[]}]},{\"Version\":\"0.0.0\",\"ItemBlocks\":[{\"ItemId\":369,\"TotalCount\":40,\"UniqueItems\":[]}]},{\"Version\":\"0.0.0\",\"ItemBlocks\":[{\"ItemId\":387,\"TotalCount\":5,\"UniqueItems\":[]}]},{\"Version\":\"0.0.0\",\"ItemBlocks\":[{\"ItemId\":364,\"TotalCount\":50,\"UniqueItems\":[]}]},{\"Version\":\"0.0.0\",\"ItemBlocks\":[{\"ItemId\":479,\"TotalCount\":43,\"UniqueItems\":[]}]},{\"Version\":\"0.0.0\",\"ItemBlocks\":[{\"ItemId\":479,\"TotalCount\":16,\"UniqueItems\":[]}]},{\"Version\":\"0.0.0\",\"ItemBlocks\":[{\"ItemId\":553,\"TotalCount\":5,\"UniqueItems\":[]}]},{\"Version\":\"0.0.0\",\"ItemBlocks\":[{\"ItemId\":553,\"TotalCount\":5,\"UniqueItems\":[]}]}]},{\"Id\":67,\"Pos\":{\"x\":-624.332153,\"y\":93.86507,\"z\":569.910767},\"Rot\":{\"x\":-0.008251999,\"y\":-0.702585459,\"z\":0.008148552,\"w\":0.7115049},\"Storages\":[{\"Version\":\"0.0.0\",\"ItemBlocks\":[{\"ItemId\":78,\"TotalCount\":7,\"UniqueItems\":[]}]}]},{\"Id\":55,\"Pos\":{\"x\":-649.4231,\"y\":99.46088,\"z\":565.267944},\"Rot\":{\"x\":-0.03870199,\"y\":-0.764734,\"z\":-0.0461348854,\"w\":0.641526},\"Storages\":[]},{\"Id\":49,\"Pos\":{\"x\":-618.361,\"y\":97.37755,\"z\":566.7565},\"Rot\":{\"y\":-0.03988192,\"w\":0.9992044},\"Storages\":[{\"Version\":\"0.0.0\",\"ItemBlocks\":[{\"ItemId\":527,\"TotalCount\":6,\"UniqueItems\":[]}]},{\"Version\":\"0.0.0\",\"ItemBlocks\":[{\"ItemId\":523,\"TotalCount\":4,\"UniqueItems\":[]}]},{\"Version\":\"0.0.0\",\"ItemBlocks\":[{\"ItemId\":523,\"TotalCount\":4,\"UniqueItems\":[]}]},{\"Version\":\"0.0.0\",\"ItemBlocks\":[{\"ItemId\":523,\"TotalCount\":2,\"UniqueItems\":[]}]},{\"Version\":\"0.0.0\",\"ItemBlocks\":[{\"ItemId\":527,\"TotalCount\":6,\"UniqueItems\":[]}]},{\"Version\":\"0.0.0\",\"ItemBlocks\":[{\"ItemId\":527,\"TotalCount\":6,\"UniqueItems\":[]}]},{\"Version\":\"0.0.0\",\"ItemBlocks\":[{\"ItemId\":527,\"TotalCount\":6,\"UniqueItems\":[]}]},{\"Version\":\"0.0.0\",\"ItemBlocks\":[{\"ItemId\":527,\"TotalCount\":6,\"UniqueItems\":[]}]},{\"Version\":\"0.0.0\",\"ItemBlocks\":[{\"ItemId\":420,\"TotalCount\":3,\"UniqueItems\":[]}]},{\"Version\":\"0.0.0\",\"ItemBlocks\":[{\"ItemId\":420,\"TotalCount\":3,\"UniqueItems\":[]}]},{\"Version\":\"0.0.0\",\"ItemBlocks\":[{\"ItemId\":420,\"TotalCount\":3,\"UniqueItems\":[]}]},{\"Version\":\"0.0.0\",\"ItemBlocks\":[{\"ItemId\":420,\"TotalCount\":3,\"UniqueItems\":[]}]}]},{\"Id\":49,\"Pos\":{\"x\":-614.0355,\"y\":97.3794861,\"z\":567.4412},\"Rot\":{\"y\":-0.6869408,\"w\":-0.7267134},\"Storages\":[{\"Version\":\"0.0.0\",\"ItemBlocks\":[{\"ItemId\":419,\"TotalCount\":10,\"UniqueItems\":[]}]},{\"Version\":\"0.0.0\",\"ItemBlocks\":[{\"ItemId\":419,\"TotalCount\":10,\"UniqueItems\":[]}]},{\"Version\":\"0.0.0\",\"ItemBlocks\":[{\"ItemId\":419,\"TotalCount\":10,\"UniqueItems\":[]}]},{\"Version\":\"0.0.0\",\"ItemBlocks\":[{\"ItemId\":419,\"TotalCount\":10,\"UniqueItems\":[]}]},{\"Version\":\"0.0.0\",\"ItemBlocks\":[{\"ItemId\":419,\"TotalCount\":10,\"UniqueItems\":[]}]},{\"Version\":\"0.0.0\",\"ItemBlocks\":[{\"ItemId\":419,\"TotalCount\":10,\"UniqueItems\":[]}]},{\"Version\":\"0.0.0\",\"ItemBlocks\":[{\"ItemId\":419,\"TotalCount\":10,\"UniqueItems\":[]}]},{\"Version\":\"0.0.0\",\"ItemBlocks\":[{\"ItemId\":419,\"TotalCount\":10,\"UniqueItems\":[]}]},{\"Version\":\"0.0.0\",\"ItemBlocks\":[{\"ItemId\":419,\"TotalCount\":10,\"UniqueItems\":[]}]},{\"Version\":\"0.0.0\",\"ItemBlocks\":[{\"ItemId\":417,\"TotalCount\":3,\"UniqueItems\":[]}]},{\"Version\":\"0.0.0\",\"ItemBlocks\":[{\"ItemId\":417,\"TotalCount\":3,\"UniqueItems\":[]}]},{\"Version\":\"0.0.0\",\"ItemBlocks\":[{\"ItemId\":417,\"TotalCount\":2,\"UniqueItems\":[]}]}]},{\"Id\":49,\"Pos\":{\"x\":-622.0742,\"y\":97.37777,\"z\":567.483154},\"Rot\":{\"y\":-0.6869408,\"w\":-0.7267134},\"Storages\":[{\"Version\":\"0.0.0\",\"ItemBlocks\":[{\"ItemId\":403,\"TotalCount\":2,\"UniqueItems\":[]}]},{\"Version\":\"0.0.0\",\"ItemBlocks\":[{\"ItemId\":403,\"TotalCount\":8,\"UniqueItems\":[]}]},{\"Version\":\"0.0.0\",\"ItemBlocks\":[{\"ItemId\":403,\"TotalCount\":8,\"UniqueItems\":[]}]},{\"Version\":\"0.0.0\",\"ItemBlocks\":[{\"ItemId\":403,\"TotalCount\":8,\"UniqueItems\":[]}]},{\"Version\":\"0.0.0\",\"ItemBlocks\":[{\"ItemId\":403,\"TotalCount\":8,\"UniqueItems\":[]}]},{\"Version\":\"0.0.0\",\"ItemBlocks\":[{\"ItemId\":403,\"TotalCount\":8,\"UniqueItems\":[]}]},{\"Version\":\"0.0.0\",\"ItemBlocks\":[{\"ItemId\":403,\"TotalCount\":8,\"UniqueItems\":[]}]},{\"Version\":\"0.0.0\",\"ItemBlocks\":[{\"ItemId\":403,\"TotalCount\":8,\"UniqueItems\":[]}]},{\"Version\":\"0.0.0\",\"ItemBlocks\":[{\"ItemId\":403,\"TotalCount\":8,\"UniqueItems\":[]}]},{\"Version\":\"0.0.0\",\"ItemBlocks\":[{\"ItemId\":403,\"TotalCount\":8,\"UniqueItems\":[]}]},{\"Version\":\"0.0.0\",\"ItemBlocks\":[{\"ItemId\":403,\"TotalCount\":8,\"UniqueItems\":[]}]},{\"Version\":\"0.0.0\",\"ItemBlocks\":[{\"ItemId\":403,\"TotalCount\":8,\"UniqueItems\":[]}]}]},{\"Id\":49,\"Pos\":{\"x\":-622.164856,\"y\":97.3777161,\"z\":569.421},\"Rot\":{\"y\":-0.6869408,\"w\":-0.7267134},\"Storages\":[{\"Version\":\"0.0.0\",\"ItemBlocks\":[{\"ItemId\":504,\"TotalCount\":4,\"UniqueItems\":[]}]},{\"Version\":\"0.0.0\",\"ItemBlocks\":[{\"ItemId\":504,\"TotalCount\":4,\"UniqueItems\":[]}]},{\"Version\":\"0.0.0\",\"ItemBlocks\":[{\"ItemId\":504,\"TotalCount\":4,\"UniqueItems\":[]}]},{\"Version\":\"0.0.0\",\"ItemBlocks\":[{\"ItemId\":504,\"TotalCount\":4,\"UniqueItems\":[]}]},{\"Version\":\"0.0.0\",\"ItemBlocks\":[{\"ItemId\":504,\"TotalCount\":4,\"UniqueItems\":[]}]},{\"Version\":\"0.0.0\",\"ItemBlocks\":[{\"ItemId\":504,\"TotalCount\":4,\"UniqueItems\":[]}]},{\"Version\":\"0.0.0\",\"ItemBlocks\":[{\"ItemId\":504,\"TotalCount\":4,\"UniqueItems\":[]}]},{\"Version\":\"0.0.0\",\"ItemBlocks\":[{\"ItemId\":504,\"TotalCount\":4,\"UniqueItems\":[]}]},{\"Version\":\"0.0.0\",\"ItemBlocks\":[{\"ItemId\":504,\"TotalCount\":4,\"UniqueItems\":[]}]},{\"Version\":\"0.0.0\",\"ItemBlocks\":[{\"ItemId\":504,\"TotalCount\":4,\"UniqueItems\":[]}]},{\"Version\":\"0.0.0\",\"ItemBlocks\":[{\"ItemId\":504,\"TotalCount\":4,\"UniqueItems\":[]}]},{\"Version\":\"0.0.0\",\"ItemBlocks\":[{\"ItemId\":504,\"TotalCount\":4,\"UniqueItems\":[]}]}]},{\"Id\":49,\"Pos\":{\"x\":-622.325256,\"y\":97.37637,\"z\":571.6373},\"Rot\":{\"y\":-0.6869408,\"w\":-0.7267134},\"Storages\":[{\"Version\":\"0.0.0\",\"ItemBlocks\":[{\"ItemId\":414,\"TotalCount\":6,\"UniqueItems\":[]}]},{\"Version\":\"0.0.0\",\"ItemBlocks\":[{\"ItemId\":472,\"TotalCount\":3,\"UniqueItems\":[]}]},{\"Version\":\"0.0.0\",\"ItemBlocks\":[{\"ItemId\":472,\"TotalCount\":2,\"UniqueItems\":[]}]},{\"Version\":\"0.0.0\",\"ItemBlocks\":[{\"ItemId\":472,\"TotalCount\":2,\"UniqueItems\":[]}]},{\"Version\":\"0.0.0\",\"ItemBlocks\":[{\"ItemId\":414,\"TotalCount\":6,\"UniqueItems\":[]}]},{\"Version\":\"0.0.0\",\"ItemBlocks\":[{\"ItemId\":414,\"TotalCount\":6,\"UniqueItems\":[]}]},{\"Version\":\"0.0.0\",\"ItemBlocks\":[{\"ItemId\":414,\"TotalCount\":6,\"UniqueItems\":[]}]},{\"Version\":\"0.0.0\",\"ItemBlocks\":[{\"ItemId\":414,\"TotalCount\":6,\"UniqueItems\":[]}]},{\"Version\":\"0.0.0\",\"ItemBlocks\":[{\"ItemId\":414,\"TotalCount\":6,\"UniqueItems\":[]}]},{\"Version\":\"0.0.0\",\"ItemBlocks\":[{\"ItemId\":414,\"TotalCount\":6,\"UniqueItems\":[]}]},{\"Version\":\"0.0.0\",\"ItemBlocks\":[{\"ItemId\":414,\"TotalCount\":6,\"UniqueItems\":[]}]},{\"Version\":\"0.0.0\",\"ItemBlocks\":[{\"ItemId\":414,\"TotalCount\":6,\"UniqueItems\":[]}]}]},{\"Id\":49,\"Pos\":{\"x\":-622.476868,\"y\":97.3773041,\"z\":573.904541},\"Rot\":{\"y\":-0.6869408,\"w\":-0.7267134},\"Storages\":[{\"Version\":\"0.0.0\",\"ItemBlocks\":[{\"ItemId\":434,\"TotalCount\":3,\"UniqueItems\":[]}]},{\"Version\":\"0.0.0\",\"ItemBlocks\":[{\"ItemId\":373,\"TotalCount\":20,\"UniqueItems\":[]}]},{\"Version\":\"0.0.0\",\"ItemBlocks\":[{\"ItemId\":368,\"TotalCount\":8,\"UniqueItems\":[]}]},{\"Version\":\"0.0.0\",\"ItemBlocks\":[{\"ItemId\":403,\"TotalCount\":1,\"UniqueItems\":[]}]},{\"Version\":\"0.0.0\",\"ItemBlocks\":[{\"ItemId\":438,\"TotalCount\":3,\"UniqueItems\":[]}]},{\"Version\":\"0.0.0\",\"ItemBlocks\":[{\"ItemId\":425,\"TotalCount\":2,\"UniqueItems\":[]}]},{\"Version\":\"0.0.0\",\"ItemBlocks\":[]},{\"Version\":\"0.0.0\",\"ItemBlocks\":[{\"ItemId\":496,\"TotalCount\":12,\"UniqueItems\":[]}]},{\"Version\":\"0.0.0\",\"ItemBlocks\":[{\"ItemId\":466,\"TotalCount\":5,\"UniqueItems\":[]}]},{\"Version\":\"0.0.0\",\"ItemBlocks\":[{\"ItemId\":466,\"TotalCount\":5,\"UniqueItems\":[]}]},{\"Version\":\"0.0.0\",\"ItemBlocks\":[{\"ItemId\":420,\"TotalCount\":3,\"UniqueItems\":[]}]},{\"Version\":\"0.0.0\",\"ItemBlocks\":[{\"ItemId\":527,\"TotalCount\":3,\"UniqueItems\":[]}]}]},{\"Id\":49,\"Pos\":{\"x\":-622.6353,\"y\":97.37712,\"z\":576.0841},\"Rot\":{\"y\":-0.6869408,\"w\":-0.7267134},\"Storages\":[{\"Version\":\"0.0.0\",\"ItemBlocks\":[]},{\"Version\":\"0.0.0\",\"ItemBlocks\":[{\"ItemId\":415,\"TotalCount\":19,\"UniqueItems\":[]}]},{\"Version\":\"0.0.0\",\"ItemBlocks\":[{\"ItemId\":419,\"TotalCount\":10,\"UniqueItems\":[]}]},{\"Version\":\"0.0.0\",\"ItemBlocks\":[{\"ItemId\":390,\"TotalCount\":4,\"UniqueItems\":[]}]},{\"Version\":\"0.0.0\",\"ItemBlocks\":[{\"ItemId\":390,\"TotalCount\":4,\"UniqueItems\":[]}]},{\"Version\":\"0.0.0\",\"ItemBlocks\":[{\"ItemId\":418,\"TotalCount\":12,\"UniqueItems\":[]}]},{\"Version\":\"0.0.0\",\"ItemBlocks\":[{\"ItemId\":414,\"TotalCount\":6,\"UniqueItems\":[]}]},{\"Version\":\"0.0.0\",\"ItemBlocks\":[{\"ItemId\":410,\"TotalCount\":10,\"UniqueItems\":[]}]},{\"Version\":\"0.0.0\",\"ItemBlocks\":[{\"ItemId\":403,\"TotalCount\":8,\"UniqueItems\":[]}]},{\"Version\":\"0.0.0\",\"ItemBlocks\":[{\"ItemId\":518,\"TotalCount\":1,\"UniqueItems\":[]}]},{\"Version\":\"0.0.0\",\"ItemBlocks\":[{\"ItemId\":420,\"TotalCount\":3,\"UniqueItems\":[]}]},{\"Version\":\"0.0.0\",\"ItemBlocks\":[{\"ItemId\":527,\"TotalCount\":2,\"UniqueItems\":[]}]}]},{\"Id\":49,\"Pos\":{\"x\":-614.245,\"y\":97.37956,\"z\":572.1702},\"Rot\":{\"x\":-0.0010743388,\"y\":-0.6869401,\"z\":0.0010300345,\"w\":-0.726712644},\"Storages\":[{\"Version\":\"0.0.0\",\"ItemBlocks\":[{\"ItemId\":419,\"TotalCount\":10,\"UniqueItems\":[]}]},{\"Version\":\"0.0.0\",\"ItemBlocks\":[{\"ItemId\":419,\"TotalCount\":10,\"UniqueItems\":[]}]},{\"Version\":\"0.0.0\",\"ItemBlocks\":[{\"ItemId\":440,\"TotalCount\":10,\"UniqueItems\":[]}]},{\"Version\":\"0.0.0\",\"ItemBlocks\":[{\"ItemId\":387,\"TotalCount\":1,\"UniqueItems\":[]}]},{\"Version\":\"0.0.0\",\"ItemBlocks\":[{\"ItemId\":502,\"TotalCount\":86,\"UniqueItems\":[]}]},{\"Version\":\"0.0.0\",\"ItemBlocks\":[{\"ItemId\":410,\"TotalCount\":10,\"UniqueItems\":[]}]},{\"Version\":\"0.0.0\",\"ItemBlocks\":[{\"ItemId\":440,\"TotalCount\":6,\"UniqueItems\":[]}]},{\"Version\":\"0.0.0\",\"ItemBlocks\":[{\"ItemId\":362,\"TotalCount\":14,\"UniqueItems\":[]}]},{\"Version\":\"0.0.0\",\"ItemBlocks\":[{\"ItemId\":502,\"TotalCount\":100,\"UniqueItems\":[]}]},{\"Version\":\"0.0.0\",\"ItemBlocks\":[{\"ItemId\":502,\"TotalCount\":100,\"UniqueItems\":[]}]},{\"Version\":\"0.0.0\",\"ItemBlocks\":[{\"ItemId\":496,\"TotalCount\":100,\"UniqueItems\":[]}]},{\"Version\":\"0.0.0\",\"ItemBlocks\":[{\"ItemId\":496,\"TotalCount\":100,\"UniqueItems\":[]}]}]},{\"Id\":22,\"Pos\":{\"x\":-622.1129,\"y\":94.67835,\"z\":573.4537},\"Rot\":{\"y\":0.0229573045,\"w\":-0.9997365},\"Storages\":[]},{\"Id\":49,\"Pos\":{\"x\":-612.2679,\"y\":97.3795242,\"z\":576.8522},\"Rot\":{\"x\":-0.0106667634,\"y\":0.7233462,\"z\":-0.0116290562,\"w\":-0.690305233},\"Storages\":[{\"Version\":\"0.0.0\",\"ItemBlocks\":[]},{\"Version\":\"0.0.0\",\"ItemBlocks\":[]},{\"Version\":\"0.0.0\",\"ItemBlocks\":[]},{\"Version\":\"0.0.0\",\"ItemBlocks\":[]},{\"Version\":\"0.0.0\",\"ItemBlocks\":[{\"ItemId\":517,\"TotalCount\":1,\"UniqueItems\":[{\"Modules\":[{\"RecipeId\":-1,\"Version\":\"0.0.0\",\"ModuleId\":7}]}]}]},{\"Version\":\"0.0.0\",\"ItemBlocks\":[{\"ItemId\":517,\"TotalCount\":1,\"UniqueItems\":[{\"Modules\":[{\"RecipeId\":-521362042,\"CurrentVolume\":500,\"Version\":\"0.0.0\",\"ModuleId\":7}]}]}]},{\"Version\":\"0.0.0\",\"ItemBlocks\":[]},{\"Version\":\"0.0.0\",\"ItemBlocks\":[]},{\"Version\":\"0.0.0\",\"ItemBlocks\":[{\"ItemId\":517,\"TotalCount\":1,\"UniqueItems\":[{\"Modules\":[{\"RecipeId\":-1,\"Version\":\"0.0.0\",\"ModuleId\":7}]}]}]},{\"Version\":\"0.0.0\",\"ItemBlocks\":[{\"ItemId\":517,\"TotalCount\":1,\"UniqueItems\":[{\"Modules\":[{\"RecipeId\":-1,\"Version\":\"0.0.0\",\"ModuleId\":7}]}]}]},{\"Version\":\"0.0.0\",\"ItemBlocks\":[{\"ItemId\":517,\"TotalCount\":1,\"UniqueItems\":[{\"Modules\":[{\"RecipeId\":-1,\"Version\":\"0.0.0\",\"ModuleId\":7}]}]}]},{\"Version\":\"0.0.0\",\"ItemBlocks\":[{\"ItemId\":517,\"TotalCount\":1,\"UniqueItems\":[{\"Modules\":[{\"RecipeId\":-521362042,\"CurrentVolume\":500,\"Version\":\"0.0.0\",\"ModuleId\":7}]}]}]}]},{\"Id\":49,\"Pos\":{\"x\":-612.422,\"y\":97.37979,\"z\":579.046},\"Rot\":{\"y\":0.723436236,\"w\":-0.6903912},\"Storages\":[{\"Version\":\"0.0.0\",\"ItemBlocks\":[]},{\"Version\":\"0.0.0\",\"ItemBlocks\":[]},{\"Version\":\"0.0.0\",\"ItemBlocks\":[]},{\"Version\":\"0.0.0\",\"ItemBlocks\":[]},{\"Version\":\"0.0.0\",\"ItemBlocks\":[]},{\"Version\":\"0.0.0\",\"ItemBlocks\":[]},{\"Version\":\"0.0.0\",\"ItemBlocks\":[]},{\"Version\":\"0.0.0\",\"ItemBlocks\":[]},{\"Version\":\"0.0.0\",\"ItemBlocks\":[]},{\"Version\":\"0.0.0\",\"ItemBlocks\":[]},{\"Version\":\"0.0.0\",\"ItemBlocks\":[]},{\"Version\":\"0.0.0\",\"ItemBlocks\":[]}]},{\"Id\":61,\"Pos\":{\"x\":-611.279541,\"y\":97.20359,\"z\":574.6408},\"Rot\":{\"x\":-6.11450647E-12,\"y\":0.6844975,\"z\":5.74112069E-12,\"w\":0.7290153},\"Storages\":[{\"Version\":\"0.0.0\",\"ItemBlocks\":[{\"ItemId\":652,\"TotalCount\":1,\"UniqueItems\":[]}]}]},{\"Id\":61,\"Pos\":{\"x\":-611.1962,\"y\":97.08752,\"z\":573.5115},\"Rot\":{\"x\":-6.11450647E-12,\"y\":0.6844975,\"z\":5.74112069E-12,\"w\":0.7290153},\"Storages\":[{\"Version\":\"0.0.0\",\"ItemBlocks\":[{\"ItemId\":642,\"TotalCount\":1,\"UniqueItems\":[]}]}]},{\"Id\":61,\"Pos\":{\"x\":-611.036865,\"y\":97.11523,\"z\":571.2571},\"Rot\":{\"x\":-9.408339E-12,\"y\":0.6844975,\"z\":8.833814E-12,\"w\":0.7290153},\"Storages\":[{\"Version\":\"0.0.0\",\"ItemBlocks\":[{\"ItemId\":648,\"TotalCount\":1,\"UniqueItems\":[]}]}]},{\"Id\":49,\"Pos\":{\"x\":-617.7356,\"y\":97.37726,\"z\":579.393066},\"Rot\":{\"y\":0.9997219,\"w\":0.02358362},\"Storages\":[{\"Version\":\"0.0.0\",\"ItemBlocks\":[{\"ItemId\":527,\"TotalCount\":2,\"UniqueItems\":[]}]},{\"Version\":\"0.0.0\",\"ItemBlocks\":[{\"ItemId\":419,\"TotalCount\":3,\"UniqueItems\":[]}]},{\"Version\":\"0.0.0\",\"ItemBlocks\":[{\"ItemId\":415,\"TotalCount\":18,\"UniqueItems\":[]}]},{\"Version\":\"0.0.0\",\"ItemBlocks\":[{\"ItemId\":403,\"TotalCount\":7,\"UniqueItems\":[]}]},{\"Version\":\"0.0.0\",\"ItemBlocks\":[{\"ItemId\":390,\"TotalCount\":4,\"UniqueItems\":[]}]},{\"Version\":\"0.0.0\",\"ItemBlocks\":[]},{\"Version\":\"0.0.0\",\"ItemBlocks\":[{\"ItemId\":414,\"TotalCount\":3,\"UniqueItems\":[]}]},{\"Version\":\"0.0.0\",\"ItemBlocks\":[{\"ItemId\":416,\"TotalCount\":6,\"UniqueItems\":[]}]},{\"Version\":\"0.0.0\",\"ItemBlocks\":[{\"ItemId\":388,\"TotalCount\":5,\"UniqueItems\":[]}]},{\"Version\":\"0.0.0\",\"ItemBlocks\":[{\"ItemId\":381,\"TotalCount\":5,\"UniqueItems\":[]}]},{\"Version\":\"0.0.0\",\"ItemBlocks\":[{\"ItemId\":439,\"TotalCount\":4,\"UniqueItems\":[]}]},{\"Version\":\"0.0.0\",\"ItemBlocks\":[{\"ItemId\":441,\"TotalCount\":1,\"UniqueItems\":[]}]}]},{\"Id\":49,\"Pos\":{\"x\":-615.533569,\"y\":97.3784,\"z\":579.5578},\"Rot\":{\"y\":0.9997219,\"w\":0.02358362},\"Storages\":[{\"Version\":\"0.0.0\",\"ItemBlocks\":[{\"ItemId\":390,\"TotalCount\":4,\"UniqueItems\":[]}]},{\"Version\":\"0.0.0\",\"ItemBlocks\":[{\"ItemId\":420,\"TotalCount\":2,\"UniqueItems\":[]}]},{\"Version\":\"0.0.0\",\"ItemBlocks\":[]},{\"Version\":\"0.0.0\",\"ItemBlocks\":[]},{\"Version\":\"0.0.0\",\"ItemBlocks\":[{\"ItemId\":430,\"TotalCount\":1,\"UniqueItems\":[]}]},{\"Version\":\"0.0.0\",\"ItemBlocks\":[{\"ItemId\":518,\"TotalCount\":2,\"UniqueItems\":[]}]},{\"Version\":\"0.0.0\",\"ItemBlocks\":[{\"ItemId\":418,\"TotalCount\":9,\"UniqueItems\":[]}]},{\"Version\":\"0.0.0\",\"ItemBlocks\":[{\"ItemId\":430,\"TotalCount\":1,\"UniqueItems\":[]}]},{\"Version\":\"0.0.0\",\"ItemBlocks\":[{\"ItemId\":504,\"TotalCount\":3,\"UniqueItems\":[]}]},{\"Version\":\"0.0.0\",\"ItemBlocks\":[{\"ItemId\":373,\"TotalCount\":1,\"UniqueItems\":[]}]},{\"Version\":\"0.0.0\",\"ItemBlocks\":[{\"ItemId\":416,\"TotalCount\":6,\"UniqueItems\":[]}]},{\"Version\":\"0.0.0\",\"ItemBlocks\":[{\"ItemId\":410,\"TotalCount\":10,\"UniqueItems\":[]}]}]},{\"Id\":55,\"Pos\":{\"x\":-1229.09521,\"y\":131.691559,\"z\":-254.672516},\"Rot\":{\"x\":0.340327382,\"y\":-0.479605168,\"z\":0.208896622,\"w\":0.781356752},\"Storages\":[]},{\"Id\":35,\"Pos\":{\"x\":-599.014832,\"y\":90.69739,\"z\":558.7006},\"Rot\":{\"x\":-0.0233223662,\"z\":-0.10433691,\"w\":0.994268537},\"Storages\":[{\"Version\":\"0.0.0\",\"ItemBlocks\":[{\"ItemId\":436,\"TotalCount\":5,\"UniqueItems\":[{\"Modules\":[{\"CurrentState\":1,\"TimeRemainingInState\":86400.0,\"PauseDecay\":true,\"Version\":\"0.0.0\",\"ModuleId\":3}]},{\"Modules\":[{\"CurrentState\":1,\"TimeRemainingInState\":86400.0,\"PauseDecay\":true,\"Version\":\"0.0.0\",\"ModuleId\":3}]},{\"Modules\":[{\"CurrentState\":1,\"TimeRemainingInState\":86400.0,\"PauseDecay\":true,\"Version\":\"0.0.0\",\"ModuleId\":3}]},{\"Modules\":[{\"CurrentState\":1,\"TimeRemainingInState\":86400.0,\"PauseDecay\":true,\"Version\":\"0.0.0\",\"ModuleId\":3}]},{\"Modules\":[{\"CurrentState\":1,\"TimeRemainingInState\":86400.0,\"PauseDecay\":true,\"Version\":\"0.0.0\",\"ModuleId\":3}]}]}]}]},{\"Id\":52,\"Pos\":{\"x\":-612.8724,\"y\":97.37951,\"z\":568.916138},\"Rot\":{\"y\":-0.999631166,\"w\":-0.027158726},\"Storages\":[]},{\"Id\":52,\"Pos\":{\"x\":-613.097,\"y\":97.37807,\"z\":572.358459},\"Rot\":{\"y\":-0.999631166,\"w\":-0.027158726},\"Storages\":[]},{\"Id\":58,\"Pos\":{\"x\":-671.408936,\"y\":99.70594,\"z\":559.64856},\"Rot\":{\"x\":-0.06060606,\"y\":0.192185,\"z\":0.08227573,\"w\":-0.9760239},\"Storages\":[{\"Version\":\"0.0.0\",\"ItemBlocks\":[]},{\"Version\":\"0.0.0\",\"ItemBlocks\":[]},{\"Version\":\"0.0.0\",\"ItemBlocks\":[]},{\"Version\":\"0.0.0\",\"ItemBlocks\":[]},{\"Version\":\"0.0.0\",\"ItemBlocks\":[]},{\"Version\":\"0.0.0\",\"ItemBlocks\":[]},{\"Version\":\"0.0.0\",\"ItemBlocks\":[]},{\"Version\":\"0.0.0\",\"ItemBlocks\":[]},{\"Version\":\"0.0.0\",\"ItemBlocks\":[]},{\"Version\":\"0.0.0\",\"ItemBlocks\":[]},{\"Version\":\"0.0.0\",\"ItemBlocks\":[]}]},{\"Id\":31,\"Pos\":{\"x\":-622.6121,\"y\":93.77013,\"z\":597.5602},\"Rot\":{\"x\":0.0007653604,\"y\":0.7392314,\"z\":-0.0163847189,\"w\":0.6732517},\"Storages\":[{\"Version\":\"0.0.0\",\"ItemBlocks\":[]}]},{\"Id\":55,\"Pos\":{\"x\":-653.2777,\"y\":103.868256,\"z\":596.998047},\"Rot\":{\"x\":0.0450708233,\"y\":0.884438336,\"z\":-0.08738264,\"w\":0.456181735},\"Storages\":[]},{\"Id\":63,\"Pos\":{\"x\":-623.687561,\"y\":93.91171,\"z\":553.7022},\"Rot\":{\"y\":-0.196041,\"w\":-0.9805957},\"Storages\":[]},{\"Id\":42,\"Pos\":{\"x\":-639.903137,\"y\":94.2844,\"z\":575.068054},\"Rot\":{\"x\":0.0500328764,\"y\":-0.7443653,\"z\":0.00283400528,\"w\":-0.66588974},\"Storages\":[]},{\"Id\":68,\"Pos\":{\"x\":-615.9298,\"y\":94.67954,\"z\":570.884338},\"Rot\":{\"y\":-0.8959943,\"w\":-0.44406566},\"Storages\":[]},{\"Id\":53,\"Pos\":{\"x\":-614.738342,\"y\":95.61971,\"z\":588.8908},\"Rot\":{\"y\":-4.21468478E-08,\"w\":1.0},\"Storages\":[]},{\"Id\":63,\"Pos\":{\"x\":-633.4396,\"y\":94.9251862,\"z\":585.6667},\"Rot\":{\"y\":-0.5755111,\"w\":0.817793965},\"Storages\":[]},{\"Id\":55,\"Pos\":{\"x\":-653.474854,\"y\":102.483582,\"z\":563.806335},\"Rot\":{\"x\":0.00253992784,\"y\":0.651232064,\"z\":-0.0021796613,\"w\":0.7588713},\"Storages\":[]},{\"Id\":21,\"Pos\":{\"x\":-626.9301,\"y\":94.355484,\"z\":555.1446},\"Rot\":{\"x\":0.0805554,\"y\":0.826133668,\"z\":-0.02624664,\"w\":0.557068348},\"Storages\":[]},{\"Id\":61,\"Pos\":{\"x\":-611.49585,\"y\":97.08919,\"z\":578.0293},\"Rot\":{\"y\":0.6844975,\"w\":0.7290153},\"Storages\":[{\"Version\":\"0.0.0\",\"ItemBlocks\":[{\"ItemId\":651,\"TotalCount\":1,\"UniqueItems\":[]}]}]},{\"Id\":27,\"Pos\":{\"x\":-626.45575,\"y\":93.8974838,\"z\":564.3978},\"Rot\":{\"y\":0.13515386,\"w\":0.99082464},\"Storages\":[{\"Version\":\"0.0.0\",\"ItemBlocks\":[]}]},{\"Id\":66,\"Pos\":{\"x\":-608.9059,\"y\":95.5014648,\"z\":583.482239},\"Rot\":{\"y\":1.0,\"z\":5.96046377E-08},\"Storages\":[]}]}"}}