{"Version":"0.0.0","Data":{"ScrewStructureInstances":"{\"_structures\":[{\"Id\":75,\"Pos\":{\"x\":-618.690857,\"y\":94.6796,\"z\":572.869934},\"Rot\":{\"w\":1.0},\"Storages\":[]},{\"Id\":31,\"Pos\":{\"x\":-621.9203,\"y\":94.67822,\"z\":567.563},\"Rot\":{\"y\":0.997799158,\"w\":0.06630888},\"Storages\":[{\"Version\":\"0.0.0\",\"ItemBlocks\":[{\"ItemId\":393,\"TotalCount\":17,\"UniqueItems\":[]}]}]},{\"Id\":25,\"Pos\":{\"x\":-618.631958,\"y\":94.67885,\"z\":571.2333},\"Rot\":{\"y\":0.01716807,\"w\":-0.999852657},\"Storages\":[]},{\"Id\":56,\"Pos\":{\"x\":-607.4953,\"y\":93.75961,\"z\":583.0651},\"Rot\":{\"y\":0.999999762,\"w\":-0.000738306844},\"Storages\":[]},{\"Id\":50,\"Pos\":{\"x\":-614.4644,\"y\":93.9159,\"z\":575.5014},\"Rot\":{\"x\":-0.0689490139,\"y\":-0.637130737,\"z\":0.0209589489,\"w\":0.767379463},\"Storages\":[]},{\"Id\":50,\"Pos\":{\"x\":-616.5543,\"y\":94.10193,\"z\":575.880859},\"Rot\":{\"x\":-0.07232386,\"y\":-0.6372876,\"z\":0.012186056,\"w\":0.767127931},\"Storages\":[]},{\"Id\":32,\"Pos\":{\"x\":-619.2719,\"y\":94.6791,\"z\":567.780151},\"Rot\":{\"y\":0.019405013,\"w\":-0.9998117},\"Storages\":[{\"Version\":\"0.0.0\",\"ItemBlocks\":[{\"ItemId\":405,\"TotalCount\":50,\"UniqueItems\":[]}]}]},{\"Id\":32,\"Pos\":{\"x\":-619.251038,\"y\":94.67824,\"z\":566.9046},\"Rot\":{\"y\":0.019405013,\"w\":-0.9998117},\"Storages\":[{\"Version\":\"0.0.0\",\"ItemBlocks\":[{\"ItemId\":405,\"TotalCount\":50,\"UniqueItems\":[]}]}]},{\"Id\":32,\"Pos\":{\"x\":-618.5773,\"y\":94.67907,\"z\":567.7872},\"Rot\":{\"y\":-0.00139125937,\"w\":-0.999999046},\"Storages\":[{\"Version\":\"0.0.0\",\"ItemBlocks\":[{\"ItemId\":405,\"TotalCount\":47,\"UniqueItems\":[]}]}]},{\"Id\":20,\"Pos\":{\"x\":-617.0415,\"y\":94.6798,\"z\":573.0538},\"Rot\":{\"y\":-0.7360922,\"w\":0.676881254},\"Storages\":[]},{\"Id\":20,\"Pos\":{\"x\":-617.546936,\"y\":94.6797943,\"z\":574.1589},\"Rot\":{\"y\":-0.923033,\"w\":0.384720773},\"Storages\":[]},{\"Id\":27,\"Pos\":{\"x\":-629.44,\"y\":93.78259,\"z\":572.205261},\"Rot\":{\"y\":0.5675717,\"w\":-0.823323965},\"Storages\":[{\"Version\":\"0.0.0\",\"ItemBlocks\":[{\"ItemId\":433,\"TotalCount\":1,\"UniqueItems\":[{\"Modules\":[{\"CurrentState\":4,\"TimeRemainingInState\":172800.0,\"PauseDecay\":true,\"Version\":\"0.0.0\",\"ModuleId\":3}]}]},{\"ItemId\":436,\"TotalCount\":3,\"UniqueItems\":[{\"Modules\":[{\"CurrentState\":4,\"TimeRemainingInState\":172800.0,\"PauseDecay\":true,\"Version\":\"0.0.0\",\"ModuleId\":3}]},{\"Modules\":[{\"CurrentState\":4,\"TimeRemainingInState\":172800.0,\"PauseDecay\":true,\"Version\":\"0.0.0\",\"ModuleId\":3}]},{\"Modules\":[{\"CurrentState\":4,\"TimeRemainingInState\":172800.0,\"PauseDecay\":true,\"Version\":\"0.0.0\",\"ModuleId\":3}]}]}]}]},{\"Id\":35,\"Pos\":{\"x\":-604.1276,\"y\":91.4687042,\"z\":608.6888},\"Rot\":{\"x\":-0.0679222047,\"z\":-0.136461928,\"w\":0.9883141},\"Storages\":[{\"Version\":\"0.0.0\",\"ItemBlocks\":[{\"ItemId\":436,\"TotalCount\":5,\"UniqueItems\":[{\"Modules\":[{\"CurrentState\":1,\"TimeRemainingInState\":86400.0,\"PauseDecay\":true,\"Version\":\"0.0.0\",\"ModuleId\":3}]},{\"Modules\":[{\"CurrentState\":1,\"TimeRemainingInState\":86400.0,\"PauseDecay\":true,\"Version\":\"0.0.0\",\"ModuleId\":3}]},{\"Modules\":[{\"CurrentState\":1,\"TimeRemainingInState\":86400.0,\"PauseDecay\":true,\"Version\":\"0.0.0\",\"ModuleId\":3}]},{\"Modules\":[{\"CurrentState\":1,\"TimeRemainingInState\":86400.0,\"PauseDecay\":true,\"Version\":\"0.0.0\",\"ModuleId\":3}]},{\"Modules\":[{\"CurrentState\":1,\"TimeRemainingInState\":86400.0,\"PauseDecay\":true,\"Version\":\"0.0.0\",\"ModuleId\":3}]}]}]}]},{\"Id\":35,\"Pos\":{\"x\":-602.8901,\"y\":91.14645,\"z\":608.6731},\"Rot\":{\"x\":-0.068967104,\"z\":-0.114534639,\"w\":0.9910224},\"Storages\":[{\"Version\":\"0.0.0\",\"ItemBlocks\":[{\"ItemId\":436,\"TotalCount\":5,\"UniqueItems\":[{\"Modules\":[{\"CurrentState\":1,\"TimeRemainingInState\":86400.0,\"PauseDecay\":true,\"Version\":\"0.0.0\",\"ModuleId\":3}]},{\"Modules\":[{\"CurrentState\":1,\"TimeRemainingInState\":86400.0,\"PauseDecay\":true,\"Version\":\"0.0.0\",\"ModuleId\":3}]},{\"Modules\":[{\"CurrentState\":1,\"TimeRemainingInState\":86400.0,\"PauseDecay\":true,\"Version\":\"0.0.0\",\"ModuleId\":3}]},{\"Modules\":[{\"CurrentState\":1,\"TimeRemainingInState\":86400.0,\"PauseDecay\":true,\"Version\":\"0.0.0\",\"ModuleId\":3}]},{\"Modules\":[{\"CurrentState\":1,\"TimeRemainingInState\":86400.0,\"PauseDecay\":true,\"Version\":\"0.0.0\",\"ModuleId\":3}]}]}]}]},{\"Id\":35,\"Pos\":{\"x\":-605.2772,\"y\":91.8068,\"z\":608.5472},\"Rot\":{\"x\":-0.0563254245,\"z\":-0.1578351,\"w\":0.9858578},\"Storages\":[{\"Version\":\"0.0.0\",\"ItemBlocks\":[{\"ItemId\":436,\"TotalCount\":5,\"UniqueItems\":[{\"Modules\":[{\"CurrentState\":1,\"TimeRemainingInState\":86400.0,\"PauseDecay\":true,\"Version\":\"0.0.0\",\"ModuleId\":3}]},{\"Modules\":[{\"CurrentState\":1,\"TimeRemainingInState\":86400.0,\"PauseDecay\":true,\"Version\":\"0.0.0\",\"ModuleId\":3}]},{\"Modules\":[{\"CurrentState\":1,\"TimeRemainingInState\":86400.0,\"PauseDecay\":true,\"Version\":\"0.0.0\",\"ModuleId\":3}]},{\"Modules\":[{\"CurrentState\":1,\"TimeRemainingInState\":86400.0,\"PauseDecay\":true,\"Version\":\"0.0.0\",\"ModuleId\":3}]},{\"Modules\":[{\"CurrentState\":1,\"TimeRemainingInState\":86400.0,\"PauseDecay\":true,\"Version\":\"0.0.0\",\"ModuleId\":3}]}]}]}]},{\"Id\":27,\"Pos\":{\"x\":-630.084534,\"y\":93.82917,\"z\":569.716},\"Rot\":{\"x\":-0.00184181239,\"y\":-0.499250919,\"z\":-0.0264210645,\"w\":0.8660526},\"Storages\":[{\"Version\":\"0.0.0\",\"ItemBlocks\":[{\"ItemId\":481,\"TotalCount\":1,\"UniqueItems\":[{\"Modules\":[{\"Version\":\"0.0.0\"},{\"SourceActorType\":15,\"Version\":\"0.0.0\",\"ModuleId\":1},{\"CurrentState\":3,\"PauseDecay\":true,\"Version\":\"0.0.0\",\"ModuleId\":3}]}]},{\"ItemId\":480,\"TotalCount\":1,\"UniqueItems\":[{\"Modules\":[{\"Version\":\"0.0.0\"},{\"SourceActorType\":14,\"Version\":\"0.0.0\",\"ModuleId\":1},{\"CurrentState\":3,\"PauseDecay\":true,\"Version\":\"0.0.0\",\"ModuleId\":3}]}]}]}]},{\"Id\":53,\"Pos\":{\"x\":-617.454651,\"y\":95.7429047,\"z\":588.771545},\"Rot\":{\"y\":1.49011626E-07,\"w\":1.0},\"Storages\":[]},{\"Id\":27,\"Pos\":{\"x\":-623.2654,\"y\":93.8974838,\"z\":563.642334},\"Rot\":{\"y\":0.154213,\"w\":0.988037646},\"Storages\":[{\"Version\":\"0.0.0\",\"ItemBlocks\":[{\"ItemId\":436,\"TotalCount\":4,\"UniqueItems\":[{\"Modules\":[{\"CurrentState\":4,\"TimeRemainingInState\":172800.0,\"PauseDecay\":true,\"Version\":\"0.0.0\",\"ModuleId\":3}]},{\"Modules\":[{\"CurrentState\":4,\"TimeRemainingInState\":172800.0,\"PauseDecay\":true,\"Version\":\"0.0.0\",\"ModuleId\":3}]},{\"Modules\":[{\"CurrentState\":4,\"TimeRemainingInState\":172800.0,\"PauseDecay\":true,\"Version\":\"0.0.0\",\"ModuleId\":3}]},{\"Modules\":[{\"CurrentState\":4,\"TimeRemainingInState\":172800.0,\"PauseDecay\":true,\"Version\":\"0.0.0\",\"ModuleId\":3}]}]}]}]},{\"Id\":52,\"Pos\":{\"x\":-612.971436,\"y\":94.6797943,\"z\":570.7958},\"Rot\":{\"y\":-0.9997694,\"w\":-0.02147556},\"Storages\":[]},{\"Pos\":{\"x\":-621.9444,\"y\":96.2230759,\"z\":582.6164},\"Rot\":{\"x\":-0.0110431192,\"y\":-0.032564126,\"z\":-0.000359822356,\"w\":0.9994086},\"Storages\":[{\"Version\":\"0.0.0\",\"ItemBlocks\":[{\"ItemId\":479,\"TotalCount\":5,\"UniqueItems\":[]}]}]},{\"Pos\":{\"x\":-622.8416,\"y\":96.19217,\"z\":582.493835},\"Rot\":{\"x\":0.0247900654,\"y\":-0.0325269029,\"z\":0.000807019358,\"w\":0.9991631},\"Storages\":[{\"Version\":\"0.0.0\",\"ItemBlocks\":[{\"ItemId\":479,\"TotalCount\":5,\"UniqueItems\":[]}]}]},{\"Id\":49,\"Pos\":{\"x\":-621.3907,\"y\":97.37772,\"z\":566.547546},\"Rot\":{\"y\":-0.9994304,\"w\":-0.0337481052},\"Storages\":[{\"Version\":\"0.0.0\",\"ItemBlocks\":[{\"ItemId\":434,\"TotalCount\":6,\"UniqueItems\":[]}]},{\"Version\":\"0.0.0\",\"ItemBlocks\":[{\"ItemId\":441,\"TotalCount\":5,\"UniqueItems\":[]}]},{\"Version\":\"0.0.0\",\"ItemBlocks\":[]},{\"Version\":\"0.0.0\",\"ItemBlocks\":[{\"ItemId\":527,\"TotalCount\":2,\"UniqueItems\":[]}]},{\"Version\":\"0.0.0\",\"ItemBlocks\":[{\"ItemId\":439,\"TotalCount\":10,\"UniqueItems\":[]}]},{\"Version\":\"0.0.0\",\"ItemBlocks\":[{\"ItemId\":439,\"TotalCount\":1,\"UniqueItems\":[]}]},{\"Version\":\"0.0.0\",\"ItemBlocks\":[{\"ItemId\":434,\"TotalCount\":4,\"UniqueItems\":[]}]},{\"Version\":\"0.0.0\",\"ItemBlocks\":[]},{\"Version\":\"0.0.0\",\"ItemBlocks\":[{\"ItemId\":434,\"TotalCount\":6,\"UniqueItems\":[]}]},{\"Version\":\"0.0.0\",\"ItemBlocks\":[{\"ItemId\":434,\"TotalCount\":6,\"UniqueItems\":[]}]},{\"Version\":\"0.0.0\",\"ItemBlocks\":[{\"ItemId\":434,\"TotalCount\":6,\"UniqueItems\":[]}]},{\"Version\":\"0.0.0\",\"ItemBlocks\":[{\"ItemId\":434,\"TotalCount\":2,\"UniqueItems\":[]}]}]},{\"Id\":49,\"Pos\":{\"x\":-619.852661,\"y\":97.3779,\"z\":566.60144},\"Rot\":{\"y\":-0.9994304,\"w\":-0.0337481052},\"Storages\":[{\"Version\":\"0.0.0\",\"ItemBlocks\":[{\"ItemId\":420,\"TotalCount\":3,\"UniqueItems\":[]}]},{\"Version\":\"0.0.0\",\"ItemBlocks\":[{\"ItemId\":420,\"TotalCount\":3,\"UniqueItems\":[]}]},{\"Version\":\"0.0.0\",\"ItemBlocks\":[{\"ItemId\":420,\"TotalCount\":3,\"UniqueItems\":[]}]},{\"Version\":\"0.0.0\",\"ItemBlocks\":[{\"ItemId\":420,\"TotalCount\":3,\"UniqueItems\":[]}]},{\"Version\":\"0.0.0\",\"ItemBlocks\":[{\"ItemId\":420,\"TotalCount\":3,\"UniqueItems\":[]}]},{\"Version\":\"0.0.0\",\"ItemBlocks\":[{\"ItemId\":420,\"TotalCount\":3,\"UniqueItems\":[]}]},{\"Version\":\"0.0.0\",\"ItemBlocks\":[{\"ItemId\":420,\"TotalCount\":3,\"UniqueItems\":[]}]},{\"Version\":\"0.0.0\",\"ItemBlocks\":[{\"ItemId\":420,\"TotalCount\":3,\"UniqueItems\":[]}]},{\"Version\":\"0.0.0\",\"ItemBlocks\":[{\"ItemId\":420,\"TotalCount\":3,\"UniqueItems\":[]}]},{\"Version\":\"0.0.0\",\"ItemBlocks\":[{\"ItemId\":420,\"TotalCount\":3,\"UniqueItems\":[]}]},{\"Version\":\"0.0.0\",\"ItemBlocks\":[{\"ItemId\":420,\"TotalCount\":3,\"UniqueItems\":[]}]},{\"Version\":\"0.0.0\",\"ItemBlocks\":[{\"ItemId\":420,\"TotalCount\":1,\"UniqueItems\":[]}]}]},{\"Id\":49,\"Pos\":{\"x\":-616.910645,\"y\":97.37864,\"z\":566.834045},\"Rot\":{\"y\":-0.9994304,\"w\":-0.0337481052},\"Storages\":[{\"Version\":\"0.0.0\",\"ItemBlocks\":[{\"ItemId\":440,\"TotalCount\":10,\"UniqueItems\":[]}]},{\"Version\":\"0.0.0\",\"ItemBlocks\":[{\"ItemId\":440,\"TotalCount\":10,\"UniqueItems\":[]}]},{\"Version\":\"0.0.0\",\"ItemBlocks\":[{\"ItemId\":440,\"TotalCount\":10,\"UniqueItems\":[]}]},{\"Version\":\"0.0.0\",\"ItemBlocks\":[{\"ItemId\":440,\"TotalCount\":10,\"UniqueItems\":[]}]},{\"Version\":\"0.0.0\",\"ItemBlocks\":[{\"ItemId\":440,\"TotalCount\":10,\"UniqueItems\":[]}]},{\"Version\":\"0.0.0\",\"ItemBlocks\":[{\"ItemId\":410,\"TotalCount\":10,\"UniqueItems\":[]}]},{\"Version\":\"0.0.0\",\"ItemBlocks\":[{\"ItemId\":410,\"TotalCount\":10,\"UniqueItems\":[]}]},{\"Version\":\"0.0.0\",\"ItemBlocks\":[{\"ItemId\":410,\"TotalCount\":10,\"UniqueItems\":[]}]},{\"Version\":\"0.0.0\",\"ItemBlocks\":[{\"ItemId\":420,\"TotalCount\":3,\"UniqueItems\":[]}]},{\"Version\":\"0.0.0\",\"ItemBlocks\":[{\"ItemId\":416,\"TotalCount\":6,\"UniqueItems\":[]}]},{\"Version\":\"0.0.0\",\"ItemBlocks\":[{\"ItemId\":416,\"TotalCount\":6,\"UniqueItems\":[]}]},{\"Version\":\"0.0.0\",\"ItemBlocks\":[{\"ItemId\":416,\"TotalCount\":6,\"UniqueItems\":[]}]}]},{\"Id\":49,\"Pos\":{\"x\":-615.4319,\"y\":97.37936,\"z\":566.9216},\"Rot\":{\"y\":-0.9994304,\"w\":-0.0337481052},\"Storages\":[{\"Version\":\"0.0.0\",\"ItemBlocks\":[{\"ItemId\":553,\"TotalCount\":1,\"UniqueItems\":[]}]},{\"Version\":\"0.0.0\",\"ItemBlocks\":[{\"ItemId\":373,\"TotalCount\":20,\"UniqueItems\":[]}]},{\"Version\":\"0.0.0\",\"ItemBlocks\":[{\"ItemId\":364,\"TotalCount\":19,\"UniqueItems\":[]}]},{\"Version\":\"0.0.0\",\"ItemBlocks\":[{\"ItemId\":368,\"TotalCount\":20,\"UniqueItems\":[]}]},{\"Version\":\"0.0.0\",\"ItemBlocks\":[]},{\"Version\":\"0.0.0\",\"ItemBlocks\":[{\"ItemId\":369,\"TotalCount\":42,\"UniqueItems\":[]}]},{\"Version\":\"0.0.0\",\"ItemBlocks\":[]},{\"Version\":\"0.0.0\",\"ItemBlocks\":[{\"ItemId\":364,\"TotalCount\":15,\"UniqueItems\":[]}]},{\"Version\":\"0.0.0\",\"ItemBlocks\":[{\"ItemId\":479,\"TotalCount\":46,\"UniqueItems\":[]}]},{\"Version\":\"0.0.0\",\"ItemBlocks\":[{\"ItemId\":479,\"TotalCount\":16,\"UniqueItems\":[]}]},{\"Version\":\"0.0.0\",\"ItemBlocks\":[{\"ItemId\":553,\"TotalCount\":5,\"UniqueItems\":[]}]},{\"Version\":\"0.0.0\",\"ItemBlocks\":[{\"ItemId\":553,\"TotalCount\":5,\"UniqueItems\":[]}]}]},{\"Id\":49,\"Pos\":{\"x\":-618.361,\"y\":97.37755,\"z\":566.7565},\"Rot\":{\"y\":-0.03988192,\"w\":0.9992044},\"Storages\":[{\"Version\":\"0.0.0\",\"ItemBlocks\":[{\"ItemId\":527,\"TotalCount\":6,\"UniqueItems\":[]}]},{\"Version\":\"0.0.0\",\"ItemBlocks\":[{\"ItemId\":523,\"TotalCount\":4,\"UniqueItems\":[]}]},{\"Version\":\"0.0.0\",\"ItemBlocks\":[{\"ItemId\":523,\"TotalCount\":4,\"UniqueItems\":[]}]},{\"Version\":\"0.0.0\",\"ItemBlocks\":[{\"ItemId\":523,\"TotalCount\":4,\"UniqueItems\":[]}]},{\"Version\":\"0.0.0\",\"ItemBlocks\":[{\"ItemId\":527,\"TotalCount\":6,\"UniqueItems\":[]}]},{\"Version\":\"0.0.0\",\"ItemBlocks\":[{\"ItemId\":527,\"TotalCount\":6,\"UniqueItems\":[]}]},{\"Version\":\"0.0.0\",\"ItemBlocks\":[{\"ItemId\":527,\"TotalCount\":6,\"UniqueItems\":[]}]},{\"Version\":\"0.0.0\",\"ItemBlocks\":[{\"ItemId\":527,\"TotalCount\":6,\"UniqueItems\":[]}]},{\"Version\":\"0.0.0\",\"ItemBlocks\":[{\"ItemId\":420,\"TotalCount\":3,\"UniqueItems\":[]}]},{\"Version\":\"0.0.0\",\"ItemBlocks\":[{\"ItemId\":420,\"TotalCount\":3,\"UniqueItems\":[]}]},{\"Version\":\"0.0.0\",\"ItemBlocks\":[{\"ItemId\":420,\"TotalCount\":3,\"UniqueItems\":[]}]},{\"Version\":\"0.0.0\",\"ItemBlocks\":[{\"ItemId\":420,\"TotalCount\":3,\"UniqueItems\":[]}]}]},{\"Id\":49,\"Pos\":{\"x\":-614.0355,\"y\":97.3794861,\"z\":567.4412},\"Rot\":{\"y\":-0.6869408,\"w\":-0.7267134},\"Storages\":[{\"Version\":\"0.0.0\",\"ItemBlocks\":[{\"ItemId\":419,\"TotalCount\":10,\"UniqueItems\":[]}]},{\"Version\":\"0.0.0\",\"ItemBlocks\":[{\"ItemId\":419,\"TotalCount\":10,\"UniqueItems\":[]}]},{\"Version\":\"0.0.0\",\"ItemBlocks\":[{\"ItemId\":419,\"TotalCount\":10,\"UniqueItems\":[]}]},{\"Version\":\"0.0.0\",\"ItemBlocks\":[{\"ItemId\":419,\"TotalCount\":10,\"UniqueItems\":[]}]},{\"Version\":\"0.0.0\",\"ItemBlocks\":[{\"ItemId\":419,\"TotalCount\":10,\"UniqueItems\":[]}]},{\"Version\":\"0.0.0\",\"ItemBlocks\":[{\"ItemId\":419,\"TotalCount\":10,\"UniqueItems\":[]}]},{\"Version\":\"0.0.0\",\"ItemBlocks\":[{\"ItemId\":419,\"TotalCount\":10,\"UniqueItems\":[]}]},{\"Version\":\"0.0.0\",\"ItemBlocks\":[{\"ItemId\":419,\"TotalCount\":10,\"UniqueItems\":[]}]},{\"Version\":\"0.0.0\",\"ItemBlocks\":[{\"ItemId\":419,\"TotalCount\":10,\"UniqueItems\":[]}]},{\"Version\":\"0.0.0\",\"ItemBlocks\":[{\"ItemId\":417,\"TotalCount\":3,\"UniqueItems\":[]}]},{\"Version\":\"0.0.0\",\"ItemBlocks\":[{\"ItemId\":417,\"TotalCount\":3,\"UniqueItems\":[]}]},{\"Version\":\"0.0.0\",\"ItemBlocks\":[{\"ItemId\":417,\"TotalCount\":2,\"UniqueItems\":[]}]}]},{\"Id\":49,\"Pos\":{\"x\":-622.0742,\"y\":97.37777,\"z\":567.483154},\"Rot\":{\"y\":-0.6869408,\"w\":-0.7267134},\"Storages\":[{\"Version\":\"0.0.0\",\"ItemBlocks\":[{\"ItemId\":403,\"TotalCount\":2,\"UniqueItems\":[]}]},{\"Version\":\"0.0.0\",\"ItemBlocks\":[{\"ItemId\":403,\"TotalCount\":8,\"UniqueItems\":[]}]},{\"Version\":\"0.0.0\",\"ItemBlocks\":[{\"ItemId\":403,\"TotalCount\":8,\"UniqueItems\":[]}]},{\"Version\":\"0.0.0\",\"ItemBlocks\":[{\"ItemId\":403,\"TotalCount\":8,\"UniqueItems\":[]}]},{\"Version\":\"0.0.0\",\"ItemBlocks\":[{\"ItemId\":403,\"TotalCount\":8,\"UniqueItems\":[]}]},{\"Version\":\"0.0.0\",\"ItemBlocks\":[{\"ItemId\":403,\"TotalCount\":8,\"UniqueItems\":[]}]},{\"Version\":\"0.0.0\",\"ItemBlocks\":[{\"ItemId\":403,\"TotalCount\":8,\"UniqueItems\":[]}]},{\"Version\":\"0.0.0\",\"ItemBlocks\":[{\"ItemId\":403,\"TotalCount\":8,\"UniqueItems\":[]}]},{\"Version\":\"0.0.0\",\"ItemBlocks\":[{\"ItemId\":403,\"TotalCount\":8,\"UniqueItems\":[]}]},{\"Version\":\"0.0.0\",\"ItemBlocks\":[{\"ItemId\":403,\"TotalCount\":8,\"UniqueItems\":[]}]},{\"Version\":\"0.0.0\",\"ItemBlocks\":[{\"ItemId\":403,\"TotalCount\":8,\"UniqueItems\":[]}]},{\"Version\":\"0.0.0\",\"ItemBlocks\":[{\"ItemId\":403,\"TotalCount\":8,\"UniqueItems\":[]}]}]},{\"Id\":49,\"Pos\":{\"x\":-622.164856,\"y\":97.3777161,\"z\":569.421},\"Rot\":{\"y\":-0.6869408,\"w\":-0.7267134},\"Storages\":[{\"Version\":\"0.0.0\",\"ItemBlocks\":[{\"ItemId\":504,\"TotalCount\":4,\"UniqueItems\":[]}]},{\"Version\":\"0.0.0\",\"ItemBlocks\":[{\"ItemId\":504,\"TotalCount\":4,\"UniqueItems\":[]}]},{\"Version\":\"0.0.0\",\"ItemBlocks\":[{\"ItemId\":504,\"TotalCount\":4,\"UniqueItems\":[]}]},{\"Version\":\"0.0.0\",\"ItemBlocks\":[{\"ItemId\":504,\"TotalCount\":4,\"UniqueItems\":[]}]},{\"Version\":\"0.0.0\",\"ItemBlocks\":[{\"ItemId\":504,\"TotalCount\":4,\"UniqueItems\":[]}]},{\"Version\":\"0.0.0\",\"ItemBlocks\":[{\"ItemId\":504,\"TotalCount\":4,\"UniqueItems\":[]}]},{\"Version\":\"0.0.0\",\"ItemBlocks\":[{\"ItemId\":504,\"TotalCount\":4,\"UniqueItems\":[]}]},{\"Version\":\"0.0.0\",\"ItemBlocks\":[{\"ItemId\":504,\"TotalCount\":4,\"UniqueItems\":[]}]},{\"Version\":\"0.0.0\",\"ItemBlocks\":[{\"ItemId\":504,\"TotalCount\":4,\"UniqueItems\":[]}]},{\"Version\":\"0.0.0\",\"ItemBlocks\":[{\"ItemId\":504,\"TotalCount\":4,\"UniqueItems\":[]}]},{\"Version\":\"0.0.0\",\"ItemBlocks\":[{\"ItemId\":504,\"TotalCount\":4,\"UniqueItems\":[]}]},{\"Version\":\"0.0.0\",\"ItemBlocks\":[{\"ItemId\":504,\"TotalCount\":4,\"UniqueItems\":[]}]}]},{\"Id\":49,\"Pos\":{\"x\":-622.325256,\"y\":97.37637,\"z\":571.6373},\"Rot\":{\"y\":-0.6869408,\"w\":-0.7267134},\"Storages\":[{\"Version\":\"0.0.0\",\"ItemBlocks\":[{\"ItemId\":414,\"TotalCount\":6,\"UniqueItems\":[]}]},{\"Version\":\"0.0.0\",\"ItemBlocks\":[{\"ItemId\":472,\"TotalCount\":3,\"UniqueItems\":[]}]},{\"Version\":\"0.0.0\",\"ItemBlocks\":[{\"ItemId\":472,\"TotalCount\":2,\"UniqueItems\":[]}]},{\"Version\":\"0.0.0\",\"ItemBlocks\":[{\"ItemId\":472,\"TotalCount\":2,\"UniqueItems\":[]}]},{\"Version\":\"0.0.0\",\"ItemBlocks\":[{\"ItemId\":414,\"TotalCount\":6,\"UniqueItems\":[]}]},{\"Version\":\"0.0.0\",\"ItemBlocks\":[{\"ItemId\":414,\"TotalCount\":6,\"UniqueItems\":[]}]},{\"Version\":\"0.0.0\",\"ItemBlocks\":[{\"ItemId\":414,\"TotalCount\":6,\"UniqueItems\":[]}]},{\"Version\":\"0.0.0\",\"ItemBlocks\":[{\"ItemId\":414,\"TotalCount\":6,\"UniqueItems\":[]}]},{\"Version\":\"0.0.0\",\"ItemBlocks\":[{\"ItemId\":414,\"TotalCount\":6,\"UniqueItems\":[]}]},{\"Version\":\"0.0.0\",\"ItemBlocks\":[{\"ItemId\":414,\"TotalCount\":6,\"UniqueItems\":[]}]},{\"Version\":\"0.0.0\",\"ItemBlocks\":[{\"ItemId\":414,\"TotalCount\":6,\"UniqueItems\":[]}]},{\"Version\":\"0.0.0\",\"ItemBlocks\":[{\"ItemId\":414,\"TotalCount\":5,\"UniqueItems\":[]}]}]},{\"Id\":49,\"Pos\":{\"x\":-622.476868,\"y\":97.3773041,\"z\":573.904541},\"Rot\":{\"y\":-0.6869408,\"w\":-0.7267134},\"Storages\":[{\"Version\":\"0.0.0\",\"ItemBlocks\":[{\"ItemId\":434,\"TotalCount\":3,\"UniqueItems\":[]}]},{\"Version\":\"0.0.0\",\"ItemBlocks\":[{\"ItemId\":373,\"TotalCount\":20,\"UniqueItems\":[]}]},{\"Version\":\"0.0.0\",\"ItemBlocks\":[{\"ItemId\":368,\"TotalCount\":19,\"UniqueItems\":[]}]},{\"Version\":\"0.0.0\",\"ItemBlocks\":[{\"ItemId\":403,\"TotalCount\":1,\"UniqueItems\":[]}]},{\"Version\":\"0.0.0\",\"ItemBlocks\":[{\"ItemId\":496,\"TotalCount\":1,\"UniqueItems\":[]}]},{\"Version\":\"0.0.0\",\"ItemBlocks\":[{\"ItemId\":496,\"TotalCount\":20,\"UniqueItems\":[]}]},{\"Version\":\"0.0.0\",\"ItemBlocks\":[{\"ItemId\":363,\"TotalCount\":5,\"UniqueItems\":[]}]},{\"Version\":\"0.0.0\",\"ItemBlocks\":[{\"ItemId\":496,\"TotalCount\":100,\"UniqueItems\":[]}]},{\"Version\":\"0.0.0\",\"ItemBlocks\":[{\"ItemId\":466,\"TotalCount\":5,\"UniqueItems\":[]}]},{\"Version\":\"0.0.0\",\"ItemBlocks\":[{\"ItemId\":466,\"TotalCount\":5,\"UniqueItems\":[]}]},{\"Version\":\"0.0.0\",\"ItemBlocks\":[{\"ItemId\":420,\"TotalCount\":3,\"UniqueItems\":[]}]},{\"Version\":\"0.0.0\",\"ItemBlocks\":[{\"ItemId\":527,\"TotalCount\":3,\"UniqueItems\":[]}]}]},{\"Id\":49,\"Pos\":{\"x\":-622.6353,\"y\":97.37712,\"z\":576.0841},\"Rot\":{\"y\":-0.6869408,\"w\":-0.7267134},\"Storages\":[{\"Version\":\"0.0.0\",\"ItemBlocks\":[{\"ItemId\":373,\"TotalCount\":2,\"UniqueItems\":[]}]},{\"Version\":\"0.0.0\",\"ItemBlocks\":[{\"ItemId\":415,\"TotalCount\":20,\"UniqueItems\":[]}]},{\"Version\":\"0.0.0\",\"ItemBlocks\":[{\"ItemId\":419,\"TotalCount\":10,\"UniqueItems\":[]}]},{\"Version\":\"0.0.0\",\"ItemBlocks\":[{\"ItemId\":390,\"TotalCount\":4,\"UniqueItems\":[]}]},{\"Version\":\"0.0.0\",\"ItemBlocks\":[{\"ItemId\":390,\"TotalCount\":4,\"UniqueItems\":[]}]},{\"Version\":\"0.0.0\",\"ItemBlocks\":[{\"ItemId\":418,\"TotalCount\":12,\"UniqueItems\":[]}]},{\"Version\":\"0.0.0\",\"ItemBlocks\":[{\"ItemId\":414,\"TotalCount\":6,\"UniqueItems\":[]}]},{\"Version\":\"0.0.0\",\"ItemBlocks\":[{\"ItemId\":410,\"TotalCount\":10,\"UniqueItems\":[]}]},{\"Version\":\"0.0.0\",\"ItemBlocks\":[{\"ItemId\":403,\"TotalCount\":8,\"UniqueItems\":[]}]},{\"Version\":\"0.0.0\",\"ItemBlocks\":[{\"ItemId\":518,\"TotalCount\":1,\"UniqueItems\":[]}]},{\"Version\":\"0.0.0\",\"ItemBlocks\":[{\"ItemId\":420,\"TotalCount\":3,\"UniqueItems\":[]}]},{\"Version\":\"0.0.0\",\"ItemBlocks\":[{\"ItemId\":527,\"TotalCount\":3,\"UniqueItems\":[]}]}]},{\"Id\":49,\"Pos\":{\"x\":-614.245,\"y\":97.37956,\"z\":572.1702},\"Rot\":{\"x\":-0.001074338,\"y\":-0.6869401,\"z\":0.00103003369,\"w\":-0.726712644},\"Storages\":[{\"Version\":\"0.0.0\",\"ItemBlocks\":[{\"ItemId\":419,\"TotalCount\":10,\"UniqueItems\":[]}]},{\"Version\":\"0.0.0\",\"ItemBlocks\":[{\"ItemId\":419,\"TotalCount\":10,\"UniqueItems\":[]}]},{\"Version\":\"0.0.0\",\"ItemBlocks\":[{\"ItemId\":440,\"TotalCount\":10,\"UniqueItems\":[]}]},{\"Version\":\"0.0.0\",\"ItemBlocks\":[{\"ItemId\":387,\"TotalCount\":1,\"UniqueItems\":[]}]},{\"Version\":\"0.0.0\",\"ItemBlocks\":[{\"ItemId\":502,\"TotalCount\":100,\"UniqueItems\":[]}]},{\"Version\":\"0.0.0\",\"ItemBlocks\":[{\"ItemId\":410,\"TotalCount\":10,\"UniqueItems\":[]}]},{\"Version\":\"0.0.0\",\"ItemBlocks\":[{\"ItemId\":440,\"TotalCount\":10,\"UniqueItems\":[]}]},{\"Version\":\"0.0.0\",\"ItemBlocks\":[{\"ItemId\":362,\"TotalCount\":15,\"UniqueItems\":[]}]},{\"Version\":\"0.0.0\",\"ItemBlocks\":[{\"ItemId\":502,\"TotalCount\":100,\"UniqueItems\":[]}]},{\"Version\":\"0.0.0\",\"ItemBlocks\":[{\"ItemId\":502,\"TotalCount\":100,\"UniqueItems\":[]}]},{\"Version\":\"0.0.0\",\"ItemBlocks\":[{\"ItemId\":496,\"TotalCount\":100,\"UniqueItems\":[]}]},{\"Version\":\"0.0.0\",\"ItemBlocks\":[{\"ItemId\":496,\"TotalCount\":100,\"UniqueItems\":[]}]}]},{\"Id\":22,\"Pos\":{\"x\":-622.1129,\"y\":94.67835,\"z\":573.4537},\"Rot\":{\"y\":0.0229573045,\"w\":-0.9997365},\"Storages\":[]},{\"Id\":49,\"Pos\":{\"x\":-612.2679,\"y\":97.3795242,\"z\":576.8522},\"Rot\":{\"x\":-0.0106667634,\"y\":0.7233462,\"z\":-0.0116290562,\"w\":-0.690305233},\"Storages\":[{\"Version\":\"0.0.0\",\"ItemBlocks\":[{\"ItemId\":415,\"TotalCount\":2,\"UniqueItems\":[]}]},{\"Version\":\"0.0.0\",\"ItemBlocks\":[{\"ItemId\":496,\"TotalCount\":100,\"UniqueItems\":[]}]},{\"Version\":\"0.0.0\",\"ItemBlocks\":[{\"ItemId\":440,\"TotalCount\":7,\"UniqueItems\":[]}]},{\"Version\":\"0.0.0\",\"ItemBlocks\":[{\"ItemId\":381,\"TotalCount\":2,\"UniqueItems\":[]}]},{\"Version\":\"0.0.0\",\"ItemBlocks\":[{\"ItemId\":517,\"TotalCount\":1,\"UniqueItems\":[{\"Modules\":[{\"RecipeId\":-1,\"Version\":\"0.0.0\",\"ModuleId\":7}]}]}]},{\"Version\":\"0.0.0\",\"ItemBlocks\":[{\"ItemId\":517,\"TotalCount\":1,\"UniqueItems\":[{\"Modules\":[{\"RecipeId\":-521362042,\"CurrentVolume\":500,\"Version\":\"0.0.0\",\"ModuleId\":7}]}]}]},{\"Version\":\"0.0.0\",\"ItemBlocks\":[{\"ItemId\":420,\"TotalCount\":3,\"UniqueItems\":[]}]},{\"Version\":\"0.0.0\",\"ItemBlocks\":[{\"ItemId\":419,\"TotalCount\":8,\"UniqueItems\":[]}]},{\"Version\":\"0.0.0\",\"ItemBlocks\":[{\"ItemId\":517,\"TotalCount\":1,\"UniqueItems\":[{\"Modules\":[{\"RecipeId\":-1,\"Version\":\"0.0.0\",\"ModuleId\":7}]}]}]},{\"Version\":\"0.0.0\",\"ItemBlocks\":[]},{\"Version\":\"0.0.0\",\"ItemBlocks\":[{\"ItemId\":517,\"TotalCount\":1,\"UniqueItems\":[{\"Modules\":[{\"RecipeId\":-1,\"Version\":\"0.0.0\",\"ModuleId\":7}]}]}]},{\"Version\":\"0.0.0\",\"ItemBlocks\":[{\"ItemId\":517,\"TotalCount\":1,\"UniqueItems\":[{\"Modules\":[{\"RecipeId\":-521362042,\"CurrentVolume\":500,\"Version\":\"0.0.0\",\"ModuleId\":7}]}]}]}]},{\"Id\":49,\"Pos\":{\"x\":-612.422,\"y\":97.37979,\"z\":579.046},\"Rot\":{\"y\":0.723436236,\"w\":-0.6903912},\"Storages\":[{\"Version\":\"0.0.0\",\"ItemBlocks\":[{\"ItemId\":504,\"TotalCount\":4,\"UniqueItems\":[]}]},{\"Version\":\"0.0.0\",\"ItemBlocks\":[{\"ItemId\":415,\"TotalCount\":8,\"UniqueItems\":[]}]},{\"Version\":\"0.0.0\",\"ItemBlocks\":[{\"ItemId\":523,\"TotalCount\":1,\"UniqueItems\":[]}]},{\"Version\":\"0.0.0\",\"ItemBlocks\":[{\"ItemId\":593,\"TotalCount\":3,\"UniqueItems\":[]}]},{\"Version\":\"0.0.0\",\"ItemBlocks\":[{\"ItemId\":420,\"TotalCount\":3,\"UniqueItems\":[]}]},{\"Version\":\"0.0.0\",\"ItemBlocks\":[{\"ItemId\":419,\"TotalCount\":10,\"UniqueItems\":[]}]},{\"Version\":\"0.0.0\",\"ItemBlocks\":[{\"ItemId\":414,\"TotalCount\":6,\"UniqueItems\":[]}]},{\"Version\":\"0.0.0\",\"ItemBlocks\":[{\"ItemId\":410,\"TotalCount\":4,\"UniqueItems\":[]}]},{\"Version\":\"0.0.0\",\"ItemBlocks\":[{\"ItemId\":369,\"TotalCount\":1,\"UniqueItems\":[]}]},{\"Version\":\"0.0.0\",\"ItemBlocks\":[{\"ItemId\":466,\"TotalCount\":1,\"UniqueItems\":[]}]},{\"Version\":\"0.0.0\",\"ItemBlocks\":[{\"ItemId\":517,\"TotalCount\":1,\"UniqueItems\":[{\"Modules\":[{\"RecipeId\":-1,\"Version\":\"0.0.0\",\"ModuleId\":7}]}]}]},{\"Version\":\"0.0.0\",\"ItemBlocks\":[]}]},{\"Id\":61,\"Pos\":{\"x\":-611.279541,\"y\":97.20359,\"z\":574.6408},\"Rot\":{\"x\":-6.11450647E-12,\"y\":0.6844975,\"z\":5.74112069E-12,\"w\":0.7290153},\"Storages\":[{\"Version\":\"0.0.0\",\"ItemBlocks\":[{\"ItemId\":652,\"TotalCount\":1,\"UniqueItems\":[]}]}]},{\"Id\":61,\"Pos\":{\"x\":-611.1962,\"y\":97.08752,\"z\":573.5115},\"Rot\":{\"x\":-6.11450647E-12,\"y\":0.6844975,\"z\":5.74112069E-12,\"w\":0.7290153},\"Storages\":[{\"Version\":\"0.0.0\",\"ItemBlocks\":[{\"ItemId\":642,\"TotalCount\":1,\"UniqueItems\":[]}]}]},{\"Id\":61,\"Pos\":{\"x\":-611.036865,\"y\":97.11523,\"z\":571.2571},\"Rot\":{\"x\":-9.408339E-12,\"y\":0.6844975,\"z\":8.833814E-12,\"w\":0.7290153},\"Storages\":[{\"Version\":\"0.0.0\",\"ItemBlocks\":[{\"ItemId\":648,\"TotalCount\":1,\"UniqueItems\":[]}]}]},{\"Id\":49,\"Pos\":{\"x\":-617.7356,\"y\":97.37726,\"z\":579.393066},\"Rot\":{\"y\":0.9997219,\"w\":0.02358362},\"Storages\":[{\"Version\":\"0.0.0\",\"ItemBlocks\":[{\"ItemId\":527,\"TotalCount\":6,\"UniqueItems\":[]}]},{\"Version\":\"0.0.0\",\"ItemBlocks\":[{\"ItemId\":419,\"TotalCount\":10,\"UniqueItems\":[]}]},{\"Version\":\"0.0.0\",\"ItemBlocks\":[{\"ItemId\":415,\"TotalCount\":20,\"UniqueItems\":[]}]},{\"Version\":\"0.0.0\",\"ItemBlocks\":[{\"ItemId\":403,\"TotalCount\":8,\"UniqueItems\":[]}]},{\"Version\":\"0.0.0\",\"ItemBlocks\":[{\"ItemId\":390,\"TotalCount\":4,\"UniqueItems\":[]}]},{\"Version\":\"0.0.0\",\"ItemBlocks\":[{\"ItemId\":420,\"TotalCount\":3,\"UniqueItems\":[]}]},{\"Version\":\"0.0.0\",\"ItemBlocks\":[{\"ItemId\":414,\"TotalCount\":6,\"UniqueItems\":[]}]},{\"Version\":\"0.0.0\",\"ItemBlocks\":[{\"ItemId\":416,\"TotalCount\":6,\"UniqueItems\":[]}]},{\"Version\":\"0.0.0\",\"ItemBlocks\":[{\"ItemId\":388,\"TotalCount\":5,\"UniqueItems\":[]}]},{\"Version\":\"0.0.0\",\"ItemBlocks\":[{\"ItemId\":381,\"TotalCount\":5,\"UniqueItems\":[]}]},{\"Version\":\"0.0.0\",\"ItemBlocks\":[{\"ItemId\":439,\"TotalCount\":9,\"UniqueItems\":[]}]},{\"Version\":\"0.0.0\",\"ItemBlocks\":[{\"ItemId\":441,\"TotalCount\":4,\"UniqueItems\":[]}]}]},{\"Id\":49,\"Pos\":{\"x\":-615.533569,\"y\":97.3784,\"z\":579.5578},\"Rot\":{\"y\":0.9997219,\"w\":0.02358362},\"Storages\":[{\"Version\":\"0.0.0\",\"ItemBlocks\":[{\"ItemId\":390,\"TotalCount\":4,\"UniqueItems\":[]}]},{\"Version\":\"0.0.0\",\"ItemBlocks\":[{\"ItemId\":420,\"TotalCount\":3,\"UniqueItems\":[]}]},{\"Version\":\"0.0.0\",\"ItemBlocks\":[{\"ItemId\":425,\"TotalCount\":4,\"UniqueItems\":[]}]},{\"Version\":\"0.0.0\",\"ItemBlocks\":[{\"ItemId\":421,\"TotalCount\":4,\"UniqueItems\":[]}]},{\"Version\":\"0.0.0\",\"ItemBlocks\":[{\"ItemId\":373,\"TotalCount\":5,\"UniqueItems\":[]}]},{\"Version\":\"0.0.0\",\"ItemBlocks\":[{\"ItemId\":518,\"TotalCount\":2,\"UniqueItems\":[]}]},{\"Version\":\"0.0.0\",\"ItemBlocks\":[{\"ItemId\":418,\"TotalCount\":12,\"UniqueItems\":[]}]},{\"Version\":\"0.0.0\",\"ItemBlocks\":[{\"ItemId\":416,\"TotalCount\":6,\"UniqueItems\":[]}]},{\"Version\":\"0.0.0\",\"ItemBlocks\":[{\"ItemId\":504,\"TotalCount\":4,\"UniqueItems\":[]}]},{\"Version\":\"0.0.0\",\"ItemBlocks\":[{\"ItemId\":434,\"TotalCount\":6,\"UniqueItems\":[]}]},{\"Version\":\"0.0.0\",\"ItemBlocks\":[{\"ItemId\":416,\"TotalCount\":6,\"UniqueItems\":[]}]},{\"Version\":\"0.0.0\",\"ItemBlocks\":[{\"ItemId\":410,\"TotalCount\":10,\"UniqueItems\":[]}]}]},{\"Id\":55,\"Pos\":{\"x\":-1229.09521,\"y\":131.691559,\"z\":-254.672516},\"Rot\":{\"x\":0.340327382,\"y\":-0.479605168,\"z\":0.208896622,\"w\":0.781356752},\"Storages\":[]},{\"Id\":35,\"Pos\":{\"x\":-599.014832,\"y\":90.69739,\"z\":558.7006},\"Rot\":{\"x\":-0.0233223662,\"z\":-0.10433691,\"w\":0.994268537},\"Storages\":[{\"Version\":\"0.0.0\",\"ItemBlocks\":[{\"ItemId\":436,\"TotalCount\":5,\"UniqueItems\":[{\"Modules\":[{\"CurrentState\":1,\"TimeRemainingInState\":86400.0,\"PauseDecay\":true,\"Version\":\"0.0.0\",\"ModuleId\":3}]},{\"Modules\":[{\"CurrentState\":1,\"TimeRemainingInState\":86400.0,\"PauseDecay\":true,\"Version\":\"0.0.0\",\"ModuleId\":3}]},{\"Modules\":[{\"CurrentState\":1,\"TimeRemainingInState\":86400.0,\"PauseDecay\":true,\"Version\":\"0.0.0\",\"ModuleId\":3}]},{\"Modules\":[{\"CurrentState\":1,\"TimeRemainingInState\":86400.0,\"PauseDecay\":true,\"Version\":\"0.0.0\",\"ModuleId\":3}]},{\"Modules\":[{\"CurrentState\":1,\"TimeRemainingInState\":86400.0,\"PauseDecay\":true,\"Version\":\"0.0.0\",\"ModuleId\":3}]}]}]}]},{\"Id\":52,\"Pos\":{\"x\":-612.8724,\"y\":97.37951,\"z\":568.916138},\"Rot\":{\"y\":-0.999631166,\"w\":-0.027158726},\"Storages\":[]},{\"Id\":52,\"Pos\":{\"x\":-613.097,\"y\":97.37807,\"z\":572.358459},\"Rot\":{\"y\":-0.999631166,\"w\":-0.027158726},\"Storages\":[]},{\"Id\":58,\"Pos\":{\"x\":-673.927551,\"y\":99.84134,\"z\":561.127136},\"Rot\":{\"x\":0.0825424641,\"y\":0.138621613,\"z\":-0.06280948,\"w\":0.9848989},\"Storages\":[{\"Version\":\"0.0.0\",\"ItemBlocks\":[]},{\"Version\":\"0.0.0\",\"ItemBlocks\":[]},{\"Version\":\"0.0.0\",\"ItemBlocks\":[]},{\"Version\":\"0.0.0\",\"ItemBlocks\":[]},{\"Version\":\"0.0.0\",\"ItemBlocks\":[]},{\"Version\":\"0.0.0\",\"ItemBlocks\":[]},{\"Version\":\"0.0.0\",\"ItemBlocks\":[]},{\"Version\":\"0.0.0\",\"ItemBlocks\":[]},{\"Version\":\"0.0.0\",\"ItemBlocks\":[]},{\"Version\":\"0.0.0\",\"ItemBlocks\":[]},{\"Version\":\"0.0.0\",\"ItemBlocks\":[]}]},{\"Id\":63,\"Pos\":{\"x\":-623.687561,\"y\":93.91171,\"z\":553.7022},\"Rot\":{\"y\":-0.196041,\"w\":-0.9805957},\"Storages\":[]},{\"Id\":42,\"Pos\":{\"x\":-639.903137,\"y\":94.2844,\"z\":575.068054},\"Rot\":{\"x\":0.0500328764,\"y\":-0.7443653,\"z\":0.00283400528,\"w\":-0.66588974},\"Storages\":[]},{\"Id\":68,\"Pos\":{\"x\":-615.9298,\"y\":94.67954,\"z\":570.884338},\"Rot\":{\"y\":-0.8959943,\"w\":-0.44406566},\"Storages\":[]},{\"Id\":53,\"Pos\":{\"x\":-614.738342,\"y\":95.61971,\"z\":588.8908},\"Rot\":{\"y\":-4.21468478E-08,\"w\":1.0},\"Storages\":[]},{\"Id\":63,\"Pos\":{\"x\":-633.4396,\"y\":94.9251862,\"z\":585.6667},\"Rot\":{\"y\":-0.5755111,\"w\":0.817793965},\"Storages\":[]},{\"Id\":21,\"Pos\":{\"x\":-626.9301,\"y\":94.355484,\"z\":555.1446},\"Rot\":{\"x\":0.0805554,\"y\":0.826133668,\"z\":-0.02624664,\"w\":0.557068348},\"Storages\":[]},{\"Id\":61,\"Pos\":{\"x\":-611.49585,\"y\":97.08919,\"z\":578.0293},\"Rot\":{\"y\":0.6844975,\"w\":0.7290153},\"Storages\":[{\"Version\":\"0.0.0\",\"ItemBlocks\":[{\"ItemId\":651,\"TotalCount\":1,\"UniqueItems\":[]}]}]},{\"Id\":27,\"Pos\":{\"x\":-626.45575,\"y\":93.8974838,\"z\":564.3978},\"Rot\":{\"y\":0.13515386,\"w\":0.99082464},\"Storages\":[{\"Version\":\"0.0.0\",\"ItemBlocks\":[{\"ItemId\":436,\"TotalCount\":5,\"UniqueItems\":[{\"Modules\":[{\"CurrentState\":4,\"TimeRemainingInState\":172800.0,\"PauseDecay\":true,\"Version\":\"0.0.0\",\"ModuleId\":3}]},{\"Modules\":[{\"CurrentState\":4,\"TimeRemainingInState\":172800.0,\"PauseDecay\":true,\"Version\":\"0.0.0\",\"ModuleId\":3}]},{\"Modules\":[{\"CurrentState\":4,\"TimeRemainingInState\":172800.0,\"PauseDecay\":true,\"Version\":\"0.0.0\",\"ModuleId\":3}]},{\"Modules\":[{\"CurrentState\":4,\"TimeRemainingInState\":172800.0,\"PauseDecay\":true,\"Version\":\"0.0.0\",\"ModuleId\":3}]},{\"Modules\":[{\"CurrentState\":4,\"TimeRemainingInState\":172800.0,\"PauseDecay\":true,\"Version\":\"0.0.0\",\"ModuleId\":3}]}]}]}]},{\"Id\":66,\"Pos\":{\"x\":-608.9059,\"y\":95.5014648,\"z\":583.482239},\"Rot\":{\"y\":1.0,\"z\":5.96046377E-08},\"Storages\":[]},{\"Id\":29,\"Pos\":{\"x\":-624.4538,\"y\":93.95033,\"z\":597.9648},\"Rot\":{\"x\":0.04452165,\"y\":0.8236639,\"z\":-0.0585594326,\"w\":0.5622868},\"Storages\":[{\"Version\":\"0.0.0\",\"ItemBlocks\":[]}]},{\"Id\":49,\"Pos\":{\"x\":-613.7319,\"y\":97.37979,\"z\":579.620056},\"Rot\":{\"w\":1.0},\"Storages\":[{\"Version\":\"0.0.0\",\"ItemBlocks\":[{\"ItemId\":416,\"TotalCount\":1,\"UniqueItems\":[]}]},{\"Version\":\"0.0.0\",\"ItemBlocks\":[{\"ItemId\":414,\"TotalCount\":6,\"UniqueItems\":[]}]},{\"Version\":\"0.0.0\",\"ItemBlocks\":[{\"ItemId\":502,\"TotalCount\":1,\"UniqueItems\":[]}]},{\"Version\":\"0.0.0\",\"ItemBlocks\":[{\"ItemId\":420,\"TotalCount\":3,\"UniqueItems\":[]}]},{\"Version\":\"0.0.0\",\"ItemBlocks\":[{\"ItemId\":420,\"TotalCount\":2,\"UniqueItems\":[]}]},{\"Version\":\"0.0.0\",\"ItemBlocks\":[{\"ItemId\":419,\"TotalCount\":6,\"UniqueItems\":[]}]},{\"Version\":\"0.0.0\",\"ItemBlocks\":[]},{\"Version\":\"0.0.0\",\"ItemBlocks\":[{\"ItemId\":418,\"TotalCount\":5,\"UniqueItems\":[]}]},{\"Version\":\"0.0.0\",\"ItemBlocks\":[{\"ItemId\":496,\"TotalCount\":49,\"UniqueItems\":[]}]},{\"Version\":\"0.0.0\",\"ItemBlocks\":[]},{\"Version\":\"0.0.0\",\"ItemBlocks\":[]},{\"Version\":\"0.0.0\",\"ItemBlocks\":[{\"ItemId\":461,\"TotalCount\":1,\"UniqueItems\":[]}]}]},{\"Id\":67,\"Pos\":{\"x\":-692.3666,\"y\":109.026421,\"z\":619.7151},\"Rot\":{\"y\":-0.113992751,\"w\":0.9934816},\"Storages\":[{\"Version\":\"0.0.0\",\"ItemBlocks\":[{\"ItemId\":78,\"TotalCount\":4,\"UniqueItems\":[]}]}]},{\"Id\":53,\"Pos\":{\"x\":-683.194458,\"y\":111.441887,\"z\":621.9395},\"Rot\":{\"y\":-0.8082806,\"w\":0.5887975},\"Storages\":[]},{\"Id\":53,\"Pos\":{\"x\":-683.830444,\"y\":111.38723,\"z\":623.914856},\"Rot\":{\"y\":-0.8082806,\"w\":0.5887975},\"Storages\":[]},{\"Id\":53,\"Pos\":{\"x\":-689.1777,\"y\":111.483788,\"z\":623.1779},\"Rot\":{\"y\":0.9878808,\"w\":0.15521428},\"Storages\":[]},{\"Id\":53,\"Pos\":{\"x\":-687.038,\"y\":111.49295,\"z\":623.8631},\"Rot\":{\"y\":0.9878954,\"w\":0.1551215},\"Storages\":[]},{\"Id\":53,\"Pos\":{\"x\":-684.912659,\"y\":111.487686,\"z\":624.542542},\"Rot\":{\"y\":0.9878826,\"w\":0.15520294},\"Storages\":[]},{\"Id\":53,\"Pos\":{\"x\":-691.244751,\"y\":111.474632,\"z\":622.5113},\"Rot\":{\"y\":0.9878607,\"w\":0.155342564},\"Storages\":[]},{\"Id\":53,\"Pos\":{\"x\":-693.3365,\"y\":111.504776,\"z\":621.8328},\"Rot\":{\"y\":0.9879052,\"w\":0.1550592},\"Storages\":[]},{\"Id\":53,\"Pos\":{\"x\":-693.917969,\"y\":111.499176,\"z\":620.6907},\"Rot\":{\"y\":0.5887298,\"w\":0.8083299},\"Storages\":[]},{\"Id\":53,\"Pos\":{\"x\":-693.23114,\"y\":111.468773,\"z\":618.5537},\"Rot\":{\"y\":0.588950753,\"w\":0.8081689},\"Storages\":[]},{\"Id\":53,\"Pos\":{\"x\":-691.877,\"y\":111.414032,\"z\":614.3391},\"Rot\":{\"y\":0.5890591,\"w\":0.80809},\"Storages\":[]},{\"Id\":53,\"Pos\":{\"x\":-691.2068,\"y\":111.47448,\"z\":612.261},\"Rot\":{\"y\":0.588900864,\"w\":0.8082053},\"Storages\":[]},{\"Id\":53,\"Pos\":{\"x\":-690.1006,\"y\":111.48011,\"z\":611.7542},\"Rot\":{\"y\":-0.155324414,\"w\":0.987863541},\"Storages\":[]},{\"Id\":53,\"Pos\":{\"x\":-687.9585,\"y\":111.4569,\"z\":612.441956},\"Rot\":{\"y\":-0.154944524,\"w\":0.9879232},\"Storages\":[]},{\"Id\":53,\"Pos\":{\"x\":-685.946533,\"y\":111.472755,\"z\":613.0878},\"Rot\":{\"y\":-0.154481038,\"w\":0.9879958},\"Storages\":[]},{\"Id\":53,\"Pos\":{\"x\":-683.756653,\"y\":111.490524,\"z\":613.792358},\"Rot\":{\"y\":-0.155118,\"w\":0.987895966},\"Storages\":[]},{\"Id\":53,\"Pos\":{\"x\":-681.675842,\"y\":111.5089,\"z\":614.4628},\"Rot\":{\"y\":-0.155044854,\"w\":0.987907469},\"Storages\":[]},{\"Id\":53,\"Pos\":{\"x\":-681.115845,\"y\":111.462418,\"z\":615.4744},\"Rot\":{\"y\":-0.807953656,\"w\":0.5892461},\"Storages\":[]},{\"Id\":53,\"Pos\":{\"x\":-681.7499,\"y\":111.480667,\"z\":617.4562},\"Rot\":{\"y\":-0.8082591,\"w\":0.588827},\"Storages\":[]},{\"Id\":53,\"Pos\":{\"x\":-682.491943,\"y\":111.48719,\"z\":619.7543},\"Rot\":{\"y\":-0.808288157,\"w\":0.588787138},\"Storages\":[]},{\"Id\":53,\"Pos\":{\"x\":-692.571045,\"y\":111.482941,\"z\":616.5035},\"Rot\":{\"y\":0.5888907,\"w\":0.808212757},\"Storages\":[]},{\"Id\":24,\"Pos\":{\"x\":-687.176331,\"y\":114.201653,\"z\":617.3314},\"Rot\":{\"y\":-0.484283119,\"w\":0.874911368},\"Storages\":[]},{\"Id\":22,\"Pos\":{\"x\":-690.3383,\"y\":109.024254,\"z\":612.1423},\"Rot\":{\"y\":-0.7959009,\"w\":0.605427},\"Storages\":[]},{\"Id\":67,\"Pos\":{\"x\":-679.9747,\"y\":105.800781,\"z\":629.892639},\"Rot\":{\"y\":-0.7959009,\"w\":0.605427},\"Storages\":[{\"Version\":\"0.0.0\",\"ItemBlocks\":[{\"ItemId\":78,\"TotalCount\":24,\"UniqueItems\":[]}]}]},{\"Id\":53,\"Pos\":{\"x\":-617.23114,\"y\":95.22098,\"z\":562.0116},\"Rot\":{\"y\":1.0},\"Storages\":[]},{\"Id\":67,\"Pos\":{\"x\":-624.9558,\"y\":97.37749,\"z\":575.6568},\"Rot\":{\"w\":1.0},\"Storages\":[{\"Version\":\"0.0.0\",\"ItemBlocks\":[]}]},{\"Id\":55,\"Pos\":{\"x\":-650.6896,\"y\":100.133926,\"z\":567.9491},\"Rot\":{\"x\":-0.0303746853,\"y\":-0.8019983,\"z\":-0.0409317724,\"w\":0.5951476},\"Storages\":[]},{\"Id\":55,\"Pos\":{\"x\":-649.5167,\"y\":100.221336,\"z\":566.3633},\"Rot\":{\"x\":0.0371107645,\"y\":0.626258731,\"z\":-0.0298665762,\"w\":0.778158665},\"Storages\":[]},{\"Id\":67,\"Pos\":{\"x\":-624.966248,\"y\":97.37618,\"z\":572.373169},\"Rot\":{\"w\":1.0},\"Storages\":[{\"Version\":\"0.0.0\",\"ItemBlocks\":[]}]},{\"Id\":55,\"Pos\":{\"x\":-623.5302,\"y\":103.484413,\"z\":566.7302},\"Rot\":{\"x\":0.21481882,\"y\":-0.6590641,\"z\":0.20488438,\"w\":0.6910209},\"Storages\":[]},{\"Id\":55,\"Pos\":{\"x\":-648.840332,\"y\":106.991814,\"z\":597.53894},\"Rot\":{\"x\":0.005863875,\"y\":-0.379437357,\"z\":0.00240486721,\"w\":0.925195754},\"Storages\":[]}]}"}}