{"Version":"0.0.0","Data":{"WorldItemManager":"{\"Version\":\"0.0.0\",\"WorldItemStates\":[{\"ObjectNameId\":\"World.GolfCart.01\",\"Position\":{\"x\":-615.0365,\"y\":94.06332,\"z\":600.0992},\"Rotation\":{\"x\":359.1234,\"y\":164.594574,\"z\":357.6621},\"ItemStateData\":[{\"Power\":1000.0,\"StateDataTypeId\":1,\"Version\":\"0.0.0\"}]},{\"ObjectNameId\":\"World.GolfCart.02\",\"Position\":{\"x\":1030.9928,\"y\":83.629,\"z\":1523.309},\"Rotation\":{\"y\":310.235138}},{\"ObjectNameId\":\"World.GolfCart.03\",\"Position\":{\"x\":1582.8606,\"y\":98.373,\"z\":1340.59045},\"Rotation\":{\"y\":146.876465}},{\"ObjectNameId\":\"World.GolfCart.04\",\"Position\":{\"x\":1014.11,\"y\":140.11,\"z\":1223.06},\"Rotation\":{\"y\":146.876465}},{\"ObjectNameId\":\"World.GolfCart.05\",\"Position\":{\"x\":1903.9,\"y\":15.253,\"z\":461.64},\"Rotation\":{\"y\":146.876465}},{\"ObjectNameId\":\"World.GolfCart.06\",\"Position\":{\"x\":1839.567,\"y\":15.09,\"z\":355.608978},\"Rotation\":{\"y\":97.15335}},{\"ObjectNameId\":\"World.GolfCart.07\",\"Position\":{\"x\":1691.495,\"y\":28.776,\"z\":1027.62219},\"Rotation\":{\"y\":97.15335}},{\"ObjectNameId\":\"World.GolfCart.08\",\"Position\":{\"x\":904.0204,\"y\":155.04,\"z\":930.250244},\"Rotation\":{\"x\":358.709961,\"y\":83.50263,\"z\":357.462616},\"ItemStateData\":[{\"Power\":1000.0,\"StateDataTypeId\":1,\"Version\":\"0.0.0\"}]},{\"ObjectNameId\":\"World.GolfCart.09\",\"Position\":{\"x\":1184.64734,\"y\":130.15,\"z\":800.166},\"Rotation\":{\"y\":304.951}},{\"ObjectNameId\":\"World.GolfCart.10\",\"Position\":{\"x\":-1134.227,\"y\":279.003,\"z\":-1106.351},\"Rotation\":{\"y\":16.8130627}},{\"ObjectNameId\":\"World.GolfCart.11\",\"Position\":{\"x\":-928.487061,\"y\":251.064,\"z\":-995.3917},\"Rotation\":{\"y\":185.738235}},{\"ObjectNameId\":\"World.GolfCart.12\",\"Position\":{\"x\":-891.3007,\"y\":251.091,\"z\":-918.248535},\"Rotation\":{\"y\":229.305862}},{\"ObjectNameId\":\"World.GolfCart.13\",\"Position\":{\"x\":1044.47864,\"y\":16.305,\"z\":1825.028},\"Rotation\":{\"x\":7.10553932}},{\"ObjectNameId\":\"World.HangGlider.01\",\"ItemId\":626,\"Position\":{\"x\":-504.4314,\"y\":322.9,\"z\":-307.391937},\"Rotation\":{\"x\":347.33783,\"y\":304.745667,\"z\":6.05460072}},{\"ObjectNameId\":\"World.HangGlider.02\",\"ItemId\":626,\"Position\":{\"x\":-129.59,\"y\":409.49,\"z\":-1028.08},\"Rotation\":{\"x\":345.409454,\"y\":329.2675,\"z\":0.93207866}},{\"ObjectNameId\":\"World.HangGlider.03\",\"ItemId\":626,\"Position\":{\"x\":366.28,\"y\":528.44,\"z\":-160.22},\"Rotation\":{\"x\":345.409454,\"y\":329.2675,\"z\":0.93207866}},{\"ObjectNameId\":\"World.HangGlider.04\",\"ItemId\":626,\"Position\":{\"x\":-1184.1,\"y\":221.516174,\"z\":-1728.82288},\"Rotation\":{\"x\":339.567169,\"y\":202.175552,\"z\":358.482422}},{\"ObjectNameId\":\"World.HangGlider.05\",\"ItemId\":626,\"Position\":{\"x\":733.1571,\"y\":369.35,\"z\":740.7741},\"Rotation\":{\"x\":346.592865,\"y\":55.28923,\"z\":3.63867712}},{\"ObjectNameId\":\"World.HangGlider.06\",\"ItemId\":626,\"Position\":{\"x\":1083.82,\"y\":276.317383,\"z\":-108.445892},\"Rotation\":{\"x\":344.984741,\"y\":55.88374,\"z\":1.21760261}},{\"ObjectNameId\":\"World.HangGlider.07\",\"ItemId\":626,\"Position\":{\"x\":797.909,\"y\":227.65,\"z\":974.662},\"Rotation\":{\"x\":344.984772,\"y\":85.53987,\"z\":1.21760166}},{\"ObjectNameId\":\"World.HangGlider.08\",\"ItemId\":626,\"Position\":{\"x\":-30.42196,\"y\":250.851,\"z\":665.780762},\"Rotation\":{\"x\":344.984772,\"y\":29.0722332,\"z\":1.2176019}},{\"ObjectNameId\":\"World.HangGlider.09\",\"ItemId\":626,\"Position\":{\"x\":1297.53906,\"y\":193.973,\"z\":-30.139},\"Rotation\":{\"x\":344.984741,\"y\":92.78199,\"z\":1.217601}},{\"ObjectNameId\":\"World.HangGlider.10\",\"ItemId\":626,\"Position\":{\"x\":789.7307,\"y\":400.973053,\"z\":273.9027},\"Rotation\":{\"x\":347.482727,\"y\":134.715927,\"z\":6.64512062}},{\"ObjectNameId\":\"World.HangGlider.11\",\"ItemId\":626,\"Position\":{\"x\":-1772.03,\"y\":83.56678,\"z\":1171.02441},\"Rotation\":{\"x\":347.06366,\"y\":258.640076,\"z\":4.550671}},{\"ObjectNameId\":\"World.HangGlider.12\",\"ItemId\":626,\"Position\":{\"x\":-1297.054,\"y\":79.975,\"z\":1740.63477},\"Rotation\":{\"x\":345.6263,\"y\":51.9747849,\"z\":2.88373137}},{\"ObjectNameId\":\"World.HangGlider.13\",\"ItemId\":626,\"Position\":{\"x\":-799.537,\"y\":189.46,\"z\":-281.768},\"Rotation\":{\"x\":345.6263,\"y\":325.6798,\"z\":2.883733}},{\"ObjectNameId\":\"World.HangGlider.14\",\"ItemId\":626,\"Position\":{\"x\":846.108,\"y\":208.549,\"z\":1105.33716},\"Rotation\":{\"x\":345.6263,\"y\":41.03186,\"z\":2.88373685}},{\"ObjectNameId\":\"World.KnightV.01\",\"ItemId\":630,\"Position\":{\"x\":-1271.26,\"y\":103.854,\"z\":-14.9114027},\"Rotation\":{\"z\":326.879028}},{\"ObjectNameId\":\"World.KnightV.02\",\"ItemId\":630,\"Position\":{\"x\":-1121.4198,\"y\":37.108,\"z\":1628.24243},\"Rotation\":{\"x\":352.2902,\"y\":49.62521,\"z\":311.589752}},{\"ObjectNameId\":\"World.KnightV.03\",\"ItemId\":630,\"Position\":{\"x\":-238.128,\"y\":97.089,\"z\":950.960266},\"Rotation\":{\"x\":356.628723,\"y\":69.52765,\"z\":37.5221},\"State\":1},{\"ObjectNameId\":\"World.KnightV.04\",\"ItemId\":630,\"Position\":{\"x\":-1031.791,\"y\":226.86,\"z\":-625.11},\"Rotation\":{\"x\":351.3573,\"y\":158.840546,\"z\":335.1593}},{\"ObjectNameId\":\"World.KnightV.05\",\"ItemId\":630,\"Position\":{\"x\":1285.29871,\"y\":228.157,\"z\":-725.347},\"Rotation\":{\"x\":354.536316,\"y\":258.733917,\"z\":33.54773}},{\"ObjectNameId\":\"World.KnightV.06\",\"ItemId\":630,\"Position\":{\"x\":1106.58667,\"y\":87.5037155,\"z\":1622.528},\"Rotation\":{\"x\":353.512939,\"y\":186.727982,\"z\":59.38967}},{\"ObjectNameId\":\"World.KnightV.07\",\"ItemId\":630,\"Position\":{\"x\":1454.986,\"y\":192.25,\"z\":-417.372},\"Rotation\":{\"x\":355.17334,\"y\":306.921173,\"z\":323.681152}},{\"ObjectNameId\":\"World.KnightV.08\",\"ItemId\":630,\"Position\":{\"x\":-1092.74023,\"y\":93.476,\"z\":1277.42529},\"Rotation\":{\"x\":353.6405,\"y\":269.1214,\"z\":53.79985},\"State\":1},{\"ObjectNameId\":\"World.KnightV.09\",\"ItemId\":630,\"Position\":{\"x\":-1177.635,\"y\":227.554,\"z\":-1697.917},\"Rotation\":{\"x\":0.430921555,\"y\":210.561981,\"z\":312.084717}},{\"ObjectNameId\":\"World.KnightV.10\",\"ItemId\":630,\"Position\":{\"x\":-973.578,\"y\":272.885,\"z\":-783.283},\"Rotation\":{\"x\":359.134064,\"y\":148.511169,\"z\":308.603241}},{\"ObjectNameId\":\"World.KnightV.11\",\"ItemId\":630,\"Position\":{\"x\":-734.531,\"y\":134.001541,\"z\":28.555},\"Rotation\":{\"x\":359.134064,\"y\":275.3971,\"z\":308.603241}},{\"ObjectNameId\":\"World.KnightV.12\",\"ItemId\":630,\"Position\":{\"x\":-973.578,\"y\":272.885,\"z\":-783.283},\"Rotation\":{\"x\":359.134064,\"y\":148.511169,\"z\":308.603241}},{\"ObjectNameId\":\"World.KnightV.13\",\"ItemId\":630,\"Position\":{\"x\":-1132.82556,\"y\":278.821,\"z\":-1086.89417},\"Rotation\":{\"x\":356.135834,\"y\":114.3761,\"z\":40.2333832}},{\"ObjectNameId\":\"574a1302-67d4-4765-a853-0b88a79a5fca\",\"ItemId\":626,\"Position\":{\"x\":802.438843,\"y\":227.681961,\"z\":979.9224},\"Rotation\":{\"x\":348.395782,\"y\":262.9754,\"z\":-3.52993266E-05},\"RuntimeCreated\":true},{\"ObjectNameId\":\"b4381f1a-6048-44f9-8125-d452fc7dbd86\",\"ItemId\":630,\"Position\":{\"x\":-616.2684,\"y\":94.15642,\"z\":581.6364},\"Rotation\":{\"x\":54.8794174,\"y\":249.857788,\"z\":249.819321},\"RuntimeCreated\":true},{\"ObjectNameId\":\"81aaa88f-4187-4876-b88a-9e874f0feb57\",\"ItemId\":630,\"Position\":{\"x\":-1336.36487,\"y\":96.4581,\"z\":1418.66479},\"Rotation\":{\"x\":7.52047825,\"y\":290.6479,\"z\":124.0891},\"RuntimeCreated\":true},{\"ObjectNameId\":\"3cdfc75a-d169-43e3-9024-03e4e7d19d24\",\"ItemId\":630,\"Position\":{\"x\":-1334.14429,\"y\":96.3416061,\"z\":1412.89453},\"Rotation\":{\"x\":4.292379,\"y\":312.763153,\"z\":121.222076},\"RuntimeCreated\":true},{\"ObjectNameId\":\"af853b8b-2e82-4d14-a068-808f5f43fb64\",\"ItemId\":630,\"Position\":{\"x\":-1329.37354,\"y\":96.1184158,\"z\":1406.99976},\"Rotation\":{\"x\":0.677360535,\"y\":262.8186,\"z\":109.335083},\"RuntimeCreated\":true},{\"ObjectNameId\":\"6b817247-6d56-486a-9859-b51c6fcc122c\",\"ItemId\":630,\"Position\":{\"x\":-616.504,\"y\":94.26893,\"z\":580.9239},\"Rotation\":{\"x\":48.4428635,\"y\":192.738876,\"z\":264.545319},\"RuntimeCreated\":true},{\"ObjectNameId\":\"0d9ea5be-b61a-4afe-8f4a-ac6b597e4ba0\",\"ItemId\":630,\"Position\":{\"x\":-616.727234,\"y\":94.19381,\"z\":581.580444},\"Rotation\":{\"x\":355.060455,\"y\":305.769836,\"z\":242.0213},\"RuntimeCreated\":true},{\"ObjectNameId\":\"4acfe794-8200-422b-a728-f48bf59e1258\",\"ItemId\":630,\"Position\":{\"x\":-617.251831,\"y\":94.23037,\"z\":581.5695},\"Rotation\":{\"x\":358.527649,\"y\":305.5933,\"z\":249.079147},\"RuntimeCreated\":true},{\"ObjectNameId\":\"ccaa23f3-82d9-435c-9bef-414d8d11917e\",\"ItemId\":630,\"Position\":{\"x\":-674.303,\"y\":104.242805,\"z\":620.5239},\"Rotation\":{\"x\":1.44083345,\"y\":236.538345,\"z\":126.502373},\"RuntimeCreated\":true},{\"ObjectNameId\":\"86954deb-ed8f-4b16-b3a8-a150c0bdc5ee\",\"ItemId\":630,\"Position\":{\"x\":-617.5523,\"y\":94.25147,\"z\":581.865051},\"Rotation\":{\"x\":311.004333,\"y\":75.77508,\"z\":321.588226},\"RuntimeCreated\":true},{\"ObjectNameId\":\"5fd93b64-be06-44e0-af79-0adf3f09a4f0\",\"ItemId\":630,\"Position\":{\"x\":-616.5818,\"y\":94.11091,\"z\":582.164246},\"Rotation\":{\"x\":356.576324,\"y\":188.755478,\"z\":111.997246},\"RuntimeCreated\":true}]}"}}