{"Version":"0.0.0","Data":{"WorldItemManager":"{\"Version\":\"0.0.0\",\"WorldItemStates\":[{\"ObjectNameId\":\"World.GolfCart.01\",\"Position\":{\"x\":-616.947449,\"y\":94.74368,\"z\":601.7878},\"Rotation\":{\"x\":9.536014E-06,\"y\":7.34764671,\"z\":-0.000379029952},\"ItemStateData\":[{\"Power\":1000.0,\"StateDataTypeId\":1,\"Version\":\"0.0.0\"}]},{\"ObjectNameId\":\"World.GolfCart.02\",\"Position\":{\"x\":1030.9928,\"y\":83.629,\"z\":1523.309},\"Rotation\":{\"y\":310.235138}},{\"ObjectNameId\":\"World.GolfCart.03\",\"Position\":{\"x\":1582.8606,\"y\":98.373,\"z\":1340.59045},\"Rotation\":{\"y\":146.876465}},{\"ObjectNameId\":\"World.GolfCart.04\",\"Position\":{\"x\":1014.11,\"y\":140.11,\"z\":1223.06},\"Rotation\":{\"y\":146.876465}},{\"ObjectNameId\":\"World.GolfCart.05\",\"Position\":{\"x\":1903.9,\"y\":15.253,\"z\":461.64},\"Rotation\":{\"y\":146.876465}},{\"ObjectNameId\":\"World.GolfCart.06\",\"Position\":{\"x\":1839.567,\"y\":15.09,\"z\":355.608978},\"Rotation\":{\"y\":97.15335}},{\"ObjectNameId\":\"World.GolfCart.07\",\"Position\":{\"x\":1691.495,\"y\":28.776,\"z\":1027.62219},\"Rotation\":{\"y\":97.15335}},{\"ObjectNameId\":\"World.GolfCart.08\",\"Position\":{\"x\":904.0204,\"y\":155.04,\"z\":930.250244},\"Rotation\":{\"x\":358.709961,\"y\":83.50263,\"z\":357.462616},\"ItemStateData\":[{\"Power\":1000.0,\"StateDataTypeId\":1,\"Version\":\"0.0.0\"}]},{\"ObjectNameId\":\"World.GolfCart.09\",\"Position\":{\"x\":-615.1659,\"y\":94.74368,\"z\":601.7689},\"Rotation\":{\"x\":9.050749E-05,\"y\":355.654449,\"z\":-4.52721943E-05},\"ItemStateData\":[{\"Power\":1000.0,\"StateDataTypeId\":1,\"Version\":\"0.0.0\"}]},{\"ObjectNameId\":\"World.GolfCart.10\",\"Position\":{\"x\":-1134.227,\"y\":279.003,\"z\":-1106.351},\"Rotation\":{\"y\":16.8130627}},{\"ObjectNameId\":\"World.GolfCart.11\",\"Position\":{\"x\":-928.487061,\"y\":251.064,\"z\":-995.3917},\"Rotation\":{\"y\":185.738235}},{\"ObjectNameId\":\"World.GolfCart.12\",\"Position\":{\"x\":-891.3007,\"y\":251.091,\"z\":-918.248535},\"Rotation\":{\"y\":229.305862}},{\"ObjectNameId\":\"World.GolfCart.13\",\"Position\":{\"x\":1044.47864,\"y\":16.305,\"z\":1825.028},\"Rotation\":{\"x\":7.10553932}},{\"ObjectNameId\":\"World.HangGlider.01\",\"ItemId\":626,\"Position\":{\"x\":-504.4314,\"y\":322.9,\"z\":-307.391937},\"Rotation\":{\"x\":347.33783,\"y\":304.745667,\"z\":6.05460072}},{\"ObjectNameId\":\"World.HangGlider.02\",\"ItemId\":626,\"Position\":{\"x\":-129.59,\"y\":409.49,\"z\":-1028.08},\"Rotation\":{\"x\":345.409454,\"y\":329.2675,\"z\":0.93207866}},{\"ObjectNameId\":\"World.HangGlider.03\",\"ItemId\":626,\"Position\":{\"x\":366.28,\"y\":528.44,\"z\":-160.22},\"Rotation\":{\"x\":345.409454,\"y\":329.2675,\"z\":0.932078242}},{\"ObjectNameId\":\"World.HangGlider.04\",\"ItemId\":626,\"Position\":{\"x\":-1184.1,\"y\":221.516174,\"z\":-1728.82288},\"Rotation\":{\"x\":339.567169,\"y\":202.175552,\"z\":358.482422}},{\"ObjectNameId\":\"World.HangGlider.05\",\"ItemId\":626,\"Position\":{\"x\":733.1571,\"y\":369.35,\"z\":740.7741},\"Rotation\":{\"x\":346.592865,\"y\":55.28923,\"z\":3.63867712}},{\"ObjectNameId\":\"World.HangGlider.06\",\"ItemId\":626,\"Position\":{\"x\":1083.82,\"y\":276.317383,\"z\":-108.445892},\"Rotation\":{\"x\":344.984741,\"y\":55.88374,\"z\":1.21760261}},{\"ObjectNameId\":\"World.HangGlider.07\",\"ItemId\":626,\"Position\":{\"x\":797.909,\"y\":227.65,\"z\":974.662},\"Rotation\":{\"x\":344.984772,\"y\":85.53987,\"z\":1.21760166}},{\"ObjectNameId\":\"World.HangGlider.08\",\"ItemId\":626,\"Position\":{\"x\":-30.42196,\"y\":250.851,\"z\":665.780762},\"Rotation\":{\"x\":344.984772,\"y\":29.0722332,\"z\":1.2176019}},{\"ObjectNameId\":\"World.HangGlider.09\",\"ItemId\":626,\"Position\":{\"x\":1297.53906,\"y\":193.973,\"z\":-30.139},\"Rotation\":{\"x\":344.984741,\"y\":92.78199,\"z\":1.217601}},{\"ObjectNameId\":\"World.HangGlider.10\",\"ItemId\":626,\"Position\":{\"x\":789.7307,\"y\":400.973053,\"z\":273.9027},\"Rotation\":{\"x\":347.482727,\"y\":134.715927,\"z\":6.64512062}},{\"ObjectNameId\":\"World.HangGlider.11\",\"ItemId\":626,\"Position\":{\"x\":-1772.03,\"y\":83.56678,\"z\":1171.02441},\"Rotation\":{\"x\":347.06366,\"y\":258.640076,\"z\":4.550671}},{\"ObjectNameId\":\"World.HangGlider.12\",\"ItemId\":626,\"Position\":{\"x\":-1297.054,\"y\":79.975,\"z\":1740.63477},\"Rotation\":{\"x\":345.6263,\"y\":51.9747849,\"z\":2.88373137}},{\"ObjectNameId\":\"World.HangGlider.13\",\"ItemId\":626,\"Position\":{\"x\":-799.537,\"y\":189.46,\"z\":-281.768},\"Rotation\":{\"x\":345.6263,\"y\":325.6798,\"z\":2.883733}},{\"ObjectNameId\":\"World.HangGlider.14\",\"ItemId\":626,\"Position\":{\"x\":846.108,\"y\":208.549,\"z\":1105.33716},\"Rotation\":{\"x\":345.6263,\"y\":41.03186,\"z\":2.88373685}},{\"ObjectNameId\":\"World.KnightV.01\",\"ItemId\":630,\"Position\":{\"x\":-1271.26,\"y\":103.854,\"z\":-14.9114027},\"Rotation\":{\"z\":326.879028}},{\"ObjectNameId\":\"World.KnightV.02\",\"ItemId\":630,\"Position\":{\"x\":-1121.4198,\"y\":37.108,\"z\":1628.24243},\"Rotation\":{\"x\":352.2902,\"y\":49.62521,\"z\":311.589752}},{\"ObjectNameId\":\"World.KnightV.03\",\"ItemId\":630,\"Position\":{\"x\":-238.128,\"y\":97.089,\"z\":950.960266},\"Rotation\":{\"x\":356.628723,\"y\":69.52765,\"z\":37.5221},\"State\":1},{\"ObjectNameId\":\"World.KnightV.04\",\"ItemId\":630,\"Position\":{\"x\":-1031.791,\"y\":226.86,\"z\":-625.11},\"Rotation\":{\"x\":351.3573,\"y\":158.840546,\"z\":335.1593}},{\"ObjectNameId\":\"World.KnightV.05\",\"ItemId\":630,\"Position\":{\"x\":1285.29871,\"y\":228.157,\"z\":-725.347},\"Rotation\":{\"x\":354.536316,\"y\":258.7339,\"z\":33.54773}},{\"ObjectNameId\":\"World.KnightV.06\",\"ItemId\":630,\"Position\":{\"x\":1106.58667,\"y\":87.5037155,\"z\":1622.528},\"Rotation\":{\"x\":353.512939,\"y\":186.727982,\"z\":59.38967}},{\"ObjectNameId\":\"World.KnightV.07\",\"ItemId\":630,\"Position\":{\"x\":1454.986,\"y\":192.25,\"z\":-417.372},\"Rotation\":{\"x\":355.17334,\"y\":306.921173,\"z\":323.681152}},{\"ObjectNameId\":\"World.KnightV.08\",\"ItemId\":630,\"Position\":{\"x\":-1092.74023,\"y\":93.476,\"z\":1277.42529},\"Rotation\":{\"x\":353.6405,\"y\":269.1214,\"z\":53.79985},\"State\":1},{\"ObjectNameId\":\"World.KnightV.09\",\"ItemId\":630,\"Position\":{\"x\":-1177.635,\"y\":227.554,\"z\":-1697.917},\"Rotation\":{\"x\":0.430921555,\"y\":210.561981,\"z\":312.084717}},{\"ObjectNameId\":\"World.KnightV.10\",\"ItemId\":630,\"Position\":{\"x\":-973.578,\"y\":272.885,\"z\":-783.283},\"Rotation\":{\"x\":359.134064,\"y\":148.511169,\"z\":308.603241}},{\"ObjectNameId\":\"World.KnightV.11\",\"ItemId\":630,\"Position\":{\"x\":-734.531,\"y\":134.001541,\"z\":28.555},\"Rotation\":{\"x\":359.134064,\"y\":275.3971,\"z\":308.603241}},{\"ObjectNameId\":\"World.KnightV.12\",\"ItemId\":630,\"Position\":{\"x\":-973.578,\"y\":272.885,\"z\":-783.283},\"Rotation\":{\"x\":359.134064,\"y\":148.511169,\"z\":308.603241}},{\"ObjectNameId\":\"World.KnightV.13\",\"ItemId\":630,\"Position\":{\"x\":-1132.82556,\"y\":278.821,\"z\":-1086.89417},\"Rotation\":{\"x\":356.135834,\"y\":114.3761,\"z\":40.2333832}},{\"ObjectNameId\":\"574a1302-67d4-4765-a853-0b88a79a5fca\",\"ItemId\":626,\"Position\":{\"x\":802.439331,\"y\":227.683517,\"z\":979.9222},\"Rotation\":{\"x\":348.395142,\"y\":262.970978,\"z\":-0.00105680351},\"RuntimeCreated\":true},{\"ObjectNameId\":\"81aaa88f-4187-4876-b88a-9e874f0feb57\",\"ItemId\":630,\"Position\":{\"x\":-1336.36584,\"y\":96.45728,\"z\":1418.66345},\"Rotation\":{\"x\":7.529085,\"y\":290.583923,\"z\":124.158745},\"State\":1,\"RuntimeCreated\":true},{\"ObjectNameId\":\"3cdfc75a-d169-43e3-9024-03e4e7d19d24\",\"ItemId\":630,\"Position\":{\"x\":-1334.14575,\"y\":96.34194,\"z\":1412.89478},\"Rotation\":{\"x\":4.30871153,\"y\":312.6443,\"z\":121.203255},\"RuntimeCreated\":true},{\"ObjectNameId\":\"af853b8b-2e82-4d14-a068-808f5f43fb64\",\"ItemId\":630,\"Position\":{\"x\":-1329.31812,\"y\":96.12332,\"z\":1407.04871},\"Rotation\":{\"x\":0.669751167,\"y\":265.9933,\"z\":109.600113},\"RuntimeCreated\":true},{\"ObjectNameId\":\"6b817247-6d56-486a-9859-b51c6fcc122c\",\"ItemId\":630,\"Position\":{\"x\":-616.932,\"y\":94.21025,\"z\":581.4459},\"Rotation\":{\"x\":358.4602,\"y\":285.53,\"z\":242.39682},\"State\":1,\"RuntimeCreated\":true},{\"ObjectNameId\":\"63134ae5-437d-4044-b429-bca068b965b1\",\"ItemId\":630,\"Position\":{\"x\":-669.9964,\"y\":103.009254,\"z\":618.165466},\"Rotation\":{\"x\":13.28651,\"y\":188.268051,\"z\":310.2126},\"RuntimeCreated\":true},{\"ObjectNameId\":\"c01b19f4-362e-4ac0-af27-0c49b5427bd1\",\"ItemId\":630,\"Position\":{\"x\":-616.617859,\"y\":94.11356,\"z\":582.172363},\"Rotation\":{\"x\":355.139374,\"y\":234.1733,\"z\":107.296753},\"State\":1,\"RuntimeCreated\":true},{\"ObjectNameId\":\"6e7b5f88-d467-467f-88ef-7ccbd2c522c7\",\"ItemId\":630,\"Position\":{\"x\":-37.06125,\"y\":479.643524,\"z\":70.17538},\"Rotation\":{\"x\":333.964874,\"y\":315.152679,\"z\":13.2760906},\"RuntimeCreated\":true},{\"ObjectNameId\":\"8efee8ed-fc88-4521-afe1-d15659eaf965\",\"ItemId\":630,\"Position\":{\"x\":-987.4201,\"y\":86.5907,\"z\":715.2229},\"Rotation\":{\"x\":3.35226226,\"y\":64.4427643,\"z\":0.00437026145},\"RuntimeCreated\":true},{\"ObjectNameId\":\"9db2a67d-ea82-482e-9244-4668fb600498\",\"ItemId\":630,\"Position\":{\"x\":-617.479736,\"y\":94.25753,\"z\":581.5061},\"Rotation\":{\"x\":304.8105,\"y\":101.40416,\"z\":285.635223},\"State\":1,\"RuntimeCreated\":true},{\"ObjectNameId\":\"1b57a6f4-bca0-4d92-8251-ec69b48f0e40\",\"ItemId\":630,\"Position\":{\"x\":-527.8836,\"y\":196.119324,\"z\":121.878685},\"Rotation\":{\"x\":347.626831,\"y\":83.3749161,\"z\":304.219482},\"RuntimeCreated\":true},{\"ObjectNameId\":\"ab28cee3-bb6d-414a-9fcb-ccc285ace151\",\"ItemId\":630,\"Position\":{\"x\":-1020.35364,\"y\":98.8744,\"z\":1021.18677},\"Rotation\":{\"x\":3.33308029,\"y\":33.0965271,\"z\":357.3395},\"RuntimeCreated\":true},{\"ObjectNameId\":\"aa56f705-667f-4e13-ba5d-dd4a134d0772\",\"ItemId\":630,\"Position\":{\"x\":-1184.92957,\"y\":64.8658447,\"z\":136.559326},\"Rotation\":{\"x\":355.0983,\"y\":262.344543,\"z\":226.635132},\"RuntimeCreated\":true},{\"ObjectNameId\":\"f1d4d5f1-9638-4873-a2bb-68c93ebfa4a7\",\"ItemId\":630,\"Position\":{\"x\":-616.3732,\"y\":94.16184,\"z\":581.5788},\"Rotation\":{\"x\":356.0908,\"y\":261.2331,\"z\":243.26181},\"State\":1,\"RuntimeCreated\":true},{\"ObjectNameId\":\"3749fcbc-b8ef-4c66-acad-c50adb181364\",\"ItemId\":630,\"Position\":{\"x\":-616.963135,\"y\":94.02796,\"z\":583.814453},\"Rotation\":{\"x\":1.17284751,\"y\":296.400726,\"z\":248.993042},\"State\":1,\"RuntimeCreated\":true},{\"ObjectNameId\":\"b36ced6d-9899-43ae-9ffa-87700751039b\",\"ItemId\":630,\"State\":1,\"RuntimeCreated\":true},{\"ObjectNameId\":\"73294458-e8da-43d1-ae54-9bb13fbe0ada\",\"ItemId\":630,\"Position\":{\"x\":-618.7888,\"y\":94.0802155,\"z\":584.635132},\"Rotation\":{\"x\":354.314728,\"y\":225.719147,\"z\":248.712067},\"RuntimeCreated\":true},{\"ObjectNameId\":\"763be229-c8dc-44f9-a7eb-070b28ebe65b\",\"ItemId\":630,\"Position\":{\"x\":-619.062561,\"y\":94.13714,\"z\":584.484741},\"Rotation\":{\"x\":283.683563,\"y\":185.473862,\"z\":129.129852},\"State\":1,\"RuntimeCreated\":true},{\"ObjectNameId\":\"b8933636-c04b-4095-9b6f-dcf19b3c2da3\",\"ItemId\":630,\"Position\":{\"x\":-619.7918,\"y\":94.32593,\"z\":584.8127},\"Rotation\":{\"x\":7.578339,\"y\":72.08028,\"z\":155.356308},\"RuntimeCreated\":true},{\"ObjectNameId\":\"2a3b128a-42d1-4ac7-b387-8810bf806ee5\",\"ItemId\":630,\"Position\":{\"x\":-619.4681,\"y\":94.10611,\"z\":584.934265},\"Rotation\":{\"x\":7.139013,\"y\":14.0255852,\"z\":246.454865},\"State\":1,\"RuntimeCreated\":true},{\"ObjectNameId\":\"bb5e999f-7be0-4c14-8e36-192403624638\",\"ItemId\":630,\"Position\":{\"x\":-618.123169,\"y\":94.026474,\"z\":585.6421},\"Rotation\":{\"x\":59.0466652,\"y\":91.7143,\"z\":97.76743},\"State\":1,\"RuntimeCreated\":true},{\"ObjectNameId\":\"1f08584a-5ef2-4983-959d-cbb0175445cd\",\"ItemId\":630,\"Position\":{\"x\":-619.918945,\"y\":94.15372,\"z\":584.866333},\"Rotation\":{\"x\":9.169364,\"y\":15.8939838,\"z\":247.0105},\"RuntimeCreated\":true},{\"ObjectNameId\":\"a8a680ba-a8a9-4c9e-9454-308dad290647\",\"ItemId\":630,\"Position\":{\"x\":-618.0628,\"y\":94.22203,\"z\":582.397949},\"Rotation\":{\"x\":4.7938633,\"y\":99.09308,\"z\":257.765},\"RuntimeCreated\":true},{\"ObjectNameId\":\"fe947cf8-25ce-4907-8f37-f6e1e407f3f2\",\"ItemId\":630,\"Position\":{\"x\":-908.268433,\"y\":78.01453,\"z\":1153.43982},\"Rotation\":{\"x\":69.49383,\"y\":195.0073,\"z\":181.356079},\"State\":1,\"RuntimeCreated\":true},{\"ObjectNameId\":\"6bc6d40a-c682-493a-82ff-2f7d6c0a38f4\",\"ItemId\":630,\"Position\":{\"x\":-1063.0564,\"y\":98.41761,\"z\":1272.486},\"Rotation\":{\"x\":0.708108962,\"y\":301.738617,\"z\":358.8408},\"State\":1,\"RuntimeCreated\":true},{\"ObjectNameId\":\"2508c269-0196-4165-ae25-ccb8c26c5843\",\"ItemId\":630,\"Position\":{\"x\":-1077.762,\"y\":93.7607346,\"z\":1284.46228},\"Rotation\":{\"x\":83.28662,\"y\":36.9507179,\"z\":113.049034},\"State\":1,\"RuntimeCreated\":true},{\"ObjectNameId\":\"7dc6225d-0be6-4d61-86fc-1d7bb4e1d0db\",\"ItemId\":630,\"State\":1,\"RuntimeCreated\":true},{\"ObjectNameId\":\"c22fb813-b9f1-4c85-8364-96b5f5d9ce62\",\"ItemId\":630,\"Position\":{\"x\":-1137.579,\"y\":97.34778,\"z\":1337.63586},\"Rotation\":{\"x\":290.945251,\"y\":30.52156,\"z\":165.310486},\"State\":1,\"RuntimeCreated\":true},{\"ObjectNameId\":\"edb8381b-7880-484c-8d9e-831b307898a3\",\"ItemId\":630,\"Position\":{\"x\":-1285.58423,\"y\":99.8450851,\"z\":1411.56531},\"Rotation\":{\"x\":1.31677485,\"y\":293.461334,\"z\":4.24462557},\"RuntimeCreated\":true},{\"ObjectNameId\":\"8b346a38-6935-4373-8c95-becc0faa0408\",\"ItemId\":630,\"Position\":{\"x\":-1148.8291,\"y\":88.2938461,\"z\":1098.113},\"Rotation\":{\"x\":6.295924,\"y\":125.804832,\"z\":241.3038},\"State\":1,\"RuntimeCreated\":true},{\"ObjectNameId\":\"c09427ee-5c37-42ec-934d-9454dacbfdcd\",\"ItemId\":630,\"State\":1,\"RuntimeCreated\":true},{\"ObjectNameId\":\"ebe74fd1-3fcf-4a4f-9164-b4fb4116881f\",\"ItemId\":630,\"State\":1,\"RuntimeCreated\":true},{\"ObjectNameId\":\"5345fbac-72ba-48d5-a612-250c99537a4b\",\"ItemId\":630,\"State\":1,\"RuntimeCreated\":true},{\"ObjectNameId\":\"cdd634e8-cad9-4a6a-8caa-23c507efbfc9\",\"ItemId\":630,\"Position\":{\"x\":-673.5158,\"y\":101.509277,\"z\":607.6264},\"Rotation\":{\"x\":10.1195812,\"y\":108.151314,\"z\":354.917542},\"RuntimeCreated\":true}]}"}}