{"Version":"0.0.0","Data":{"WorldItemManager":"{\"Version\":\"0.0.0\",\"WorldItemStates\":[{\"ObjectNameId\":\"\",\"ItemId\":590,\"Position\":{\"x\":1187.8186,\"y\":128.658737,\"z\":806.581665},\"Rotation\":{\"x\":5.786894,\"y\":91.94329,\"z\":358.340973},\"Unnamed\":true},{\"ObjectNameId\":\"World.GolfCart.01\",\"Position\":{\"x\":-618.199036,\"y\":94.7436752,\"z\":601.87},\"Rotation\":{\"x\":8.97659047E-05,\"y\":188.186157,\"z\":-0.000177890965},\"ItemStateData\":[{\"Power\":1000.0,\"StateDataTypeId\":1,\"Version\":\"0.0.0\"}]},{\"ObjectNameId\":\"World.GolfCart.02\",\"Position\":{\"x\":1030.9928,\"y\":83.629,\"z\":1523.309},\"Rotation\":{\"y\":310.235138}},{\"ObjectNameId\":\"World.GolfCart.03\",\"Position\":{\"x\":1582.8606,\"y\":98.373,\"z\":1340.59045},\"Rotation\":{\"y\":146.876465}},{\"ObjectNameId\":\"World.GolfCart.04\",\"Position\":{\"x\":1014.11,\"y\":140.11,\"z\":1223.06},\"Rotation\":{\"y\":146.876465}},{\"ObjectNameId\":\"World.GolfCart.05\",\"Position\":{\"x\":1903.9,\"y\":15.253,\"z\":461.64},\"Rotation\":{\"y\":146.876465}},{\"ObjectNameId\":\"World.GolfCart.06\",\"Position\":{\"x\":1839.567,\"y\":15.09,\"z\":355.608978},\"Rotation\":{\"y\":97.15335}},{\"ObjectNameId\":\"World.GolfCart.07\",\"Position\":{\"x\":1691.495,\"y\":28.776,\"z\":1027.62219},\"Rotation\":{\"y\":97.15335}},{\"ObjectNameId\":\"World.GolfCart.08\",\"Position\":{\"x\":904.0204,\"y\":155.04,\"z\":930.250244},\"Rotation\":{\"x\":358.709961,\"y\":83.50263,\"z\":357.462616},\"ItemStateData\":[{\"Power\":1000.0,\"StateDataTypeId\":1,\"Version\":\"0.0.0\"}]},{\"ObjectNameId\":\"World.GolfCart.09\",\"Position\":{\"x\":-613.8992,\"y\":94.74368,\"z\":601.7855},\"Rotation\":{\"x\":-0.00012059544,\"y\":184.5435,\"z\":0.000261454261},\"ItemStateData\":[{\"Power\":1000.0,\"StateDataTypeId\":1,\"Version\":\"0.0.0\"}]},{\"ObjectNameId\":\"World.GolfCart.10\",\"Position\":{\"x\":-626.869141,\"y\":284.190277,\"z\":-735.590942},\"Rotation\":{\"x\":15.39727,\"y\":135.165726,\"z\":350.646454},\"ItemStateData\":[{\"Power\":897.401367,\"StateDataTypeId\":1,\"Version\":\"0.0.0\"}]},{\"ObjectNameId\":\"World.GolfCart.11\",\"Position\":{\"x\":-928.481567,\"y\":251.1493,\"z\":-995.3935},\"Rotation\":{\"x\":-0.0003390464,\"y\":185.966614,\"z\":0.00222407375},\"ItemStateData\":[{\"Power\":1000.0,\"StateDataTypeId\":1,\"Version\":\"0.0.0\"}]},{\"ObjectNameId\":\"World.GolfCart.12\",\"Position\":{\"x\":-891.3007,\"y\":251.091,\"z\":-918.248535},\"Rotation\":{\"y\":229.305862}},{\"ObjectNameId\":\"World.GolfCart.13\",\"Position\":{\"x\":1044.47864,\"y\":16.305,\"z\":1825.028},\"Rotation\":{\"x\":7.10553932}},{\"ObjectNameId\":\"World.GolfCart.14\",\"Position\":{\"x\":-716.72,\"y\":141.351,\"z\":-1227.72},\"Rotation\":{\"x\":13.4699831,\"y\":193.8168,\"z\":358.864166}},{\"ObjectNameId\":\"World.GolfCart.15\",\"Position\":{\"x\":-623.91,\"y\":214.313,\"z\":-1044.92},\"Rotation\":{\"x\":0.4103876,\"y\":195.45192,\"z\":359.991516}},{\"ObjectNameId\":\"World.HangGlider.01\",\"ItemId\":626,\"Position\":{\"x\":-504.4314,\"y\":322.9,\"z\":-307.391937},\"Rotation\":{\"x\":347.33783,\"y\":304.745667,\"z\":6.05460072}},{\"ObjectNameId\":\"World.HangGlider.02\",\"ItemId\":626,\"Position\":{\"x\":-129.59,\"y\":409.49,\"z\":-1028.08},\"Rotation\":{\"x\":345.409454,\"y\":329.2675,\"z\":0.93207866}},{\"ObjectNameId\":\"World.HangGlider.03\",\"ItemId\":626,\"Position\":{\"x\":366.28,\"y\":528.44,\"z\":-160.22},\"Rotation\":{\"x\":345.409454,\"y\":329.2675,\"z\":0.932078242}},{\"ObjectNameId\":\"World.HangGlider.04\",\"ItemId\":626,\"Position\":{\"x\":-1184.1,\"y\":221.516174,\"z\":-1728.82288},\"Rotation\":{\"x\":339.567169,\"y\":202.175552,\"z\":358.482422}},{\"ObjectNameId\":\"World.HangGlider.05\",\"ItemId\":626,\"Position\":{\"x\":733.1571,\"y\":369.35,\"z\":740.7741},\"Rotation\":{\"x\":346.592865,\"y\":55.28923,\"z\":3.63867712}},{\"ObjectNameId\":\"World.HangGlider.06\",\"ItemId\":626,\"Position\":{\"x\":1083.82,\"y\":276.317383,\"z\":-108.445892},\"Rotation\":{\"x\":344.984741,\"y\":55.88374,\"z\":1.21760118}},{\"ObjectNameId\":\"World.HangGlider.07\",\"ItemId\":626,\"Position\":{\"x\":797.909,\"y\":227.65,\"z\":974.662},\"Rotation\":{\"x\":344.984772,\"y\":85.53987,\"z\":1.21760166}},{\"ObjectNameId\":\"World.HangGlider.08\",\"ItemId\":626,\"Position\":{\"x\":-30.42196,\"y\":250.851,\"z\":665.780762},\"Rotation\":{\"x\":344.984772,\"y\":29.0722332,\"z\":1.2176019}},{\"ObjectNameId\":\"World.HangGlider.09\",\"ItemId\":626,\"Position\":{\"x\":1297.53906,\"y\":193.973,\"z\":-30.139},\"Rotation\":{\"x\":344.984741,\"y\":92.78199,\"z\":1.217601}},{\"ObjectNameId\":\"World.HangGlider.10\",\"ItemId\":626,\"Position\":{\"x\":789.7307,\"y\":400.973053,\"z\":273.9027},\"Rotation\":{\"x\":347.482727,\"y\":134.715927,\"z\":6.64512062}},{\"ObjectNameId\":\"World.HangGlider.11\",\"ItemId\":626,\"Position\":{\"x\":-1772.03,\"y\":83.56678,\"z\":1171.02441},\"Rotation\":{\"x\":347.06366,\"y\":258.640076,\"z\":4.550671}},{\"ObjectNameId\":\"World.HangGlider.12\",\"ItemId\":626,\"Position\":{\"x\":-1297.054,\"y\":79.975,\"z\":1740.63477},\"Rotation\":{\"x\":345.6263,\"y\":51.9747849,\"z\":2.88373137}},{\"ObjectNameId\":\"World.HangGlider.13\",\"ItemId\":626,\"Position\":{\"x\":-799.537,\"y\":189.46,\"z\":-281.768},\"Rotation\":{\"x\":345.6263,\"y\":325.6798,\"z\":2.883733}},{\"ObjectNameId\":\"World.HangGlider.14\",\"ItemId\":626,\"Position\":{\"x\":846.108,\"y\":208.549,\"z\":1105.33716},\"Rotation\":{\"x\":345.6263,\"y\":41.03186,\"z\":2.88373685}},{\"ObjectNameId\":\"World.KnightV.01\",\"ItemId\":630,\"Position\":{\"x\":-1271.26,\"y\":103.854,\"z\":-14.9114027},\"Rotation\":{\"z\":326.879028}},{\"ObjectNameId\":\"World.KnightV.02\",\"ItemId\":630,\"Position\":{\"x\":-1121.4198,\"y\":37.108,\"z\":1628.24243},\"Rotation\":{\"x\":352.2902,\"y\":49.6252136,\"z\":311.589752},\"State\":1},{\"ObjectNameId\":\"World.KnightV.03\",\"ItemId\":630,\"Position\":{\"x\":-238.128,\"y\":97.089,\"z\":950.960266},\"Rotation\":{\"x\":356.628723,\"y\":69.52765,\"z\":37.5221},\"State\":1},{\"ObjectNameId\":\"World.KnightV.04\",\"ItemId\":630,\"Position\":{\"x\":-1031.791,\"y\":226.86,\"z\":-625.11},\"Rotation\":{\"x\":351.3573,\"y\":158.840546,\"z\":335.1593}},{\"ObjectNameId\":\"World.KnightV.05\",\"ItemId\":630,\"Position\":{\"x\":1285.29871,\"y\":228.157,\"z\":-725.347},\"Rotation\":{\"x\":354.536316,\"y\":258.7339,\"z\":33.5477333}},{\"ObjectNameId\":\"World.KnightV.06\",\"ItemId\":630,\"Position\":{\"x\":1106.58667,\"y\":87.5037155,\"z\":1622.528},\"Rotation\":{\"x\":353.512939,\"y\":186.727982,\"z\":59.38967}},{\"ObjectNameId\":\"World.KnightV.07\",\"ItemId\":630,\"Position\":{\"x\":1454.986,\"y\":192.25,\"z\":-417.372},\"Rotation\":{\"x\":355.17334,\"y\":306.921173,\"z\":323.681152}},{\"ObjectNameId\":\"World.KnightV.08\",\"ItemId\":630,\"Position\":{\"x\":-1092.74023,\"y\":93.476,\"z\":1277.42529},\"Rotation\":{\"x\":353.6405,\"y\":269.1214,\"z\":53.79985},\"State\":1},{\"ObjectNameId\":\"World.KnightV.09\",\"ItemId\":630,\"Position\":{\"x\":-1177.635,\"y\":227.554,\"z\":-1697.917},\"Rotation\":{\"x\":0.430921555,\"y\":210.561981,\"z\":312.084717}},{\"ObjectNameId\":\"World.KnightV.10\",\"ItemId\":630,\"Position\":{\"x\":-973.578,\"y\":272.885,\"z\":-783.283},\"Rotation\":{\"x\":359.134064,\"y\":148.511169,\"z\":308.603241}},{\"ObjectNameId\":\"World.KnightV.11\",\"ItemId\":630,\"Position\":{\"x\":-734.531,\"y\":134.001541,\"z\":28.555},\"Rotation\":{\"x\":359.134064,\"y\":275.3971,\"z\":308.603241}},{\"ObjectNameId\":\"World.KnightV.12\",\"ItemId\":630,\"Position\":{\"x\":-973.578,\"y\":272.885,\"z\":-783.283},\"Rotation\":{\"x\":359.134064,\"y\":148.511169,\"z\":308.603241}},{\"ObjectNameId\":\"World.KnightV.13\",\"ItemId\":630,\"Position\":{\"x\":-1132.82556,\"y\":278.821,\"z\":-1086.89417},\"Rotation\":{\"x\":356.135834,\"y\":114.3761,\"z\":40.2333832},\"State\":1},{\"ObjectNameId\":\"574a1302-67d4-4765-a853-0b88a79a5fca\",\"ItemId\":626,\"Position\":{\"x\":802.439758,\"y\":227.682571,\"z\":979.9223},\"Rotation\":{\"x\":348.393677,\"y\":262.98175,\"z\":-0.001987237},\"RuntimeCreated\":true},{\"ObjectNameId\":\"3cdfc75a-d169-43e3-9024-03e4e7d19d24\",\"ItemId\":630,\"Position\":{\"x\":-1334.14734,\"y\":96.34141,\"z\":1412.89453},\"Rotation\":{\"x\":4.28548861,\"y\":312.681152,\"z\":121.187378},\"RuntimeCreated\":true},{\"ObjectNameId\":\"af853b8b-2e82-4d14-a068-808f5f43fb64\",\"ItemId\":630,\"Position\":{\"x\":-1329.31384,\"y\":96.12356,\"z\":1407.04309},\"Rotation\":{\"x\":0.8200076,\"y\":266.382629,\"z\":109.629044},\"RuntimeCreated\":true},{\"ObjectNameId\":\"6e7b5f88-d467-467f-88ef-7ccbd2c522c7\",\"ItemId\":630,\"Position\":{\"x\":-37.0683136,\"y\":479.637421,\"z\":70.18459},\"Rotation\":{\"x\":333.68457,\"y\":314.779449,\"z\":11.5784168},\"RuntimeCreated\":true},{\"ObjectNameId\":\"8efee8ed-fc88-4521-afe1-d15659eaf965\",\"ItemId\":630,\"Position\":{\"x\":-987.446838,\"y\":86.590744,\"z\":715.2252},\"Rotation\":{\"x\":3.33719516,\"y\":64.5132141,\"z\":0.005570928},\"RuntimeCreated\":true},{\"ObjectNameId\":\"1b57a6f4-bca0-4d92-8251-ec69b48f0e40\",\"ItemId\":630,\"Position\":{\"x\":-527.8856,\"y\":196.119461,\"z\":121.864449},\"Rotation\":{\"x\":347.46524,\"y\":86.03605,\"z\":303.6316},\"RuntimeCreated\":true},{\"ObjectNameId\":\"ab28cee3-bb6d-414a-9fcb-ccc285ace151\",\"ItemId\":630,\"Position\":{\"x\":-1020.35358,\"y\":98.8746948,\"z\":1021.18677},\"Rotation\":{\"x\":3.33948326,\"y\":33.12388,\"z\":357.342651},\"RuntimeCreated\":true},{\"ObjectNameId\":\"aa56f705-667f-4e13-ba5d-dd4a134d0772\",\"ItemId\":630,\"Position\":{\"x\":-1184.9303,\"y\":64.86567,\"z\":136.559662},\"Rotation\":{\"x\":355.164063,\"y\":262.545319,\"z\":226.619659},\"RuntimeCreated\":true},{\"ObjectNameId\":\"73294458-e8da-43d1-ae54-9bb13fbe0ada\",\"ItemId\":630,\"Position\":{\"x\":-618.417664,\"y\":94.0409851,\"z\":585.111633},\"Rotation\":{\"x\":306.831482,\"y\":26.8475456,\"z\":103.435471},\"RuntimeCreated\":true},{\"ObjectNameId\":\"b8933636-c04b-4095-9b6f-dcf19b3c2da3\",\"ItemId\":630,\"Position\":{\"x\":-618.7971,\"y\":94.09156,\"z\":584.514343},\"Rotation\":{\"x\":358.624146,\"y\":283.364166,\"z\":244.03772},\"RuntimeCreated\":true},{\"ObjectNameId\":\"1f08584a-5ef2-4983-959d-cbb0175445cd\",\"ItemId\":630,\"Position\":{\"x\":-619.4065,\"y\":94.10864,\"z\":584.8656},\"Rotation\":{\"x\":5.88740635,\"y\":340.973572,\"z\":244.445343},\"RuntimeCreated\":true},{\"ObjectNameId\":\"edb8381b-7880-484c-8d9e-831b307898a3\",\"ItemId\":630,\"Position\":{\"x\":-1285.58362,\"y\":99.84491,\"z\":1411.56531},\"Rotation\":{\"x\":1.34825861,\"y\":293.468536,\"z\":4.24766159},\"RuntimeCreated\":true},{\"ObjectNameId\":\"3a3c6f52-c3d7-4748-956b-5fe546b1fcc6\",\"ItemId\":630,\"Position\":{\"x\":-1123.06653,\"y\":37.2235,\"z\":1633.20935},\"Rotation\":{\"x\":355.622772,\"y\":188.1672,\"z\":0.820183039},\"RuntimeCreated\":true},{\"ObjectNameId\":\"0a65508a-19c1-4fe4-ab8a-ba067e9122ac\",\"ItemId\":630,\"Position\":{\"x\":-1763.8291,\"y\":83.41141,\"z\":1168.81824},\"Rotation\":{\"x\":355.045624,\"y\":344.6339,\"z\":238.490051},\"RuntimeCreated\":true},{\"ObjectNameId\":\"1d5bd53b-b6fd-4ad0-8367-0a17ba2368ad\",\"ItemId\":630,\"Position\":{\"x\":-1133.11536,\"y\":278.8864,\"z\":-1087.22131},\"Rotation\":{\"x\":0.00294039655,\"y\":277.397949,\"z\":110.089546},\"RuntimeCreated\":true},{\"ObjectNameId\":\"95b4e98d-184c-4600-af34-4c0735444e45\",\"ItemId\":630,\"Position\":{\"x\":-924.5119,\"y\":251.1614,\"z\":-979.9576},\"Rotation\":{\"x\":0.00277107768,\"y\":38.8485,\"z\":-0.004536231},\"RuntimeCreated\":true},{\"ObjectNameId\":\"0cf9a298-99ca-4181-b9b9-03de160731fa\",\"ItemId\":630,\"Position\":{\"x\":-634.825562,\"y\":96.97512,\"z\":544.9882},\"Rotation\":{\"x\":4.853197,\"y\":119.03318,\"z\":313.619843},\"RuntimeCreated\":true},{\"ObjectNameId\":\"7c5b4c1b-fda0-4547-977c-877dddf937db\",\"ItemId\":630,\"Position\":{\"x\":-633.5261,\"y\":96.8077,\"z\":544.5217},\"Rotation\":{\"x\":351.0247,\"y\":287.955658,\"z\":238.785461},\"RuntimeCreated\":true},{\"ObjectNameId\":\"21857bf9-4e97-4135-a317-384487b1ae47\",\"ItemId\":626,\"Position\":{\"x\":-622.7857,\"y\":94.089,\"z\":604.456055},\"Rotation\":{\"x\":0.462909132,\"y\":61.6296768,\"z\":349.6815},\"RuntimeCreated\":true},{\"ObjectNameId\":\"2ddff59c-3c12-46fe-8428-5b3a9f0c5fc9\",\"ItemId\":626,\"Position\":{\"x\":-620.4148,\"y\":95.26546,\"z\":603.6013},\"Rotation\":{\"x\":17.7670822,\"y\":113.401558,\"z\":194.344742},\"RuntimeCreated\":true}]}"}}