{"Version":"0.0.0","Data":{"WorldItemManager":"{\"Version\":\"0.0.0\",\"WorldItemStates\":[{\"ObjectNameId\":\"World.GolfCart.01\",\"Position\":{\"x\":-615.0365,\"y\":94.06332,\"z\":600.0992},\"Rotation\":{\"x\":359.1234,\"y\":164.594574,\"z\":357.6621},\"ItemStateData\":[{\"Power\":1000.0,\"StateDataTypeId\":1,\"Version\":\"0.0.0\"}]},{\"ObjectNameId\":\"World.GolfCart.02\",\"Position\":{\"x\":1030.9928,\"y\":83.629,\"z\":1523.309},\"Rotation\":{\"y\":310.235138}},{\"ObjectNameId\":\"World.GolfCart.03\",\"Position\":{\"x\":1582.8606,\"y\":98.373,\"z\":1340.59045},\"Rotation\":{\"y\":146.876465}},{\"ObjectNameId\":\"World.GolfCart.04\",\"Position\":{\"x\":1014.11,\"y\":140.11,\"z\":1223.06},\"Rotation\":{\"y\":146.876465}},{\"ObjectNameId\":\"World.GolfCart.05\",\"Position\":{\"x\":1903.9,\"y\":15.253,\"z\":461.64},\"Rotation\":{\"y\":146.876465}},{\"ObjectNameId\":\"World.GolfCart.06\",\"Position\":{\"x\":1839.567,\"y\":15.09,\"z\":355.608978},\"Rotation\":{\"y\":97.15335}},{\"ObjectNameId\":\"World.GolfCart.07\",\"Position\":{\"x\":1691.495,\"y\":28.776,\"z\":1027.62219},\"Rotation\":{\"y\":97.15335}},{\"ObjectNameId\":\"World.GolfCart.08\",\"Position\":{\"x\":904.0204,\"y\":155.04,\"z\":930.250244},\"Rotation\":{\"x\":358.709961,\"y\":83.50263,\"z\":357.462616},\"ItemStateData\":[{\"Power\":1000.0,\"StateDataTypeId\":1,\"Version\":\"0.0.0\"}]},{\"ObjectNameId\":\"World.GolfCart.09\",\"Position\":{\"x\":1184.64734,\"y\":130.15,\"z\":800.166},\"Rotation\":{\"y\":304.951}},{\"ObjectNameId\":\"World.GolfCart.10\",\"Position\":{\"x\":-1134.227,\"y\":279.003,\"z\":-1106.351},\"Rotation\":{\"y\":16.8130627}},{\"ObjectNameId\":\"World.GolfCart.11\",\"Position\":{\"x\":-928.487061,\"y\":251.064,\"z\":-995.3917},\"Rotation\":{\"y\":185.738235}},{\"ObjectNameId\":\"World.GolfCart.12\",\"Position\":{\"x\":-891.3007,\"y\":251.091,\"z\":-918.248535},\"Rotation\":{\"y\":229.305862}},{\"ObjectNameId\":\"World.GolfCart.13\",\"Position\":{\"x\":1044.47864,\"y\":16.305,\"z\":1825.028},\"Rotation\":{\"x\":7.10553932}},{\"ObjectNameId\":\"World.HangGlider.01\",\"ItemId\":626,\"Position\":{\"x\":-504.4314,\"y\":322.9,\"z\":-307.391937},\"Rotation\":{\"x\":347.33783,\"y\":304.745667,\"z\":6.05460072}},{\"ObjectNameId\":\"World.HangGlider.02\",\"ItemId\":626,\"Position\":{\"x\":-129.59,\"y\":409.49,\"z\":-1028.08},\"Rotation\":{\"x\":345.409454,\"y\":329.2675,\"z\":0.93207866}},{\"ObjectNameId\":\"World.HangGlider.03\",\"ItemId\":626,\"Position\":{\"x\":366.28,\"y\":528.44,\"z\":-160.22},\"Rotation\":{\"x\":345.409454,\"y\":329.2675,\"z\":0.932078242}},{\"ObjectNameId\":\"World.HangGlider.04\",\"ItemId\":626,\"Position\":{\"x\":-1184.1,\"y\":221.516174,\"z\":-1728.82288},\"Rotation\":{\"x\":339.567169,\"y\":202.175552,\"z\":358.482422}},{\"ObjectNameId\":\"World.HangGlider.05\",\"ItemId\":626,\"Position\":{\"x\":733.1571,\"y\":369.35,\"z\":740.7741},\"Rotation\":{\"x\":346.592865,\"y\":55.28923,\"z\":3.63867712}},{\"ObjectNameId\":\"World.HangGlider.06\",\"ItemId\":626,\"Position\":{\"x\":1083.82,\"y\":276.317383,\"z\":-108.445892},\"Rotation\":{\"x\":344.984741,\"y\":55.88374,\"z\":1.21760261}},{\"ObjectNameId\":\"World.HangGlider.07\",\"ItemId\":626,\"Position\":{\"x\":797.909,\"y\":227.65,\"z\":974.662},\"Rotation\":{\"x\":344.984772,\"y\":85.53987,\"z\":1.21760166}},{\"ObjectNameId\":\"World.HangGlider.08\",\"ItemId\":626,\"Position\":{\"x\":-30.42196,\"y\":250.851,\"z\":665.780762},\"Rotation\":{\"x\":344.984772,\"y\":29.0722332,\"z\":1.2176019}},{\"ObjectNameId\":\"World.HangGlider.09\",\"ItemId\":626,\"Position\":{\"x\":1297.53906,\"y\":193.973,\"z\":-30.139},\"Rotation\":{\"x\":344.984741,\"y\":92.78199,\"z\":1.217601}},{\"ObjectNameId\":\"World.HangGlider.10\",\"ItemId\":626,\"Position\":{\"x\":789.7307,\"y\":400.973053,\"z\":273.9027},\"Rotation\":{\"x\":347.482727,\"y\":134.715927,\"z\":6.64512062}},{\"ObjectNameId\":\"World.HangGlider.11\",\"ItemId\":626,\"Position\":{\"x\":-1772.03,\"y\":83.56678,\"z\":1171.02441},\"Rotation\":{\"x\":347.06366,\"y\":258.640076,\"z\":4.550671}},{\"ObjectNameId\":\"World.HangGlider.12\",\"ItemId\":626,\"Position\":{\"x\":-1297.054,\"y\":79.975,\"z\":1740.63477},\"Rotation\":{\"x\":345.6263,\"y\":51.9747849,\"z\":2.88373137}},{\"ObjectNameId\":\"World.HangGlider.13\",\"ItemId\":626,\"Position\":{\"x\":-799.537,\"y\":189.46,\"z\":-281.768},\"Rotation\":{\"x\":345.6263,\"y\":325.6798,\"z\":2.883733}},{\"ObjectNameId\":\"World.HangGlider.14\",\"ItemId\":626,\"Position\":{\"x\":846.108,\"y\":208.549,\"z\":1105.33716},\"Rotation\":{\"x\":345.6263,\"y\":41.03186,\"z\":2.88373685}},{\"ObjectNameId\":\"World.KnightV.01\",\"ItemId\":630,\"Position\":{\"x\":-1271.26,\"y\":103.854,\"z\":-14.9114027},\"Rotation\":{\"z\":326.879028}},{\"ObjectNameId\":\"World.KnightV.02\",\"ItemId\":630,\"Position\":{\"x\":-1121.4198,\"y\":37.108,\"z\":1628.24243},\"Rotation\":{\"x\":352.2902,\"y\":49.62521,\"z\":311.589752}},{\"ObjectNameId\":\"World.KnightV.03\",\"ItemId\":630,\"Position\":{\"x\":-238.128,\"y\":97.089,\"z\":950.960266},\"Rotation\":{\"x\":356.628723,\"y\":69.52765,\"z\":37.5221},\"State\":1},{\"ObjectNameId\":\"World.KnightV.04\",\"ItemId\":630,\"Position\":{\"x\":-1031.791,\"y\":226.86,\"z\":-625.11},\"Rotation\":{\"x\":351.3573,\"y\":158.840546,\"z\":335.1593}},{\"ObjectNameId\":\"World.KnightV.05\",\"ItemId\":630,\"Position\":{\"x\":1285.29871,\"y\":228.157,\"z\":-725.347},\"Rotation\":{\"x\":354.536316,\"y\":258.7339,\"z\":33.54773}},{\"ObjectNameId\":\"World.KnightV.06\",\"ItemId\":630,\"Position\":{\"x\":1106.58667,\"y\":87.5037155,\"z\":1622.528},\"Rotation\":{\"x\":353.512939,\"y\":186.727982,\"z\":59.38967}},{\"ObjectNameId\":\"World.KnightV.07\",\"ItemId\":630,\"Position\":{\"x\":1454.986,\"y\":192.25,\"z\":-417.372},\"Rotation\":{\"x\":355.17334,\"y\":306.921173,\"z\":323.681152}},{\"ObjectNameId\":\"World.KnightV.08\",\"ItemId\":630,\"Position\":{\"x\":-1092.74023,\"y\":93.476,\"z\":1277.42529},\"Rotation\":{\"x\":353.6405,\"y\":269.1214,\"z\":53.79985},\"State\":1},{\"ObjectNameId\":\"World.KnightV.09\",\"ItemId\":630,\"Position\":{\"x\":-1177.635,\"y\":227.554,\"z\":-1697.917},\"Rotation\":{\"x\":0.430921555,\"y\":210.561981,\"z\":312.084717}},{\"ObjectNameId\":\"World.KnightV.10\",\"ItemId\":630,\"Position\":{\"x\":-973.578,\"y\":272.885,\"z\":-783.283},\"Rotation\":{\"x\":359.134064,\"y\":148.511169,\"z\":308.603241}},{\"ObjectNameId\":\"World.KnightV.11\",\"ItemId\":630,\"Position\":{\"x\":-734.531,\"y\":134.001541,\"z\":28.555},\"Rotation\":{\"x\":359.134064,\"y\":275.3971,\"z\":308.603241}},{\"ObjectNameId\":\"World.KnightV.12\",\"ItemId\":630,\"Position\":{\"x\":-973.578,\"y\":272.885,\"z\":-783.283},\"Rotation\":{\"x\":359.134064,\"y\":148.511169,\"z\":308.603241}},{\"ObjectNameId\":\"World.KnightV.13\",\"ItemId\":630,\"Position\":{\"x\":-1132.82556,\"y\":278.821,\"z\":-1086.89417},\"Rotation\":{\"x\":356.135834,\"y\":114.3761,\"z\":40.2333832}},{\"ObjectNameId\":\"574a1302-67d4-4765-a853-0b88a79a5fca\",\"ItemId\":626,\"Position\":{\"x\":802.4389,\"y\":227.682068,\"z\":979.9224},\"Rotation\":{\"x\":348.39743,\"y\":262.974945,\"z\":-0.000732565764},\"RuntimeCreated\":true},{\"ObjectNameId\":\"b4381f1a-6048-44f9-8125-d452fc7dbd86\",\"ItemId\":630,\"Position\":{\"x\":-616.486267,\"y\":94.080986,\"z\":582.779541},\"Rotation\":{\"x\":84.42543,\"y\":193.832092,\"z\":126.887215},\"State\":1,\"RuntimeCreated\":true},{\"ObjectNameId\":\"81aaa88f-4187-4876-b88a-9e874f0feb57\",\"ItemId\":630,\"Position\":{\"x\":-1336.36462,\"y\":96.45808,\"z\":1418.6637},\"Rotation\":{\"x\":7.50030231,\"y\":290.660248,\"z\":124.169388},\"RuntimeCreated\":true},{\"ObjectNameId\":\"3cdfc75a-d169-43e3-9024-03e4e7d19d24\",\"ItemId\":630,\"Position\":{\"x\":-1334.14514,\"y\":96.3419647,\"z\":1412.895},\"Rotation\":{\"x\":4.30310869,\"y\":312.684784,\"z\":121.207825},\"RuntimeCreated\":true},{\"ObjectNameId\":\"af853b8b-2e82-4d14-a068-808f5f43fb64\",\"ItemId\":630,\"Position\":{\"x\":-1329.37268,\"y\":96.11787,\"z\":1406.99829},\"Rotation\":{\"x\":0.685808361,\"y\":262.9181,\"z\":109.371414},\"RuntimeCreated\":true},{\"ObjectNameId\":\"6b817247-6d56-486a-9859-b51c6fcc122c\",\"ItemId\":630,\"Position\":{\"x\":-616.0566,\"y\":94.16557,\"z\":581.5187},\"Rotation\":{\"x\":4.781678,\"y\":296.611053,\"z\":243.416565},\"RuntimeCreated\":true},{\"ObjectNameId\":\"4acfe794-8200-422b-a728-f48bf59e1258\",\"ItemId\":630,\"Position\":{\"x\":-616.8613,\"y\":94.1421051,\"z\":582.0741},\"Rotation\":{\"x\":303.5203,\"y\":307.40152,\"z\":244.807373},\"RuntimeCreated\":true},{\"ObjectNameId\":\"86954deb-ed8f-4b16-b3a8-a150c0bdc5ee\",\"ItemId\":630,\"Position\":{\"x\":-617.142456,\"y\":94.13199,\"z\":582.3462},\"Rotation\":{\"x\":297.026337,\"y\":284.622467,\"z\":77.9326553},\"RuntimeCreated\":true},{\"ObjectNameId\":\"5fd93b64-be06-44e0-af79-0adf3f09a4f0\",\"ItemId\":630,\"Position\":{\"x\":-616.9087,\"y\":94.0711,\"z\":583.0302},\"Rotation\":{\"x\":308.3376,\"y\":43.9363823,\"z\":255.07457},\"State\":1,\"RuntimeCreated\":true},{\"ObjectNameId\":\"2b5cba64-7db4-4901-ba51-6b47ec32200a\",\"ItemId\":630,\"Position\":{\"x\":973.1255,\"y\":244.76593,\"z\":-407.584961},\"Rotation\":{\"x\":357.015564,\"y\":27.1191769,\"z\":252.418091},\"State\":1,\"RuntimeCreated\":true},{\"ObjectNameId\":\"63134ae5-437d-4044-b429-bca068b965b1\",\"ItemId\":630,\"Position\":{\"x\":-671.9773,\"y\":103.575867,\"z\":619.216248},\"Rotation\":{\"x\":13.1475391,\"y\":188.945953,\"z\":120.072006},\"RuntimeCreated\":true},{\"ObjectNameId\":\"ceafe2a1-662f-4fd3-9da2-629310af5fe9\",\"ItemId\":630,\"Position\":{\"x\":-683.747253,\"y\":139.378387,\"z\":203.156967},\"Rotation\":{\"x\":8.998436,\"y\":349.072174,\"z\":256.263123},\"RuntimeCreated\":true},{\"ObjectNameId\":\"c3558d0b-4965-4a19-8aab-6790cbca66f5\",\"ItemId\":630,\"State\":1,\"RuntimeCreated\":true},{\"ObjectNameId\":\"bfc05c65-6bdf-42d2-9d4a-bbee9b1ecbe6\",\"ItemId\":630,\"Position\":{\"x\":-423.1689,\"y\":29.4484348,\"z\":1431.99829},\"Rotation\":{\"x\":358.524323,\"y\":23.1365166,\"z\":241.982269},\"State\":1,\"RuntimeCreated\":true},{\"ObjectNameId\":\"8012db1b-6c37-478f-891a-8b402dd5debc\",\"ItemId\":630,\"State\":1,\"RuntimeCreated\":true},{\"ObjectNameId\":\"bc5f7050-2c1a-408a-9dfb-53544f580683\",\"ItemId\":630,\"State\":1,\"RuntimeCreated\":true},{\"ObjectNameId\":\"9f61c2d3-8654-491c-9054-ba408d0b280e\",\"ItemId\":630,\"State\":1,\"RuntimeCreated\":true},{\"ObjectNameId\":\"c20f6bcf-7bb9-412e-a16c-c14831b90b48\",\"ItemId\":630,\"State\":1,\"RuntimeCreated\":true},{\"ObjectNameId\":\"e8cf7233-c46c-460d-8af1-542c474ed8ac\",\"ItemId\":630,\"Position\":{\"x\":-425.8124,\"y\":14.9140005,\"z\":1582.0116},\"Rotation\":{\"x\":0.0392891876,\"y\":348.968018,\"z\":358.604523},\"State\":1,\"RuntimeCreated\":true},{\"ObjectNameId\":\"c75c04ce-6b5e-46d1-b63a-aa0f2959ad88\",\"ItemId\":630,\"State\":1,\"RuntimeCreated\":true},{\"ObjectNameId\":\"8df5f8da-2e9e-420d-88bf-bc43c3f65083\",\"ItemId\":630,\"Position\":{\"x\":1229.76965,\"y\":244.642075,\"z\":-601.5091},\"Rotation\":{\"x\":350.9351,\"y\":269.257568,\"z\":131.199127},\"State\":1,\"RuntimeCreated\":true},{\"ObjectNameId\":\"9d6aab83-b0c4-4467-8109-c0ba45fd3590\",\"ItemId\":630,\"State\":1,\"RuntimeCreated\":true},{\"ObjectNameId\":\"896a12f6-8acb-4524-b3d6-7af905104111\",\"ItemId\":630,\"State\":1,\"RuntimeCreated\":true},{\"ObjectNameId\":\"bfd0c829-085b-40f8-8e49-6aa4855073ce\",\"ItemId\":630,\"State\":1,\"RuntimeCreated\":true},{\"ObjectNameId\":\"c01b19f4-362e-4ac0-af27-0c49b5427bd1\",\"ItemId\":630,\"Position\":{\"x\":-616.1108,\"y\":94.07108,\"z\":582.410034},\"Rotation\":{\"x\":61.8712845,\"y\":30.9316654,\"z\":272.678375},\"RuntimeCreated\":true},{\"ObjectNameId\":\"1a85f14a-6f97-49fd-a20b-114fe8e46107\",\"ItemId\":630,\"Position\":{\"x\":1242.65234,\"y\":237.716019,\"z\":-660.5264},\"Rotation\":{\"x\":359.988647,\"y\":241.6484,\"z\":59.99312},\"State\":1,\"RuntimeCreated\":true},{\"ObjectNameId\":\"ae0f4412-0b92-43c5-8131-53108a93c96a\",\"ItemId\":630,\"State\":1,\"RuntimeCreated\":true},{\"ObjectNameId\":\"3df5e252-56c6-4782-aea5-edc2db2ebbc1\",\"ItemId\":630,\"State\":1,\"RuntimeCreated\":true},{\"ObjectNameId\":\"81213f8e-db6c-4d3d-8bf6-695ad6fe3444\",\"ItemId\":630,\"State\":1,\"RuntimeCreated\":true},{\"ObjectNameId\":\"3fbcefeb-961f-4c5f-b5ff-f7283b7b8854\",\"ItemId\":630,\"State\":1,\"RuntimeCreated\":true},{\"ObjectNameId\":\"ca4122b6-d959-4c61-8a36-509384fe44d2\",\"ItemId\":630,\"State\":1,\"RuntimeCreated\":true},{\"ObjectNameId\":\"863b5ba6-583c-4a7e-ab57-b7ab7892a711\",\"ItemId\":630,\"State\":1,\"RuntimeCreated\":true},{\"ObjectNameId\":\"fa4eedf0-2a5c-44e4-ac08-e517885e5ff2\",\"ItemId\":630,\"State\":1,\"RuntimeCreated\":true},{\"ObjectNameId\":\"6e7b5f88-d467-467f-88ef-7ccbd2c522c7\",\"ItemId\":630,\"Position\":{\"x\":-37.0604477,\"y\":479.6441,\"z\":70.1742554},\"Rotation\":{\"x\":334.0283,\"y\":315.120361,\"z\":13.47889},\"RuntimeCreated\":true},{\"ObjectNameId\":\"0441178c-dbda-4540-a568-2a0cc23dac2a\",\"ItemId\":630,\"State\":1,\"RuntimeCreated\":true},{\"ObjectNameId\":\"39af9c4e-5544-42d0-bc0a-e7280f83a3c1\",\"ItemId\":630,\"State\":1,\"RuntimeCreated\":true},{\"ObjectNameId\":\"3c842155-0f14-42d4-9d9f-166c8b3b0810\",\"ItemId\":630,\"Position\":{\"x\":-617.8533,\"y\":94.12112,\"z\":583.233948},\"Rotation\":{\"x\":54.8035774,\"y\":287.315,\"z\":255.342926},\"RuntimeCreated\":true},{\"ObjectNameId\":\"fc9311c0-5b19-4978-b5ee-5594dac93078\",\"ItemId\":630,\"State\":1,\"RuntimeCreated\":true},{\"ObjectNameId\":\"6e361cf1-b147-4517-905a-f263caba849c\",\"ItemId\":630,\"State\":1,\"RuntimeCreated\":true},{\"ObjectNameId\":\"db45b628-4c92-4825-a79a-4edd7e9a0060\",\"ItemId\":630,\"State\":1,\"RuntimeCreated\":true},{\"ObjectNameId\":\"a3109fe3-5fd1-4698-b736-9bf6a2644997\",\"ItemId\":630,\"Position\":{\"x\":247.765839,\"y\":102.786179,\"z\":1087.35486},\"Rotation\":{\"x\":4.274903,\"y\":0.335509539,\"z\":1.56425238},\"State\":1,\"RuntimeCreated\":true},{\"ObjectNameId\":\"1fd2c161-8db3-45c8-b246-5d97ac71ac30\",\"ItemId\":630,\"Position\":{\"x\":-281.2279,\"y\":156.0881,\"z\":745.7601},\"Rotation\":{\"x\":1.09079814,\"y\":216.024,\"z\":0.8025966},\"State\":1,\"RuntimeCreated\":true},{\"ObjectNameId\":\"0d08a201-1be0-4809-b8aa-64e17c87a8a2\",\"ItemId\":630,\"Position\":{\"x\":-471.419983,\"y\":125.843742,\"z\":511.37912},\"Rotation\":{\"x\":293.518,\"y\":280.996674,\"z\":161.714859},\"State\":1,\"RuntimeCreated\":true},{\"ObjectNameId\":\"fff50a24-d9db-4463-aade-48bbdb60604c\",\"ItemId\":630,\"State\":1,\"RuntimeCreated\":true},{\"ObjectNameId\":\"f8b0a739-a1c6-4159-9b9b-bc5b3187fe5b\",\"ItemId\":630,\"State\":1,\"RuntimeCreated\":true},{\"ObjectNameId\":\"1257be15-e53e-4b98-8f4f-4eda99567c4f\",\"ItemId\":630,\"Position\":{\"x\":-618.1448,\"y\":94.1975,\"z\":582.7238},\"Rotation\":{\"x\":64.71706,\"y\":105.561081,\"z\":282.145325},\"RuntimeCreated\":true},{\"ObjectNameId\":\"07d1aae1-aa61-4ac9-8bf2-8ab707066b02\",\"ItemId\":630,\"State\":1,\"RuntimeCreated\":true},{\"ObjectNameId\":\"bee93ba1-394e-4a75-8c81-388a98990ebe\",\"ItemId\":630,\"Position\":{\"x\":-59.15816,\"y\":15.5801334,\"z\":1452.584},\"Rotation\":{\"x\":2.10944,\"y\":43.0147476,\"z\":5.64031458},\"State\":1,\"RuntimeCreated\":true},{\"ObjectNameId\":\"1ef5c7cf-5e19-4ba3-954f-0eb0273e4a13\",\"ItemId\":630,\"State\":1,\"RuntimeCreated\":true},{\"ObjectNameId\":\"00b5f7a4-b184-4ff8-9997-6566af5b31e8\",\"ItemId\":630,\"State\":1,\"RuntimeCreated\":true},{\"ObjectNameId\":\"7ee994c6-45d4-41f7-933c-1ce98f0b1b29\",\"ItemId\":630,\"Position\":{\"x\":-417.5468,\"y\":14.0725145,\"z\":1520.58545},\"Rotation\":{\"x\":-0.00152654725,\"y\":277.98233,\"z\":250.094635},\"State\":1,\"RuntimeCreated\":true},{\"ObjectNameId\":\"03ea1946-47d6-42b2-bd54-91f07244baea\",\"ItemId\":630,\"Position\":{\"x\":-430.151062,\"y\":15.2127438,\"z\":1581.46313},\"Rotation\":{\"x\":1.19944489,\"y\":333.1725,\"z\":356.3754},\"State\":1,\"RuntimeCreated\":true},{\"ObjectNameId\":\"03d1b304-2911-40d3-b563-a1bbffb23281\",\"ItemId\":630,\"State\":1,\"RuntimeCreated\":true},{\"ObjectNameId\":\"d5a57a8f-e25c-4c25-b290-a40cf2927a23\",\"ItemId\":630,\"Position\":{\"x\":-845.613953,\"y\":22.1447659,\"z\":1715.99},\"Rotation\":{\"x\":297.1518,\"y\":27.9166451,\"z\":184.311584},\"State\":1,\"RuntimeCreated\":true},{\"ObjectNameId\":\"cf8a06f5-959f-45e5-9365-34f6b088d1d6\",\"ItemId\":630,\"State\":1,\"RuntimeCreated\":true},{\"ObjectNameId\":\"f830b138-dc4c-455d-9a59-97eb584cfcf0\",\"ItemId\":630,\"Position\":{\"x\":-1019.90656,\"y\":98.48861,\"z\":1025.55933},\"Rotation\":{\"x\":281.414948,\"y\":54.4638977,\"z\":37.54054},\"State\":1,\"RuntimeCreated\":true},{\"ObjectNameId\":\"c202e821-ed66-43f5-bbed-57c488461d48\",\"ItemId\":630,\"State\":1,\"RuntimeCreated\":true},{\"ObjectNameId\":\"6d40a7e9-d024-4f20-8c6f-5b7ef41bb281\",\"ItemId\":630,\"State\":1,\"RuntimeCreated\":true},{\"ObjectNameId\":\"0dccb509-0616-4415-bf0f-6d29de16a5ef\",\"ItemId\":630,\"Position\":{\"x\":-1438.98621,\"y\":32.2249336,\"z\":332.262451},\"Rotation\":{\"x\":321.045746,\"y\":119.365356,\"z\":117.655334},\"State\":1,\"RuntimeCreated\":true},{\"ObjectNameId\":\"bb2049d1-f57c-4045-9d17-0c710543d8ea\",\"ItemId\":630,\"State\":1,\"RuntimeCreated\":true},{\"ObjectNameId\":\"349ba561-23de-46d0-b554-7b7ce8707755\",\"ItemId\":630,\"Position\":{\"x\":-1506.33557,\"y\":28.27048,\"z\":392.222015},\"Rotation\":{\"x\":9.636074,\"y\":346.856964,\"z\":306.267334},\"State\":1,\"RuntimeCreated\":true},{\"ObjectNameId\":\"87e272e3-3522-4cf4-87f7-fc1757659ada\",\"ItemId\":630,\"Position\":{\"x\":-1610.47888,\"y\":15.07176,\"z\":477.977539},\"Rotation\":{\"x\":0.00501636043,\"y\":279.757355,\"z\":-0.003069819},\"State\":1,\"RuntimeCreated\":true},{\"ObjectNameId\":\"ca1fa224-db71-4137-a1d5-b689dee243ae\",\"ItemId\":630,\"State\":1,\"RuntimeCreated\":true},{\"ObjectNameId\":\"4c66d845-27d9-4b09-947f-bcde7208cc98\",\"ItemId\":630,\"State\":1,\"RuntimeCreated\":true},{\"ObjectNameId\":\"186046a9-7cb5-4d74-9513-d44a45fedf48\",\"ItemId\":630,\"State\":1,\"RuntimeCreated\":true},{\"ObjectNameId\":\"8efee8ed-fc88-4521-afe1-d15659eaf965\",\"ItemId\":630,\"Position\":{\"x\":-990.4267,\"y\":86.590744,\"z\":717.9291},\"Rotation\":{\"x\":3.34918857,\"y\":94.68017,\"z\":-0.00415879069},\"RuntimeCreated\":true}]}"}}