{"Version":"0.0.0","Data":{"WorldItemManager":"{\"Version\":\"0.0.0\",\"WorldItemStates\":[{\"ObjectNameId\":\"World.GolfCart.01\",\"Position\":{\"x\":-615.0365,\"y\":94.06332,\"z\":600.0992},\"Rotation\":{\"x\":359.1234,\"y\":164.594574,\"z\":357.6621},\"ItemStateData\":[{\"Power\":1000.0,\"StateDataTypeId\":1,\"Version\":\"0.0.0\"}]},{\"ObjectNameId\":\"World.GolfCart.02\",\"Position\":{\"x\":1030.9928,\"y\":83.629,\"z\":1523.309},\"Rotation\":{\"y\":310.235138}},{\"ObjectNameId\":\"World.GolfCart.03\",\"Position\":{\"x\":1582.8606,\"y\":98.373,\"z\":1340.59045},\"Rotation\":{\"y\":146.876465}},{\"ObjectNameId\":\"World.GolfCart.04\",\"Position\":{\"x\":1014.11,\"y\":140.11,\"z\":1223.06},\"Rotation\":{\"y\":146.876465}},{\"ObjectNameId\":\"World.GolfCart.05\",\"Position\":{\"x\":1903.9,\"y\":15.253,\"z\":461.64},\"Rotation\":{\"y\":146.876465}},{\"ObjectNameId\":\"World.GolfCart.06\",\"Position\":{\"x\":1839.567,\"y\":15.09,\"z\":355.608978},\"Rotation\":{\"y\":97.15335}},{\"ObjectNameId\":\"World.GolfCart.07\",\"Position\":{\"x\":1691.495,\"y\":28.776,\"z\":1027.62219},\"Rotation\":{\"y\":97.15335}},{\"ObjectNameId\":\"World.GolfCart.08\",\"Position\":{\"x\":904.0204,\"y\":155.04,\"z\":930.250244},\"Rotation\":{\"x\":358.709961,\"y\":83.50263,\"z\":357.462616},\"ItemStateData\":[{\"Power\":1000.0,\"StateDataTypeId\":1,\"Version\":\"0.0.0\"}]},{\"ObjectNameId\":\"World.GolfCart.09\",\"Position\":{\"x\":1184.64734,\"y\":130.15,\"z\":800.166},\"Rotation\":{\"y\":304.951}},{\"ObjectNameId\":\"World.GolfCart.10\",\"Position\":{\"x\":-1134.227,\"y\":279.003,\"z\":-1106.351},\"Rotation\":{\"y\":16.8130627}},{\"ObjectNameId\":\"World.GolfCart.11\",\"Position\":{\"x\":-928.487061,\"y\":251.064,\"z\":-995.3917},\"Rotation\":{\"y\":185.738235}},{\"ObjectNameId\":\"World.GolfCart.12\",\"Position\":{\"x\":-891.3007,\"y\":251.091,\"z\":-918.248535},\"Rotation\":{\"y\":229.305862}},{\"ObjectNameId\":\"World.GolfCart.13\",\"Position\":{\"x\":1044.47864,\"y\":16.305,\"z\":1825.028},\"Rotation\":{\"x\":7.10553932}},{\"ObjectNameId\":\"World.HangGlider.01\",\"ItemId\":626,\"Position\":{\"x\":-504.4314,\"y\":322.9,\"z\":-307.391937},\"Rotation\":{\"x\":347.33783,\"y\":304.745667,\"z\":6.05460072}},{\"ObjectNameId\":\"World.HangGlider.02\",\"ItemId\":626,\"Position\":{\"x\":-129.59,\"y\":409.49,\"z\":-1028.08},\"Rotation\":{\"x\":345.409454,\"y\":329.2675,\"z\":0.93207866}},{\"ObjectNameId\":\"World.HangGlider.03\",\"ItemId\":626,\"Position\":{\"x\":366.28,\"y\":528.44,\"z\":-160.22},\"Rotation\":{\"x\":345.409454,\"y\":329.2675,\"z\":0.93207866}},{\"ObjectNameId\":\"World.HangGlider.04\",\"ItemId\":626,\"Position\":{\"x\":-1184.1,\"y\":221.516174,\"z\":-1728.82288},\"Rotation\":{\"x\":339.567169,\"y\":202.175552,\"z\":358.482422}},{\"ObjectNameId\":\"World.HangGlider.05\",\"ItemId\":626,\"Position\":{\"x\":733.1571,\"y\":369.35,\"z\":740.7741},\"Rotation\":{\"x\":346.592865,\"y\":55.28923,\"z\":3.63867712}},{\"ObjectNameId\":\"World.HangGlider.06\",\"ItemId\":626,\"Position\":{\"x\":1083.82,\"y\":276.317383,\"z\":-108.445892},\"Rotation\":{\"x\":344.984741,\"y\":55.88374,\"z\":1.21760261}},{\"ObjectNameId\":\"World.HangGlider.07\",\"ItemId\":626,\"Position\":{\"x\":797.909,\"y\":227.65,\"z\":974.662},\"Rotation\":{\"x\":344.984772,\"y\":85.53987,\"z\":1.21760166}},{\"ObjectNameId\":\"World.HangGlider.08\",\"ItemId\":626,\"Position\":{\"x\":-30.42196,\"y\":250.851,\"z\":665.780762},\"Rotation\":{\"x\":344.984772,\"y\":29.0722332,\"z\":1.2176019}},{\"ObjectNameId\":\"World.HangGlider.09\",\"ItemId\":626,\"Position\":{\"x\":1297.53906,\"y\":193.973,\"z\":-30.139},\"Rotation\":{\"x\":344.984741,\"y\":92.78199,\"z\":1.217601}},{\"ObjectNameId\":\"World.HangGlider.10\",\"ItemId\":626,\"Position\":{\"x\":789.7307,\"y\":400.973053,\"z\":273.9027},\"Rotation\":{\"x\":347.482727,\"y\":134.715927,\"z\":6.64512062}},{\"ObjectNameId\":\"World.HangGlider.11\",\"ItemId\":626,\"Position\":{\"x\":-1772.03,\"y\":83.56678,\"z\":1171.02441},\"Rotation\":{\"x\":347.06366,\"y\":258.640076,\"z\":4.550671}},{\"ObjectNameId\":\"World.HangGlider.12\",\"ItemId\":626,\"Position\":{\"x\":-1297.054,\"y\":79.975,\"z\":1740.63477},\"Rotation\":{\"x\":345.6263,\"y\":51.9747849,\"z\":2.88373137}},{\"ObjectNameId\":\"World.HangGlider.13\",\"ItemId\":626,\"Position\":{\"x\":-799.537,\"y\":189.46,\"z\":-281.768},\"Rotation\":{\"x\":345.6263,\"y\":325.6798,\"z\":2.883733}},{\"ObjectNameId\":\"World.HangGlider.14\",\"ItemId\":626,\"Position\":{\"x\":846.108,\"y\":208.549,\"z\":1105.33716},\"Rotation\":{\"x\":345.6263,\"y\":41.03186,\"z\":2.88373685}},{\"ObjectNameId\":\"World.KnightV.01\",\"ItemId\":630,\"Position\":{\"x\":-1271.26,\"y\":103.854,\"z\":-14.9114027},\"Rotation\":{\"z\":326.879028}},{\"ObjectNameId\":\"World.KnightV.02\",\"ItemId\":630,\"Position\":{\"x\":-1121.4198,\"y\":37.108,\"z\":1628.24243},\"Rotation\":{\"x\":352.2902,\"y\":49.62521,\"z\":311.589752}},{\"ObjectNameId\":\"World.KnightV.03\",\"ItemId\":630,\"Position\":{\"x\":-238.128,\"y\":97.089,\"z\":950.960266},\"Rotation\":{\"x\":356.628723,\"y\":69.52765,\"z\":37.5221},\"State\":1},{\"ObjectNameId\":\"World.KnightV.04\",\"ItemId\":630,\"Position\":{\"x\":-1031.791,\"y\":226.86,\"z\":-625.11},\"Rotation\":{\"x\":351.3573,\"y\":158.840546,\"z\":335.1593}},{\"ObjectNameId\":\"World.KnightV.05\",\"ItemId\":630,\"Position\":{\"x\":1285.29871,\"y\":228.157,\"z\":-725.347},\"Rotation\":{\"x\":354.536316,\"y\":258.733917,\"z\":33.54773}},{\"ObjectNameId\":\"World.KnightV.06\",\"ItemId\":630,\"Position\":{\"x\":1106.58667,\"y\":87.5037155,\"z\":1622.528},\"Rotation\":{\"x\":353.512939,\"y\":186.727982,\"z\":59.38967}},{\"ObjectNameId\":\"World.KnightV.07\",\"ItemId\":630,\"Position\":{\"x\":1454.986,\"y\":192.25,\"z\":-417.372},\"Rotation\":{\"x\":355.17334,\"y\":306.921173,\"z\":323.681152}},{\"ObjectNameId\":\"World.KnightV.08\",\"ItemId\":630,\"Position\":{\"x\":-1092.74023,\"y\":93.476,\"z\":1277.42529},\"Rotation\":{\"x\":353.6405,\"y\":269.1214,\"z\":53.79985},\"State\":1},{\"ObjectNameId\":\"World.KnightV.09\",\"ItemId\":630,\"Position\":{\"x\":-1177.635,\"y\":227.554,\"z\":-1697.917},\"Rotation\":{\"x\":0.430921555,\"y\":210.561981,\"z\":312.084717}},{\"ObjectNameId\":\"World.KnightV.10\",\"ItemId\":630,\"Position\":{\"x\":-973.578,\"y\":272.885,\"z\":-783.283},\"Rotation\":{\"x\":359.134064,\"y\":148.511169,\"z\":308.603241}},{\"ObjectNameId\":\"World.KnightV.11\",\"ItemId\":630,\"Position\":{\"x\":-734.531,\"y\":134.001541,\"z\":28.555},\"Rotation\":{\"x\":359.134064,\"y\":275.3971,\"z\":308.603241}},{\"ObjectNameId\":\"World.KnightV.12\",\"ItemId\":630,\"Position\":{\"x\":-973.578,\"y\":272.885,\"z\":-783.283},\"Rotation\":{\"x\":359.134064,\"y\":148.511169,\"z\":308.603241}},{\"ObjectNameId\":\"World.KnightV.13\",\"ItemId\":630,\"Position\":{\"x\":-1132.82556,\"y\":278.821,\"z\":-1086.89417},\"Rotation\":{\"x\":356.135834,\"y\":114.3761,\"z\":40.2333832}},{\"ObjectNameId\":\"574a1302-67d4-4765-a853-0b88a79a5fca\",\"ItemId\":626,\"Position\":{\"x\":802.4388,\"y\":227.682724,\"z\":979.9224},\"Rotation\":{\"x\":348.395355,\"y\":262.975769,\"z\":-0.0003381769},\"RuntimeCreated\":true},{\"ObjectNameId\":\"b4381f1a-6048-44f9-8125-d452fc7dbd86\",\"ItemId\":630,\"Position\":{\"x\":-616.569031,\"y\":94.16596,\"z\":581.725952},\"Rotation\":{\"x\":62.134,\"y\":136.960815,\"z\":116.138626},\"RuntimeCreated\":true},{\"ObjectNameId\":\"81aaa88f-4187-4876-b88a-9e874f0feb57\",\"ItemId\":630,\"Position\":{\"x\":-1336.65979,\"y\":96.4777,\"z\":1419.00378},\"Rotation\":{\"x\":2.298567,\"y\":307.207672,\"z\":128.018066},\"RuntimeCreated\":true},{\"ObjectNameId\":\"3cdfc75a-d169-43e3-9024-03e4e7d19d24\",\"ItemId\":630,\"Position\":{\"x\":-1334.19482,\"y\":96.3396149,\"z\":1412.99255},\"Rotation\":{\"x\":5.881594,\"y\":314.01413,\"z\":121.263565},\"RuntimeCreated\":true},{\"ObjectNameId\":\"af853b8b-2e82-4d14-a068-808f5f43fb64\",\"ItemId\":630,\"Position\":{\"x\":-1329.37354,\"y\":96.1180038,\"z\":1407.0},\"Rotation\":{\"x\":0.6661087,\"y\":262.807983,\"z\":109.305511},\"RuntimeCreated\":true},{\"ObjectNameId\":\"6b817247-6d56-486a-9859-b51c6fcc122c\",\"ItemId\":630,\"Position\":{\"x\":-616.7135,\"y\":94.341774,\"z\":580.5728},\"Rotation\":{\"x\":80.27302,\"y\":195.840683,\"z\":292.541565},\"RuntimeCreated\":true},{\"ObjectNameId\":\"0d9ea5be-b61a-4afe-8f4a-ac6b597e4ba0\",\"ItemId\":630,\"Position\":{\"x\":-617.012268,\"y\":94.1763458,\"z\":581.783752},\"Rotation\":{\"x\":2.80037475,\"y\":321.672455,\"z\":243.676712},\"RuntimeCreated\":true},{\"ObjectNameId\":\"e320abd2-2e2f-4a17-8798-001b4270eed4\",\"ItemId\":630,\"Position\":{\"x\":-614.966858,\"y\":94.08333,\"z\":582.511536},\"Rotation\":{\"x\":3.76050377,\"y\":309.85556,\"z\":247.7038},\"State\":1,\"RuntimeCreated\":true},{\"ObjectNameId\":\"4acfe794-8200-422b-a728-f48bf59e1258\",\"ItemId\":630,\"Position\":{\"x\":-617.951538,\"y\":94.24524,\"z\":582.080139},\"Rotation\":{\"x\":356.8612,\"y\":296.36795,\"z\":241.926514},\"RuntimeCreated\":true},{\"ObjectNameId\":\"a304b232-e607-4a9e-a433-134e6cfab2bf\",\"ItemId\":630,\"State\":1,\"RuntimeCreated\":true},{\"ObjectNameId\":\"74b6ca4f-c1ee-45fb-8596-4c7979d59e55\",\"ItemId\":630,\"State\":1,\"RuntimeCreated\":true},{\"ObjectNameId\":\"0237b64c-1802-4c6a-aeea-5fbe78f63076\",\"ItemId\":630,\"Position\":{\"x\":-596.753662,\"y\":35.9375229,\"z\":1272.83093},\"Rotation\":{\"x\":297.179535,\"y\":32.5385361,\"z\":216.5836},\"State\":1,\"RuntimeCreated\":true},{\"ObjectNameId\":\"cf6e5b74-f615-410d-a25a-c55d01e0e386\",\"ItemId\":630,\"State\":1,\"RuntimeCreated\":true},{\"ObjectNameId\":\"625b417a-4fff-4e76-a1aa-e55d66d1d18e\",\"ItemId\":630,\"State\":1,\"RuntimeCreated\":true},{\"ObjectNameId\":\"c6b3f9fa-a7e5-493e-b00a-8757fdb633a4\",\"ItemId\":630,\"Position\":{\"x\":-391.036957,\"y\":15.9013014,\"z\":1631.27917},\"Rotation\":{\"x\":294.1091,\"y\":11.7356367,\"z\":154.761841},\"State\":1,\"RuntimeCreated\":true},{\"ObjectNameId\":\"5ffebe26-5612-40d4-898a-77cbfaae9293\",\"ItemId\":630,\"State\":1,\"RuntimeCreated\":true},{\"ObjectNameId\":\"de22560c-acf0-4770-a11e-546f07e86b55\",\"ItemId\":630,\"State\":1,\"RuntimeCreated\":true},{\"ObjectNameId\":\"ccfa1da1-07c5-4e09-95d2-c74d9e0864b5\",\"ItemId\":630,\"Position\":{\"x\":-614.178162,\"y\":80.63144,\"z\":899.6681},\"Rotation\":{\"x\":89.98022,\"y\":161.0494},\"State\":1,\"RuntimeCreated\":true},{\"ObjectNameId\":\"e284f1c8-9dd6-420f-ac7a-007c4f62a0c6\",\"ItemId\":630,\"State\":1,\"RuntimeCreated\":true},{\"ObjectNameId\":\"0700484c-cc98-4a20-8cbc-ff95430cf420\",\"ItemId\":630,\"Position\":{\"x\":-616.8889,\"y\":94.1127243,\"z\":582.401733},\"Rotation\":{\"x\":2.5883472,\"y\":76.17484,\"z\":253.5101},\"RuntimeCreated\":true}]}"}}