{"Version":"0.0.0","Data":{"WorldItemManager":"{\"Version\":\"0.0.0\",\"WorldItemStates\":[{\"ObjectNameId\":\"World.GolfCart.01\",\"Position\":{\"x\":-617.839,\"y\":94.08906,\"z\":584.188843},\"Rotation\":{\"x\":3.938592,\"y\":22.9929676,\"z\":357.982422},\"ItemStateData\":[{\"Power\":1000.0,\"StateDataTypeId\":1,\"Version\":\"0.0.0\"}]},{\"ObjectNameId\":\"World.GolfCart.02\",\"Position\":{\"x\":1030.9928,\"y\":83.629,\"z\":1523.309},\"Rotation\":{\"y\":310.235138}},{\"ObjectNameId\":\"World.GolfCart.03\",\"Position\":{\"x\":1582.8606,\"y\":98.373,\"z\":1340.59045},\"Rotation\":{\"y\":146.876465}},{\"ObjectNameId\":\"World.GolfCart.04\",\"Position\":{\"x\":1014.11,\"y\":140.11,\"z\":1223.06},\"Rotation\":{\"y\":146.876465}},{\"ObjectNameId\":\"World.GolfCart.05\",\"Position\":{\"x\":1903.9,\"y\":15.253,\"z\":461.64},\"Rotation\":{\"y\":146.876465}},{\"ObjectNameId\":\"World.GolfCart.06\",\"Position\":{\"x\":1839.567,\"y\":15.09,\"z\":355.608978},\"Rotation\":{\"y\":97.15335}},{\"ObjectNameId\":\"World.GolfCart.07\",\"Position\":{\"x\":1691.495,\"y\":28.776,\"z\":1027.62219},\"Rotation\":{\"y\":97.15335}},{\"ObjectNameId\":\"World.GolfCart.08\",\"Position\":{\"x\":904.0204,\"y\":155.04,\"z\":930.250244},\"Rotation\":{\"x\":358.709961,\"y\":83.50263,\"z\":357.462616},\"ItemStateData\":[{\"Power\":1000.0,\"StateDataTypeId\":1,\"Version\":\"0.0.0\"}]},{\"ObjectNameId\":\"World.GolfCart.09\",\"Position\":{\"x\":1184.64734,\"y\":130.15,\"z\":800.166},\"Rotation\":{\"y\":304.951}},{\"ObjectNameId\":\"World.GolfCart.10\",\"Position\":{\"x\":-1134.227,\"y\":279.003,\"z\":-1106.351},\"Rotation\":{\"y\":16.8130627}},{\"ObjectNameId\":\"World.GolfCart.11\",\"Position\":{\"x\":-928.487061,\"y\":251.064,\"z\":-995.3917},\"Rotation\":{\"y\":185.738235}},{\"ObjectNameId\":\"World.GolfCart.12\",\"Position\":{\"x\":-891.3007,\"y\":251.091,\"z\":-918.248535},\"Rotation\":{\"y\":229.305862}},{\"ObjectNameId\":\"World.GolfCart.13\",\"Position\":{\"x\":1044.47864,\"y\":16.305,\"z\":1825.028},\"Rotation\":{\"x\":7.10553932}},{\"ObjectNameId\":\"World.HangGlider.01\",\"ItemId\":626,\"Position\":{\"x\":-504.4314,\"y\":322.9,\"z\":-307.391937},\"Rotation\":{\"x\":347.33783,\"y\":304.745667,\"z\":6.05460072}},{\"ObjectNameId\":\"World.HangGlider.02\",\"ItemId\":626,\"Position\":{\"x\":-129.59,\"y\":409.49,\"z\":-1028.08},\"Rotation\":{\"x\":345.409454,\"y\":329.2675,\"z\":0.93207866}},{\"ObjectNameId\":\"World.HangGlider.03\",\"ItemId\":626,\"Position\":{\"x\":366.28,\"y\":528.44,\"z\":-160.22},\"Rotation\":{\"x\":345.409454,\"y\":329.2675,\"z\":0.93207866}},{\"ObjectNameId\":\"World.HangGlider.04\",\"ItemId\":626,\"Position\":{\"x\":-1184.1,\"y\":221.516174,\"z\":-1728.82288},\"Rotation\":{\"x\":339.567169,\"y\":202.175552,\"z\":358.482422}},{\"ObjectNameId\":\"World.HangGlider.05\",\"ItemId\":626,\"Position\":{\"x\":733.1571,\"y\":369.35,\"z\":740.7741},\"Rotation\":{\"x\":346.592865,\"y\":55.28923,\"z\":3.63867712}},{\"ObjectNameId\":\"World.HangGlider.06\",\"ItemId\":626,\"Position\":{\"x\":1083.82,\"y\":276.317383,\"z\":-108.445892},\"Rotation\":{\"x\":344.984741,\"y\":55.88374,\"z\":1.21760261}},{\"ObjectNameId\":\"World.HangGlider.07\",\"ItemId\":626,\"Position\":{\"x\":797.909,\"y\":227.65,\"z\":974.662},\"Rotation\":{\"x\":344.984772,\"y\":85.53987,\"z\":1.21760166}},{\"ObjectNameId\":\"World.HangGlider.08\",\"ItemId\":626,\"Position\":{\"x\":-30.42196,\"y\":250.851,\"z\":665.780762},\"Rotation\":{\"x\":344.984772,\"y\":29.0722332,\"z\":1.2176019}},{\"ObjectNameId\":\"World.HangGlider.09\",\"ItemId\":626,\"Position\":{\"x\":1297.53906,\"y\":193.973,\"z\":-30.139},\"Rotation\":{\"x\":344.984741,\"y\":92.78199,\"z\":1.217601}},{\"ObjectNameId\":\"World.HangGlider.10\",\"ItemId\":626,\"Position\":{\"x\":789.7307,\"y\":400.973053,\"z\":273.9027},\"Rotation\":{\"x\":347.482727,\"y\":134.715927,\"z\":6.64512062}},{\"ObjectNameId\":\"World.HangGlider.11\",\"ItemId\":626,\"Position\":{\"x\":-1772.03,\"y\":83.56678,\"z\":1171.02441},\"Rotation\":{\"x\":347.06366,\"y\":258.640076,\"z\":4.550671}},{\"ObjectNameId\":\"World.HangGlider.12\",\"ItemId\":626,\"Position\":{\"x\":-1297.054,\"y\":79.975,\"z\":1740.63477},\"Rotation\":{\"x\":345.6263,\"y\":51.9747849,\"z\":2.88373137}},{\"ObjectNameId\":\"World.HangGlider.13\",\"ItemId\":626,\"Position\":{\"x\":-799.537,\"y\":189.46,\"z\":-281.768},\"Rotation\":{\"x\":345.6263,\"y\":325.6798,\"z\":2.883733}},{\"ObjectNameId\":\"World.HangGlider.14\",\"ItemId\":626,\"Position\":{\"x\":846.108,\"y\":208.549,\"z\":1105.33716},\"Rotation\":{\"x\":345.6263,\"y\":41.03186,\"z\":2.88373685}},{\"ObjectNameId\":\"World.KnightV.01\",\"ItemId\":630,\"Position\":{\"x\":-1271.26,\"y\":103.854,\"z\":-14.9114027},\"Rotation\":{\"z\":326.879028}},{\"ObjectNameId\":\"World.KnightV.02\",\"ItemId\":630,\"Position\":{\"x\":-1121.4198,\"y\":37.108,\"z\":1628.24243},\"Rotation\":{\"x\":352.2902,\"y\":49.62521,\"z\":311.589752}},{\"ObjectNameId\":\"World.KnightV.03\",\"ItemId\":630,\"Position\":{\"x\":-238.128,\"y\":97.089,\"z\":950.960266},\"Rotation\":{\"x\":356.628723,\"y\":69.52765,\"z\":37.5221},\"State\":1},{\"ObjectNameId\":\"World.KnightV.04\",\"ItemId\":630,\"Position\":{\"x\":-1031.791,\"y\":226.86,\"z\":-625.11},\"Rotation\":{\"x\":351.3573,\"y\":158.840546,\"z\":335.1593}},{\"ObjectNameId\":\"World.KnightV.05\",\"ItemId\":630,\"Position\":{\"x\":1285.29871,\"y\":228.157,\"z\":-725.347},\"Rotation\":{\"x\":354.536316,\"y\":258.733917,\"z\":33.54773}},{\"ObjectNameId\":\"World.KnightV.06\",\"ItemId\":630,\"Position\":{\"x\":1106.58667,\"y\":87.5037155,\"z\":1622.528},\"Rotation\":{\"x\":353.512939,\"y\":186.727982,\"z\":59.38967}},{\"ObjectNameId\":\"World.KnightV.07\",\"ItemId\":630,\"Position\":{\"x\":1454.986,\"y\":192.25,\"z\":-417.372},\"Rotation\":{\"x\":355.17334,\"y\":306.921173,\"z\":323.681152}},{\"ObjectNameId\":\"World.KnightV.08\",\"ItemId\":630,\"Position\":{\"x\":-1092.74023,\"y\":93.476,\"z\":1277.42529},\"Rotation\":{\"x\":353.6405,\"y\":269.1214,\"z\":53.79985},\"State\":1},{\"ObjectNameId\":\"World.KnightV.09\",\"ItemId\":630,\"Position\":{\"x\":-1177.635,\"y\":227.554,\"z\":-1697.917},\"Rotation\":{\"x\":0.430921555,\"y\":210.561981,\"z\":312.084717}},{\"ObjectNameId\":\"World.KnightV.10\",\"ItemId\":630,\"Position\":{\"x\":-973.578,\"y\":272.885,\"z\":-783.283},\"Rotation\":{\"x\":359.134064,\"y\":148.511169,\"z\":308.603241}},{\"ObjectNameId\":\"World.KnightV.11\",\"ItemId\":630,\"Position\":{\"x\":-734.531,\"y\":134.001541,\"z\":28.555},\"Rotation\":{\"x\":359.134064,\"y\":275.3971,\"z\":308.603241}},{\"ObjectNameId\":\"World.KnightV.12\",\"ItemId\":630,\"Position\":{\"x\":-973.578,\"y\":272.885,\"z\":-783.283},\"Rotation\":{\"x\":359.134064,\"y\":148.511169,\"z\":308.603241}},{\"ObjectNameId\":\"World.KnightV.13\",\"ItemId\":630,\"Position\":{\"x\":-1132.82556,\"y\":278.821,\"z\":-1086.89417},\"Rotation\":{\"x\":356.135834,\"y\":114.3761,\"z\":40.2333832}},{\"ObjectNameId\":\"574a1302-67d4-4765-a853-0b88a79a5fca\",\"ItemId\":626,\"Position\":{\"x\":802.438538,\"y\":227.6828,\"z\":979.922363},\"Rotation\":{\"x\":348.400055,\"y\":262.970062,\"z\":-0.00067764963},\"RuntimeCreated\":true},{\"ObjectNameId\":\"03532392-d329-4008-b952-b3fcb4839936\",\"ItemId\":630,\"Position\":{\"x\":-618.3548,\"y\":94.4250946,\"z\":581.0784},\"Rotation\":{\"x\":54.86805,\"y\":144.81189,\"z\":307.373444},\"State\":1,\"RuntimeCreated\":true},{\"ObjectNameId\":\"c1bcdb08-f527-4938-8a76-abb7bae0ae2a\",\"ItemId\":630,\"Position\":{\"x\":-616.6699,\"y\":94.1408157,\"z\":581.946},\"Rotation\":{\"x\":308.089569,\"y\":85.583786,\"z\":267.649567},\"State\":1,\"RuntimeCreated\":true},{\"ObjectNameId\":\"e672c5c1-b095-424e-911b-3f360475ef35\",\"ItemId\":630,\"Position\":{\"x\":-616.6743,\"y\":94.20495,\"z\":581.3676},\"Rotation\":{\"x\":8.122277,\"y\":34.97666,\"z\":252.4769},\"State\":1,\"RuntimeCreated\":true},{\"ObjectNameId\":\"301ddc39-989b-4b12-926d-0170edc6060c\",\"ItemId\":630,\"Position\":{\"x\":-616.2977,\"y\":94.21261,\"z\":581.2106},\"Rotation\":{\"x\":358.662384,\"y\":111.206528,\"z\":258.7426},\"State\":1,\"RuntimeCreated\":true},{\"ObjectNameId\":\"8ac8f85a-23e6-4e5e-87fe-9027d166cc2a\",\"ItemId\":630,\"Position\":{\"x\":-617.7907,\"y\":94.22863,\"z\":582.138245},\"Rotation\":{\"x\":63.8132477,\"y\":125.641289,\"z\":113.291374},\"State\":1,\"RuntimeCreated\":true},{\"ObjectNameId\":\"6019a502-e828-4974-9a11-7d052473ea00\",\"ItemId\":630,\"State\":1,\"RuntimeCreated\":true},{\"ObjectNameId\":\"a39662f3-9465-4f6a-8c54-c34e74551615\",\"ItemId\":630,\"State\":1,\"RuntimeCreated\":true},{\"ObjectNameId\":\"73742053-f411-45f6-8b8b-04d378db769b\",\"ItemId\":630,\"State\":1,\"RuntimeCreated\":true},{\"ObjectNameId\":\"2a0f9240-826e-4b76-aac7-bce1a0ef5a57\",\"ItemId\":630,\"Position\":{\"x\":-532.4013,\"y\":195.295868,\"z\":127.116104},\"Rotation\":{\"x\":-0.00473929755,\"y\":20.4362373,\"z\":11.9164438},\"State\":1,\"RuntimeCreated\":true},{\"ObjectNameId\":\"f09138d5-b6ca-4263-9b05-92fafdacea61\",\"ItemId\":630,\"State\":1,\"RuntimeCreated\":true},{\"ObjectNameId\":\"c3737aab-a77f-4b70-a7d4-63a34d9392fa\",\"ItemId\":630,\"State\":1,\"RuntimeCreated\":true},{\"ObjectNameId\":\"f3f6f35b-6bc6-402d-b242-a7fc3cd36d53\",\"ItemId\":630,\"Position\":{\"x\":-635.522949,\"y\":94.39378,\"z\":567.212463},\"Rotation\":{\"x\":53.253212,\"y\":214.479492,\"z\":263.400238},\"State\":1,\"RuntimeCreated\":true},{\"ObjectNameId\":\"dd96890c-1d64-4826-8a59-c27c158caed5\",\"ItemId\":630,\"Position\":{\"x\":-619.005737,\"y\":94.066246,\"z\":584.8996},\"Rotation\":{\"x\":1.89712262,\"y\":100.465836,\"z\":256.639984},\"State\":1,\"RuntimeCreated\":true},{\"ObjectNameId\":\"3615a72a-93a2-4132-a77b-ca1c10c09c6b\",\"ItemId\":630,\"Position\":{\"x\":-617.467834,\"y\":94.23545,\"z\":581.662659},\"Rotation\":{\"x\":350.690277,\"y\":215.059357,\"z\":251.521133},\"State\":1,\"RuntimeCreated\":true},{\"ObjectNameId\":\"74d09681-84d8-406c-9f79-406b3704bf31\",\"ItemId\":630,\"State\":1,\"RuntimeCreated\":true},{\"ObjectNameId\":\"c3065d1b-739d-4be8-bde2-482933f2ed83\",\"ItemId\":630,\"Position\":{\"x\":-612.7405,\"y\":80.6318741,\"z\":900.264832},\"Rotation\":{\"x\":9.002598E-05,\"y\":8.245799,\"z\":0.001292345},\"State\":1,\"RuntimeCreated\":true},{\"ObjectNameId\":\"32e3de60-e6e6-4176-b390-a46dd5f6db0f\",\"ItemId\":630,\"Position\":{\"x\":-890.444153,\"y\":72.80996,\"z\":1175.16479},\"Rotation\":{\"x\":299.164,\"y\":102.542496,\"z\":187.164215},\"State\":1,\"RuntimeCreated\":true},{\"ObjectNameId\":\"e732090a-7959-4a8d-a0e9-7ba73736fd5c\",\"ItemId\":630,\"Position\":{\"x\":-912.6392,\"y\":96.07142,\"z\":1443.26721},\"Rotation\":{\"x\":59.2168922,\"y\":96.16427,\"z\":109.816017},\"State\":1,\"RuntimeCreated\":true},{\"ObjectNameId\":\"7fa0c0bb-e864-415b-8efc-0ee13a70436d\",\"ItemId\":630,\"State\":1,\"RuntimeCreated\":true},{\"ObjectNameId\":\"19f61275-6f27-48c3-b3d8-4b593ebc1411\",\"ItemId\":630,\"Position\":{\"x\":-1255.41321,\"y\":100.057991,\"z\":1401.1825},\"Rotation\":{\"x\":278.03064,\"y\":89.9226151,\"z\":209.303726},\"State\":1,\"RuntimeCreated\":true},{\"ObjectNameId\":\"bd11597f-a10a-4e35-b6a4-657fbe3ad955\",\"ItemId\":630,\"Position\":{\"x\":-1338.96155,\"y\":95.90345,\"z\":1415.69543},\"Rotation\":{\"x\":0.159852251,\"y\":266.6652,\"z\":250.231689},\"State\":1,\"RuntimeCreated\":true},{\"ObjectNameId\":\"51cf40cd-c54b-4493-82e5-dfe4c8cf3a02\",\"ItemId\":630,\"Position\":{\"x\":-1355.91565,\"y\":94.76486,\"z\":1414.90869},\"Rotation\":{\"x\":7.32283545,\"y\":316.4111,\"z\":117.788795},\"State\":1,\"RuntimeCreated\":true},{\"ObjectNameId\":\"acfe4cb2-8f52-44e9-accb-c49579638ecd\",\"ItemId\":630,\"State\":1,\"RuntimeCreated\":true},{\"ObjectNameId\":\"12b87f07-cf85-4bf4-8d6c-b05c0a5baf87\",\"ItemId\":630,\"State\":1,\"RuntimeCreated\":true},{\"ObjectNameId\":\"0ae3f0e2-7271-420d-846d-0c8653e723c9\",\"ItemId\":630,\"State\":1,\"RuntimeCreated\":true},{\"ObjectNameId\":\"fd1124bf-19c7-4a06-b7d0-e026ebacc296\",\"ItemId\":630,\"State\":1,\"RuntimeCreated\":true},{\"ObjectNameId\":\"8ede5732-afe9-49fd-99f1-44263dfb9ce7\",\"ItemId\":630,\"State\":1,\"RuntimeCreated\":true},{\"ObjectNameId\":\"7eccbc9b-0156-48a2-ba13-4023422ca7c7\",\"ItemId\":630,\"Position\":{\"x\":-1253.433,\"y\":100.110413,\"z\":1392.38318},\"Rotation\":{\"x\":4.60238552,\"y\":115.568359,\"z\":236.752228},\"State\":1,\"RuntimeCreated\":true},{\"ObjectNameId\":\"4f3ee260-9a45-470f-ab2d-6bc3a26d71fe\",\"ItemId\":630,\"State\":1,\"RuntimeCreated\":true},{\"ObjectNameId\":\"e6d9b109-fd7b-4654-aef1-fc4775dcfdc9\",\"ItemId\":630,\"Position\":{\"x\":-1255.36365,\"y\":100.353378,\"z\":1398.00256},\"Rotation\":{\"x\":5.129848,\"y\":340.5961,\"z\":91.2604446},\"State\":1,\"RuntimeCreated\":true},{\"ObjectNameId\":\"37419b5e-da7d-48c3-ab14-b82fe67c4d48\",\"ItemId\":630,\"State\":1,\"RuntimeCreated\":true},{\"ObjectNameId\":\"4145a1f6-4f3a-4107-b206-71985565b43f\",\"ItemId\":630,\"State\":1,\"RuntimeCreated\":true},{\"ObjectNameId\":\"c0a9bf7a-9ab4-4200-ac0c-22ef3514c33d\",\"ItemId\":630,\"Position\":{\"x\":-1352.243,\"y\":95.1274643,\"z\":1413.301},\"Rotation\":{\"x\":9.609452,\"y\":262.788574,\"z\":2.3127718},\"State\":1,\"RuntimeCreated\":true},{\"ObjectNameId\":\"a1226fb7-b50f-4a75-82fe-58c1d5d78b0e\",\"ItemId\":630,\"Position\":{\"x\":-1337.68726,\"y\":96.30684,\"z\":1418.97437},\"Rotation\":{\"x\":351.244843,\"y\":85.43805,\"z\":346.664063},\"State\":1,\"RuntimeCreated\":true},{\"ObjectNameId\":\"a450e1bf-b4e7-44e0-9ba7-9313cc961572\",\"ItemId\":630,\"State\":1,\"RuntimeCreated\":true},{\"ObjectNameId\":\"1f51fa8b-1baa-4793-9144-968288381357\",\"ItemId\":630,\"State\":1,\"RuntimeCreated\":true},{\"ObjectNameId\":\"221bf82c-8b21-4cb5-bbcb-fe1fc4ddbff1\",\"ItemId\":630,\"State\":1,\"RuntimeCreated\":true},{\"ObjectNameId\":\"10a1c306-f5c7-4fa4-b937-fd99262ecbfb\",\"ItemId\":630,\"Position\":{\"x\":-1098.87683,\"y\":96.10862,\"z\":1233.39026},\"Rotation\":{\"x\":302.1949,\"y\":165.359543,\"z\":249.035126},\"State\":1,\"RuntimeCreated\":true},{\"ObjectNameId\":\"15644b8c-a5cf-4772-a83f-346af7298887\",\"ItemId\":630,\"Position\":{\"x\":-1093.02576,\"y\":96.3167343,\"z\":1226.99866},\"Rotation\":{\"x\":0.00532413274,\"y\":320.142944,\"z\":250.714432},\"RuntimeCreated\":true},{\"ObjectNameId\":\"14ab3a3c-8efb-41b1-978f-cce131c5bf19\",\"ItemId\":630,\"State\":1,\"RuntimeCreated\":true},{\"ObjectNameId\":\"4886e65a-30db-4c81-8d0b-be4e0d0f5b4c\",\"ItemId\":630,\"Position\":{\"x\":-1098.45862,\"y\":96.18756,\"z\":1227.586},\"Rotation\":{\"x\":358.84198,\"y\":153.448166,\"z\":248.7781},\"RuntimeCreated\":true},{\"ObjectNameId\":\"20d25383-730a-461e-8ea7-08a24173ca38\",\"ItemId\":630,\"Position\":{\"x\":-1092.9657,\"y\":93.64875,\"z\":1276.14661},\"Rotation\":{\"x\":9.288616,\"y\":191.119,\"z\":108.788963},\"State\":1,\"RuntimeCreated\":true},{\"ObjectNameId\":\"336a7120-d632-48f5-bcae-5df57808ac7a\",\"ItemId\":630,\"Position\":{\"x\":-1075.32007,\"y\":94.54942,\"z\":1286.99023},\"Rotation\":{\"x\":41.6934776,\"y\":235.215546,\"z\":257.656067},\"State\":1,\"RuntimeCreated\":true},{\"ObjectNameId\":\"304e4560-1e94-410c-9493-40ff0c4f07b2\",\"ItemId\":630,\"Position\":{\"x\":-1092.28882,\"y\":93.63945,\"z\":1280.54517},\"Rotation\":{\"x\":359.960724,\"y\":302.2561,\"z\":359.817169},\"RuntimeCreated\":true},{\"ObjectNameId\":\"90425656-e7d8-466c-bd57-0f5657b21f0d\",\"ItemId\":630,\"State\":1,\"RuntimeCreated\":true},{\"ObjectNameId\":\"29c4e52b-4c2e-4473-a2fe-24d182587c93\",\"ItemId\":630,\"State\":1,\"RuntimeCreated\":true},{\"ObjectNameId\":\"02a7f0c4-9312-498f-9294-45e58a00f17d\",\"ItemId\":630,\"Position\":{\"x\":-956.402,\"y\":94.1447144,\"z\":1021.06732},\"Rotation\":{\"x\":26.60219,\"y\":318.454041,\"z\":241.2821},\"State\":1,\"RuntimeCreated\":true},{\"ObjectNameId\":\"a80ad204-8891-4843-926c-a2e2b6ab54cc\",\"ItemId\":630,\"State\":1,\"RuntimeCreated\":true},{\"ObjectNameId\":\"bba4a686-d507-426c-a874-521c74bf37ff\",\"ItemId\":630,\"State\":1,\"RuntimeCreated\":true},{\"ObjectNameId\":\"5f65e011-9982-4342-a9af-5dda8798b402\",\"ItemId\":630,\"State\":1,\"RuntimeCreated\":true},{\"ObjectNameId\":\"66416db8-84af-4159-9b4e-bb310fc39a02\",\"ItemId\":630,\"State\":1,\"RuntimeCreated\":true},{\"ObjectNameId\":\"f91567a2-a81c-408a-8df8-217ba0999bc0\",\"ItemId\":630,\"State\":1,\"RuntimeCreated\":true},{\"ObjectNameId\":\"d3c30031-d8c2-4bec-be56-8ec691da5d1b\",\"ItemId\":630,\"State\":1,\"RuntimeCreated\":true},{\"ObjectNameId\":\"a7f3127f-7b4d-4224-8df1-73acfa4cbf93\",\"ItemId\":630,\"Position\":{\"x\":-644.5897,\"y\":95.78613,\"z\":563.033142},\"Rotation\":{\"x\":359.193268,\"y\":306.81546,\"z\":279.493622},\"RuntimeCreated\":true},{\"ObjectNameId\":\"74a4a430-b64a-4b3e-9917-4163db77d8d1\",\"ItemId\":630,\"Position\":{\"x\":-646.497742,\"y\":95.9626846,\"z\":562.365051},\"Rotation\":{\"x\":4.474728,\"y\":352.4962,\"z\":245.459442},\"State\":1,\"RuntimeCreated\":true},{\"ObjectNameId\":\"5b4b3062-b8cc-468f-a117-73d088ea0d61\",\"ItemId\":630,\"State\":1,\"RuntimeCreated\":true},{\"ObjectNameId\":\"c5afb62f-37bd-4bca-881c-95b10b1d34ed\",\"ItemId\":630,\"Position\":{\"x\":-617.669556,\"y\":94.18761,\"z\":582.3907},\"Rotation\":{\"x\":61.9245453,\"y\":341.898254,\"z\":247.777618},\"RuntimeCreated\":true},{\"ObjectNameId\":\"6c48a488-a41a-41de-86b1-8cbf6b366858\",\"ItemId\":630,\"State\":1,\"RuntimeCreated\":true},{\"ObjectNameId\":\"b336be53-bd52-427a-a102-caaab023f4c6\",\"ItemId\":630,\"State\":1,\"RuntimeCreated\":true},{\"ObjectNameId\":\"e8271990-4bc9-4b2e-9c11-8580a3282d87\",\"ItemId\":630,\"State\":1,\"RuntimeCreated\":true},{\"ObjectNameId\":\"b801e4ee-cded-4ec5-bc63-e25ae3c647db\",\"ItemId\":630,\"State\":1,\"RuntimeCreated\":true},{\"ObjectNameId\":\"51082b28-e78b-4bb6-a92e-060623621286\",\"ItemId\":630,\"State\":1,\"RuntimeCreated\":true},{\"ObjectNameId\":\"d91bca08-6d02-4dbb-a587-fcaf4fce7503\",\"ItemId\":630,\"State\":1,\"RuntimeCreated\":true},{\"ObjectNameId\":\"b49b812a-5a65-4728-b515-8f71b4576bb2\",\"ItemId\":630,\"State\":1,\"RuntimeCreated\":true},{\"ObjectNameId\":\"bafd416e-1411-409e-b93a-adfe13ece5dc\",\"ItemId\":630,\"State\":1,\"RuntimeCreated\":true},{\"ObjectNameId\":\"fe243ed3-16dd-4fd5-af3d-5dccc5eda505\",\"ItemId\":630,\"State\":1,\"RuntimeCreated\":true},{\"ObjectNameId\":\"9956d5f8-9829-4d63-bd02-2234ccfd42a5\",\"ItemId\":630,\"State\":1,\"RuntimeCreated\":true},{\"ObjectNameId\":\"c3123de9-5a26-493d-8eb0-2884c524a457\",\"ItemId\":630,\"Position\":{\"x\":-621.0773,\"y\":138.088135,\"z\":395.3548},\"Rotation\":{\"x\":359.59668,\"y\":70.9722061,\"z\":2.981712},\"State\":1,\"RuntimeCreated\":true},{\"ObjectNameId\":\"337ce81c-ef25-4b07-bd6e-9ff68e6ec678\",\"ItemId\":630,\"State\":1,\"RuntimeCreated\":true},{\"ObjectNameId\":\"95c870e2-34fd-46d3-9f16-3cf94d807c74\",\"ItemId\":630,\"State\":1,\"RuntimeCreated\":true},{\"ObjectNameId\":\"b1572d9f-000f-402c-8917-f861847711e0\",\"ItemId\":630,\"State\":1,\"RuntimeCreated\":true},{\"ObjectNameId\":\"0625aa71-e3e5-4e91-97e8-2ba2ff33f784\",\"ItemId\":630,\"State\":1,\"RuntimeCreated\":true},{\"ObjectNameId\":\"498303ef-c9e1-4bdc-8259-ca95f55fcca7\",\"ItemId\":630,\"State\":1,\"RuntimeCreated\":true},{\"ObjectNameId\":\"c40a72d1-2f6f-47bb-a786-3ae37599b35e\",\"ItemId\":630,\"State\":1,\"RuntimeCreated\":true},{\"ObjectNameId\":\"b86aba02-0a9f-424a-b5d2-de7125ca29ac\",\"ItemId\":630,\"State\":1,\"RuntimeCreated\":true},{\"ObjectNameId\":\"835f3c4e-348d-4b01-b83e-4a1839dda380\",\"ItemId\":630,\"State\":1,\"RuntimeCreated\":true},{\"ObjectNameId\":\"6cca5724-fd2c-4d0d-ba98-0b7afd9c3600\",\"ItemId\":630,\"Position\":{\"x\":-532.525269,\"y\":195.276062,\"z\":122.233696},\"Rotation\":{\"x\":0.00205687666,\"y\":257.911865,\"z\":0.0037806218},\"RuntimeCreated\":true},{\"ObjectNameId\":\"d9089815-2be1-4321-90e7-0e57ef38bdd7\",\"ItemId\":630,\"Position\":{\"x\":-534.130859,\"y\":195.362213,\"z\":120.201241},\"Rotation\":{\"x\":356.1535,\"y\":173.274689,\"z\":91.7603455},\"RuntimeCreated\":true},{\"ObjectNameId\":\"71b6e5a8-8b5f-4020-8319-6046011ae7ea\",\"ItemId\":630,\"Position\":{\"x\":-533.6848,\"y\":195.3727,\"z\":119.041649},\"Rotation\":{\"x\":353.291473,\"y\":314.288635,\"z\":239.428955},\"State\":1,\"RuntimeCreated\":true},{\"ObjectNameId\":\"23d704e8-6ed6-4306-9cc7-62ec0b649545\",\"ItemId\":630,\"Position\":{\"x\":-546.9408,\"y\":196.339447,\"z\":39.7734337},\"Rotation\":{\"x\":1.85129309,\"y\":23.15579,\"z\":351.85498},\"State\":1,\"RuntimeCreated\":true},{\"ObjectNameId\":\"3ce29ef9-febf-433f-8127-de1923430469\",\"ItemId\":630,\"State\":1,\"RuntimeCreated\":true},{\"ObjectNameId\":\"9594ef99-5a69-4bae-8825-2125dbe12e96\",\"ItemId\":630,\"Position\":{\"x\":-534.994446,\"y\":195.266083,\"z\":122.866447},\"Rotation\":{\"x\":52.9328957,\"y\":11.5007868,\"z\":300.058044},\"RuntimeCreated\":true}]}"}}