{"Version":"0.0.0","Data":{"WorldItemManager":"{\"Version\":\"0.0.0\",\"WorldItemStates\":[{\"ObjectNameId\":\"World.GolfCart.01\",\"Position\":{\"x\":-618.199,\"y\":94.74369,\"z\":601.87},\"Rotation\":{\"x\":-3.37330821E-05,\"y\":188.1848,\"z\":-0.000294183468},\"ItemStateData\":[{\"Power\":1000.0,\"StateDataTypeId\":1,\"Version\":\"0.0.0\"}]},{\"ObjectNameId\":\"World.GolfCart.02\",\"Position\":{\"x\":1030.9928,\"y\":83.629,\"z\":1523.309},\"Rotation\":{\"y\":310.235138}},{\"ObjectNameId\":\"World.GolfCart.03\",\"Position\":{\"x\":1582.8606,\"y\":98.373,\"z\":1340.59045},\"Rotation\":{\"y\":146.876465}},{\"ObjectNameId\":\"World.GolfCart.04\",\"Position\":{\"x\":1014.11,\"y\":140.11,\"z\":1223.06},\"Rotation\":{\"y\":146.876465}},{\"ObjectNameId\":\"World.GolfCart.05\",\"Position\":{\"x\":1903.9,\"y\":15.253,\"z\":461.64},\"Rotation\":{\"y\":146.876465}},{\"ObjectNameId\":\"World.GolfCart.06\",\"Position\":{\"x\":1839.567,\"y\":15.09,\"z\":355.608978},\"Rotation\":{\"y\":97.15335}},{\"ObjectNameId\":\"World.GolfCart.07\",\"Position\":{\"x\":1691.495,\"y\":28.776,\"z\":1027.62219},\"Rotation\":{\"y\":97.15335}},{\"ObjectNameId\":\"World.GolfCart.08\",\"Position\":{\"x\":904.0204,\"y\":155.04,\"z\":930.250244},\"Rotation\":{\"x\":358.709961,\"y\":83.50263,\"z\":357.462616},\"ItemStateData\":[{\"Power\":1000.0,\"StateDataTypeId\":1,\"Version\":\"0.0.0\"}]},{\"ObjectNameId\":\"World.GolfCart.09\",\"Position\":{\"x\":-614.6974,\"y\":94.74367,\"z\":601.8768},\"Rotation\":{\"x\":4.61382369E-05,\"y\":181.35257,\"z\":-0.000364318752},\"ItemStateData\":[{\"Power\":1000.0,\"StateDataTypeId\":1,\"Version\":\"0.0.0\"}]},{\"ObjectNameId\":\"World.GolfCart.10\",\"Position\":{\"x\":-626.869141,\"y\":284.190277,\"z\":-735.590942},\"Rotation\":{\"x\":15.39727,\"y\":135.165726,\"z\":350.646454},\"ItemStateData\":[{\"Power\":897.401367,\"StateDataTypeId\":1,\"Version\":\"0.0.0\"}]},{\"ObjectNameId\":\"World.GolfCart.11\",\"Position\":{\"x\":-928.481567,\"y\":251.1493,\"z\":-995.3935},\"Rotation\":{\"x\":-0.0003390464,\"y\":185.966614,\"z\":0.00222407375},\"ItemStateData\":[{\"Power\":1000.0,\"StateDataTypeId\":1,\"Version\":\"0.0.0\"}]},{\"ObjectNameId\":\"World.GolfCart.12\",\"Position\":{\"x\":-891.3007,\"y\":251.091,\"z\":-918.248535},\"Rotation\":{\"y\":229.305862}},{\"ObjectNameId\":\"World.GolfCart.13\",\"Position\":{\"x\":1044.47864,\"y\":16.305,\"z\":1825.028},\"Rotation\":{\"x\":7.10553932}},{\"ObjectNameId\":\"World.HangGlider.01\",\"ItemId\":626,\"Position\":{\"x\":-504.4314,\"y\":322.9,\"z\":-307.391937},\"Rotation\":{\"x\":347.33783,\"y\":304.745667,\"z\":6.05460072}},{\"ObjectNameId\":\"World.HangGlider.02\",\"ItemId\":626,\"Position\":{\"x\":-129.59,\"y\":409.49,\"z\":-1028.08},\"Rotation\":{\"x\":345.409454,\"y\":329.2675,\"z\":0.93207866}},{\"ObjectNameId\":\"World.HangGlider.03\",\"ItemId\":626,\"Position\":{\"x\":366.28,\"y\":528.44,\"z\":-160.22},\"Rotation\":{\"x\":345.409454,\"y\":329.2675,\"z\":0.932078242}},{\"ObjectNameId\":\"World.HangGlider.04\",\"ItemId\":626,\"Position\":{\"x\":-1184.1,\"y\":221.516174,\"z\":-1728.82288},\"Rotation\":{\"x\":339.567169,\"y\":202.175552,\"z\":358.482422}},{\"ObjectNameId\":\"World.HangGlider.05\",\"ItemId\":626,\"Position\":{\"x\":733.1571,\"y\":369.35,\"z\":740.7741},\"Rotation\":{\"x\":346.592865,\"y\":55.28923,\"z\":3.63867712}},{\"ObjectNameId\":\"World.HangGlider.06\",\"ItemId\":626,\"Position\":{\"x\":1083.82,\"y\":276.317383,\"z\":-108.445892},\"Rotation\":{\"x\":344.984741,\"y\":55.88374,\"z\":1.21760118}},{\"ObjectNameId\":\"World.HangGlider.07\",\"ItemId\":626,\"Position\":{\"x\":797.909,\"y\":227.65,\"z\":974.662},\"Rotation\":{\"x\":344.984772,\"y\":85.53987,\"z\":1.21760166}},{\"ObjectNameId\":\"World.HangGlider.08\",\"ItemId\":626,\"Position\":{\"x\":-30.42196,\"y\":250.851,\"z\":665.780762},\"Rotation\":{\"x\":344.984772,\"y\":29.0722332,\"z\":1.2176019}},{\"ObjectNameId\":\"World.HangGlider.09\",\"ItemId\":626,\"Position\":{\"x\":1297.53906,\"y\":193.973,\"z\":-30.139},\"Rotation\":{\"x\":344.984741,\"y\":92.78199,\"z\":1.217601}},{\"ObjectNameId\":\"World.HangGlider.10\",\"ItemId\":626,\"Position\":{\"x\":789.7307,\"y\":400.973053,\"z\":273.9027},\"Rotation\":{\"x\":347.482727,\"y\":134.715927,\"z\":6.64512062}},{\"ObjectNameId\":\"World.HangGlider.11\",\"ItemId\":626,\"Position\":{\"x\":-1772.03,\"y\":83.56678,\"z\":1171.02441},\"Rotation\":{\"x\":347.06366,\"y\":258.640076,\"z\":4.550671}},{\"ObjectNameId\":\"World.HangGlider.12\",\"ItemId\":626,\"Position\":{\"x\":-1297.054,\"y\":79.975,\"z\":1740.63477},\"Rotation\":{\"x\":345.6263,\"y\":51.9747849,\"z\":2.88373137}},{\"ObjectNameId\":\"World.HangGlider.13\",\"ItemId\":626,\"Position\":{\"x\":-799.537,\"y\":189.46,\"z\":-281.768},\"Rotation\":{\"x\":345.6263,\"y\":325.6798,\"z\":2.883733}},{\"ObjectNameId\":\"World.HangGlider.14\",\"ItemId\":626,\"Position\":{\"x\":846.108,\"y\":208.549,\"z\":1105.33716},\"Rotation\":{\"x\":345.6263,\"y\":41.03186,\"z\":2.88373685}},{\"ObjectNameId\":\"World.KnightV.01\",\"ItemId\":630,\"Position\":{\"x\":-1271.26,\"y\":103.854,\"z\":-14.9114027},\"Rotation\":{\"z\":326.879028}},{\"ObjectNameId\":\"World.KnightV.02\",\"ItemId\":630,\"Position\":{\"x\":-1121.4198,\"y\":37.108,\"z\":1628.24243},\"Rotation\":{\"x\":352.2902,\"y\":49.6252136,\"z\":311.589752},\"State\":1},{\"ObjectNameId\":\"World.KnightV.03\",\"ItemId\":630,\"Position\":{\"x\":-238.128,\"y\":97.089,\"z\":950.960266},\"Rotation\":{\"x\":356.628723,\"y\":69.52765,\"z\":37.5221},\"State\":1},{\"ObjectNameId\":\"World.KnightV.04\",\"ItemId\":630,\"Position\":{\"x\":-1031.791,\"y\":226.86,\"z\":-625.11},\"Rotation\":{\"x\":351.3573,\"y\":158.840546,\"z\":335.1593}},{\"ObjectNameId\":\"World.KnightV.05\",\"ItemId\":630,\"Position\":{\"x\":1285.29871,\"y\":228.157,\"z\":-725.347},\"Rotation\":{\"x\":354.536316,\"y\":258.7339,\"z\":33.5477333}},{\"ObjectNameId\":\"World.KnightV.06\",\"ItemId\":630,\"Position\":{\"x\":1106.58667,\"y\":87.5037155,\"z\":1622.528},\"Rotation\":{\"x\":353.512939,\"y\":186.727982,\"z\":59.38967}},{\"ObjectNameId\":\"World.KnightV.07\",\"ItemId\":630,\"Position\":{\"x\":1454.986,\"y\":192.25,\"z\":-417.372},\"Rotation\":{\"x\":355.17334,\"y\":306.921173,\"z\":323.681152}},{\"ObjectNameId\":\"World.KnightV.08\",\"ItemId\":630,\"Position\":{\"x\":-1092.74023,\"y\":93.476,\"z\":1277.42529},\"Rotation\":{\"x\":353.6405,\"y\":269.1214,\"z\":53.79985},\"State\":1},{\"ObjectNameId\":\"World.KnightV.09\",\"ItemId\":630,\"Position\":{\"x\":-1177.635,\"y\":227.554,\"z\":-1697.917},\"Rotation\":{\"x\":0.430921555,\"y\":210.561981,\"z\":312.084717}},{\"ObjectNameId\":\"World.KnightV.10\",\"ItemId\":630,\"Position\":{\"x\":-973.578,\"y\":272.885,\"z\":-783.283},\"Rotation\":{\"x\":359.134064,\"y\":148.511169,\"z\":308.603241}},{\"ObjectNameId\":\"World.KnightV.11\",\"ItemId\":630,\"Position\":{\"x\":-734.531,\"y\":134.001541,\"z\":28.555},\"Rotation\":{\"x\":359.134064,\"y\":275.3971,\"z\":308.603241}},{\"ObjectNameId\":\"World.KnightV.12\",\"ItemId\":630,\"Position\":{\"x\":-973.578,\"y\":272.885,\"z\":-783.283},\"Rotation\":{\"x\":359.134064,\"y\":148.511169,\"z\":308.603241}},{\"ObjectNameId\":\"World.KnightV.13\",\"ItemId\":630,\"Position\":{\"x\":-1132.82556,\"y\":278.821,\"z\":-1086.89417},\"Rotation\":{\"x\":356.135834,\"y\":114.3761,\"z\":40.2333832},\"State\":1},{\"ObjectNameId\":\"574a1302-67d4-4765-a853-0b88a79a5fca\",\"ItemId\":626,\"Position\":{\"x\":802.439453,\"y\":227.68338,\"z\":979.922241},\"Rotation\":{\"x\":348.3983,\"y\":262.973816,\"z\":0.00344753754},\"RuntimeCreated\":true},{\"ObjectNameId\":\"3cdfc75a-d169-43e3-9024-03e4e7d19d24\",\"ItemId\":630,\"Position\":{\"x\":-1334.14734,\"y\":96.34141,\"z\":1412.89453},\"Rotation\":{\"x\":4.28547525,\"y\":312.681183,\"z\":121.187378},\"RuntimeCreated\":true},{\"ObjectNameId\":\"af853b8b-2e82-4d14-a068-808f5f43fb64\",\"ItemId\":630,\"Position\":{\"x\":-1329.31714,\"y\":96.1235046,\"z\":1407.04736},\"Rotation\":{\"x\":0.726669669,\"y\":266.108643,\"z\":109.569664},\"RuntimeCreated\":true},{\"ObjectNameId\":\"63134ae5-437d-4044-b429-bca068b965b1\",\"ItemId\":630,\"Position\":{\"x\":-670.796,\"y\":102.196716,\"z\":615.1811},\"Rotation\":{\"x\":300.429871,\"y\":90.69165,\"z\":58.2518425},\"State\":1,\"RuntimeCreated\":true},{\"ObjectNameId\":\"6e7b5f88-d467-467f-88ef-7ccbd2c522c7\",\"ItemId\":630,\"Position\":{\"x\":-37.061367,\"y\":479.6433,\"z\":70.17558},\"Rotation\":{\"x\":333.967,\"y\":315.112854,\"z\":13.2900791},\"RuntimeCreated\":true},{\"ObjectNameId\":\"8efee8ed-fc88-4521-afe1-d15659eaf965\",\"ItemId\":630,\"Position\":{\"x\":-987.420044,\"y\":86.5907745,\"z\":715.2229},\"Rotation\":{\"x\":3.33076429,\"y\":64.44516,\"z\":0.017298501},\"RuntimeCreated\":true},{\"ObjectNameId\":\"1b57a6f4-bca0-4d92-8251-ec69b48f0e40\",\"ItemId\":630,\"Position\":{\"x\":-527.867249,\"y\":196.141708,\"z\":121.853004},\"Rotation\":{\"x\":352.0701,\"y\":86.62173,\"z\":300.182434},\"RuntimeCreated\":true},{\"ObjectNameId\":\"ab28cee3-bb6d-414a-9fcb-ccc285ace151\",\"ItemId\":630,\"Position\":{\"x\":-1020.35364,\"y\":98.8746,\"z\":1021.18677},\"Rotation\":{\"x\":3.334276,\"y\":33.11006,\"z\":357.358246},\"RuntimeCreated\":true},{\"ObjectNameId\":\"aa56f705-667f-4e13-ba5d-dd4a134d0772\",\"ItemId\":630,\"Position\":{\"x\":-1184.92957,\"y\":64.8653641,\"z\":136.559708},\"Rotation\":{\"x\":355.111359,\"y\":262.3994,\"z\":226.535858},\"RuntimeCreated\":true},{\"ObjectNameId\":\"73294458-e8da-43d1-ae54-9bb13fbe0ada\",\"ItemId\":630,\"Position\":{\"x\":-618.8462,\"y\":94.08295,\"z\":584.6747},\"Rotation\":{\"x\":352.9629,\"y\":229.673447,\"z\":248.383179},\"RuntimeCreated\":true},{\"ObjectNameId\":\"b8933636-c04b-4095-9b6f-dcf19b3c2da3\",\"ItemId\":630,\"Position\":{\"x\":-618.7397,\"y\":94.0881042,\"z\":584.5176},\"Rotation\":{\"x\":358.286743,\"y\":280.084839,\"z\":244.09137},\"RuntimeCreated\":true},{\"ObjectNameId\":\"1f08584a-5ef2-4983-959d-cbb0175445cd\",\"ItemId\":630,\"Position\":{\"x\":-619.5173,\"y\":94.1304855,\"z\":584.779236},\"Rotation\":{\"x\":5.01529,\"y\":334.7935,\"z\":243.132523},\"RuntimeCreated\":true},{\"ObjectNameId\":\"a8a680ba-a8a9-4c9e-9454-308dad290647\",\"ItemId\":630,\"Position\":{\"x\":-618.0076,\"y\":94.24322,\"z\":582.1616},\"Rotation\":{\"x\":6.131639,\"y\":95.28134,\"z\":256.709351},\"State\":1,\"RuntimeCreated\":true},{\"ObjectNameId\":\"edb8381b-7880-484c-8d9e-831b307898a3\",\"ItemId\":630,\"Position\":{\"x\":-1285.58411,\"y\":99.84486,\"z\":1411.56531},\"Rotation\":{\"x\":1.34032321,\"y\":293.469,\"z\":4.23087835},\"RuntimeCreated\":true},{\"ObjectNameId\":\"cdd634e8-cad9-4a6a-8caa-23c507efbfc9\",\"ItemId\":630,\"Position\":{\"x\":-672.845154,\"y\":101.393692,\"z\":607.3598},\"Rotation\":{\"x\":65.77531,\"y\":298.221924,\"z\":203.4856},\"State\":1,\"RuntimeCreated\":true},{\"ObjectNameId\":\"cc2a6236-d38d-4850-92ae-a1ab9071cbd8\",\"ItemId\":626,\"Position\":{\"x\":-114.0616,\"y\":251.990189,\"z\":666.139648},\"Rotation\":{\"x\":24.9645,\"y\":259.1271,\"z\":176.752426},\"State\":1,\"RuntimeCreated\":true},{\"ObjectNameId\":\"c78b9a63-4143-47ce-92df-26d1489d49a8\",\"ItemId\":626,\"State\":1,\"RuntimeCreated\":true},{\"ObjectNameId\":\"dfa6160b-f3b7-41c8-be2b-e50a02bbe3e9\",\"ItemId\":626,\"State\":1,\"RuntimeCreated\":true},{\"ObjectNameId\":\"718700d2-88e7-4f1e-8b96-b6d30de228a4\",\"ItemId\":626,\"Position\":{\"x\":-168.7969,\"y\":207.253342,\"z\":642.0333},\"Rotation\":{\"x\":351.118622,\"y\":224.776123,\"z\":49.35839},\"State\":1,\"RuntimeCreated\":true},{\"ObjectNameId\":\"8aff8ec7-b806-4a62-a338-5b781d5be520\",\"ItemId\":626,\"State\":1,\"RuntimeCreated\":true},{\"ObjectNameId\":\"11451bc9-f1a9-452a-949c-3afbfa3d503d\",\"ItemId\":626,\"State\":1,\"RuntimeCreated\":true},{\"ObjectNameId\":\"2b248430-4b94-40e8-a32a-f40e8790e2be\",\"ItemId\":626,\"State\":1,\"RuntimeCreated\":true},{\"ObjectNameId\":\"f341bc75-9922-46e8-9467-58ebb5f70d30\",\"ItemId\":626,\"State\":1,\"RuntimeCreated\":true},{\"ObjectNameId\":\"75e41461-6e39-4cb0-a9ca-bedb77e16eab\",\"ItemId\":626,\"Position\":{\"x\":-663.7051,\"y\":105.423264,\"z\":613.922852},\"Rotation\":{\"x\":292.327576,\"y\":196.9884,\"z\":19.6734867},\"State\":1,\"RuntimeCreated\":true},{\"ObjectNameId\":\"d26d06c7-b43c-4b5b-abd7-93eb969e1c31\",\"ItemId\":626,\"State\":1,\"RuntimeCreated\":true},{\"ObjectNameId\":\"f6bb430a-4e29-494f-babf-b86c1d80cbbc\",\"ItemId\":626,\"State\":1,\"RuntimeCreated\":true},{\"ObjectNameId\":\"eea86a2e-9665-44dd-a4be-8672f206b2c4\",\"ItemId\":626,\"State\":1,\"RuntimeCreated\":true},{\"ObjectNameId\":\"516ef0a6-510b-4216-944b-801eff386fd6\",\"ItemId\":626,\"State\":1,\"RuntimeCreated\":true},{\"ObjectNameId\":\"930687a8-7f8e-454d-ae04-b825fafaa8cf\",\"ItemId\":626,\"State\":1,\"RuntimeCreated\":true},{\"ObjectNameId\":\"432123fa-eabe-4c13-8ee9-48302c917be5\",\"ItemId\":626,\"State\":1,\"RuntimeCreated\":true},{\"ObjectNameId\":\"aed865ca-19b3-4f8e-86de-9f6203a5ea94\",\"ItemId\":626,\"State\":1,\"RuntimeCreated\":true},{\"ObjectNameId\":\"0971d1a4-0ad7-44c1-973f-3e8268c3337a\",\"ItemId\":626,\"State\":1,\"RuntimeCreated\":true},{\"ObjectNameId\":\"7d132105-fbae-4456-9ff5-5014abee095b\",\"ItemId\":626,\"State\":1,\"RuntimeCreated\":true},{\"ObjectNameId\":\"0531cf3b-1e9f-4045-ab61-2790bdcc66de\",\"ItemId\":626,\"State\":1,\"RuntimeCreated\":true},{\"ObjectNameId\":\"6aad997d-8683-4c3a-8297-a53166081183\",\"ItemId\":626,\"Position\":{\"x\":-672.681946,\"y\":102.131935,\"z\":613.832153},\"Rotation\":{\"x\":359.8991,\"y\":129.111389,\"z\":14.2892437},\"State\":1,\"RuntimeCreated\":true},{\"ObjectNameId\":\"5d178377-2393-4a68-b4cd-455b0a6c800a\",\"ItemId\":626,\"State\":1,\"RuntimeCreated\":true},{\"ObjectNameId\":\"082fc7a1-b6d1-4dec-9b7d-053e04d282cd\",\"ItemId\":626,\"State\":1,\"RuntimeCreated\":true},{\"ObjectNameId\":\"03f8b4c2-5a49-40ae-acff-8a4e8b9d6cbf\",\"ItemId\":626,\"State\":1,\"RuntimeCreated\":true},{\"ObjectNameId\":\"39053bbf-a2e1-482d-a0cc-180acc225bc6\",\"ItemId\":626,\"Position\":{\"x\":-615.6629,\"y\":98.70275,\"z\":604.357361},\"Rotation\":{\"x\":354.986572,\"y\":275.688354,\"z\":179.999832},\"State\":1,\"RuntimeCreated\":true},{\"ObjectNameId\":\"2861b604-1956-4bb3-9a33-57f24bc4b75f\",\"ItemId\":626,\"Position\":{\"x\":-617.3469,\"y\":97.95549,\"z\":603.1652},\"Rotation\":{\"x\":4.5732317,\"y\":262.6228,\"z\":291.386047},\"State\":1,\"RuntimeCreated\":true},{\"ObjectNameId\":\"b588a3c1-fef2-4750-b3ca-3276aad1638d\",\"ItemId\":626,\"State\":1,\"RuntimeCreated\":true},{\"ObjectNameId\":\"c32ce7eb-4741-4db6-9ff2-50e2ceb3f1d4\",\"ItemId\":626,\"State\":1,\"RuntimeCreated\":true},{\"ObjectNameId\":\"364aa85c-c4c6-4b03-872c-49df7febbf61\",\"ItemId\":626,\"State\":1,\"RuntimeCreated\":true},{\"ObjectNameId\":\"27305f9c-e055-4abc-b35d-c60cfbe7f8dc\",\"ItemId\":626,\"State\":1,\"RuntimeCreated\":true},{\"ObjectNameId\":\"db5f4ec8-8595-4502-9a29-e1f3384c236c\",\"ItemId\":626,\"State\":1,\"RuntimeCreated\":true},{\"ObjectNameId\":\"df015627-bb7b-4419-8755-85e161501ce3\",\"ItemId\":626,\"State\":1,\"RuntimeCreated\":true},{\"ObjectNameId\":\"470753eb-99e6-4717-afab-e94ed9b8cfb3\",\"ItemId\":626,\"State\":1,\"RuntimeCreated\":true},{\"ObjectNameId\":\"9d2304d8-c0d4-4528-92af-3d3db1c4d467\",\"ItemId\":626,\"State\":1,\"RuntimeCreated\":true},{\"ObjectNameId\":\"1cb712a0-3874-4862-89c6-337ceabbd0f0\",\"ItemId\":626,\"State\":1,\"RuntimeCreated\":true},{\"ObjectNameId\":\"698efa37-1f75-409b-875a-64fdcdbdc6a2\",\"ItemId\":626,\"State\":1,\"RuntimeCreated\":true},{\"ObjectNameId\":\"453712f4-364d-4d26-8b4e-8010cb2a7673\",\"ItemId\":626,\"State\":1,\"RuntimeCreated\":true},{\"ObjectNameId\":\"4eb7c879-c6ef-41f5-91f8-1e4e6e88ad40\",\"ItemId\":626,\"State\":1,\"RuntimeCreated\":true},{\"ObjectNameId\":\"243ca11c-7043-478d-95ad-50c30fcbf4d4\",\"ItemId\":626,\"Position\":{\"x\":-664.381348,\"y\":99.08975,\"z\":607.658142},\"Rotation\":{\"x\":332.747833,\"y\":296.577759,\"z\":12.7222786},\"State\":1,\"RuntimeCreated\":true},{\"ObjectNameId\":\"b726e2f1-8894-49b8-bfa6-3118de58d09f\",\"ItemId\":626,\"State\":1,\"RuntimeCreated\":true},{\"ObjectNameId\":\"21a434e5-3318-440d-a640-a8f0ff35c372\",\"ItemId\":626,\"State\":1,\"RuntimeCreated\":true},{\"ObjectNameId\":\"29596845-67f3-4896-ac2b-6d52d80b215d\",\"ItemId\":630,\"State\":1,\"RuntimeCreated\":true},{\"ObjectNameId\":\"9dc3cf6b-1f32-4ebc-92d6-920f3a01374e\",\"ItemId\":630,\"State\":1,\"RuntimeCreated\":true},{\"ObjectNameId\":\"75ef2a92-79ed-43f2-b19c-44ddfbc70fd9\",\"ItemId\":626,\"Position\":{\"x\":-614.6478,\"y\":96.93418,\"z\":604.6212},\"Rotation\":{\"x\":6.14252138,\"y\":241.997589,\"z\":0.18939577},\"State\":1,\"RuntimeCreated\":true},{\"ObjectNameId\":\"b287fac0-9285-4582-9b96-1af1582a11f5\",\"ItemId\":630,\"Position\":{\"x\":-389.466919,\"y\":69.21137,\"z\":990.8494},\"Rotation\":{\"x\":52.87247,\"y\":47.2230873,\"z\":142.145111},\"State\":1,\"RuntimeCreated\":true},{\"ObjectNameId\":\"29077dc4-b91a-450c-b890-75069697e81c\",\"ItemId\":630,\"Position\":{\"x\":-412.560516,\"y\":59.40441,\"z\":989.4029},\"Rotation\":{\"x\":348.287323,\"y\":163.261337,\"z\":357.9766},\"State\":1,\"RuntimeCreated\":true},{\"ObjectNameId\":\"c0129792-ca93-4aa1-ade1-314d2be2d2d3\",\"ItemId\":630,\"State\":1,\"RuntimeCreated\":true},{\"ObjectNameId\":\"0254367c-771f-4fbf-807c-4505f4cb69ce\",\"ItemId\":630,\"State\":1,\"RuntimeCreated\":true},{\"ObjectNameId\":\"dcf8bc82-7130-421d-b293-3d92c21f6bce\",\"ItemId\":630,\"State\":1,\"RuntimeCreated\":true},{\"ObjectNameId\":\"12492870-c1a9-4b01-9040-7b9b529ccf64\",\"ItemId\":630,\"State\":1,\"RuntimeCreated\":true},{\"ObjectNameId\":\"75d20b99-9109-48a2-afb0-0aaa02e3596d\",\"ItemId\":630,\"Position\":{\"x\":-1108.2478,\"y\":15.6145773,\"z\":1720.80957},\"Rotation\":{\"x\":358.3969,\"y\":252.5472,\"z\":354.8925},\"State\":1,\"RuntimeCreated\":true},{\"ObjectNameId\":\"3a3c6f52-c3d7-4748-956b-5fe546b1fcc6\",\"ItemId\":630,\"Position\":{\"x\":-1123.06665,\"y\":37.2233543,\"z\":1633.21},\"Rotation\":{\"x\":355.644653,\"y\":188.220642,\"z\":0.845852137},\"RuntimeCreated\":true},{\"ObjectNameId\":\"ea2cbcb9-5d63-4991-9a37-68d3036ce118\",\"ItemId\":630,\"State\":1,\"RuntimeCreated\":true},{\"ObjectNameId\":\"94622889-6536-4ae8-8104-422652e0e784\",\"ItemId\":630,\"Position\":{\"x\":-914.195251,\"y\":88.48757,\"z\":849.2862},\"Rotation\":{\"x\":1.23375976,\"y\":269.21347,\"z\":0.00773100462},\"State\":1,\"RuntimeCreated\":true},{\"ObjectNameId\":\"b4813645-c170-4ec2-ad09-04499bae6803\",\"ItemId\":630,\"State\":1,\"RuntimeCreated\":true},{\"ObjectNameId\":\"a9cb3ac8-ec58-430c-b9d6-851e64301d5a\",\"ItemId\":630,\"Position\":{\"x\":-1207.89514,\"y\":50.3221626,\"z\":644.485535},\"Rotation\":{\"x\":-0.000251239049,\"y\":335.850616,\"z\":0.005198647},\"State\":1,\"RuntimeCreated\":true},{\"ObjectNameId\":\"d581a458-0af2-4cfb-8e05-21ee91691089\",\"ItemId\":630,\"Position\":{\"x\":-1362.34412,\"y\":23.6074848,\"z\":807.523},\"Rotation\":{\"x\":352.846161,\"y\":342.346436,\"z\":131.899445},\"State\":1,\"RuntimeCreated\":true},{\"ObjectNameId\":\"5a273302-5180-4e67-8801-387c37136085\",\"ItemId\":630,\"State\":1,\"RuntimeCreated\":true},{\"ObjectNameId\":\"0bfae2e8-7ca1-47da-a674-81c7265412a9\",\"ItemId\":630,\"State\":1,\"RuntimeCreated\":true},{\"ObjectNameId\":\"5bd8a0b4-7f41-42af-904a-a583115ca158\",\"ItemId\":630,\"State\":1,\"RuntimeCreated\":true},{\"ObjectNameId\":\"edbd00c1-ac28-465a-aacf-d718497e5041\",\"ItemId\":630,\"State\":1,\"RuntimeCreated\":true},{\"ObjectNameId\":\"0a80ff33-0b0e-4736-80bc-13025edbc765\",\"ItemId\":630,\"State\":1,\"RuntimeCreated\":true},{\"ObjectNameId\":\"0a65508a-19c1-4fe4-ab8a-ba067e9122ac\",\"ItemId\":630,\"Position\":{\"x\":-1763.83069,\"y\":83.41173,\"z\":1168.81848},\"Rotation\":{\"x\":355.071167,\"y\":344.689453,\"z\":238.485657},\"RuntimeCreated\":true},{\"ObjectNameId\":\"3bc505fd-de83-4ba9-9b3f-bb1f1b374c97\",\"ItemId\":626,\"State\":1,\"RuntimeCreated\":true},{\"ObjectNameId\":\"9ae2b54a-61a9-4947-8d93-267568cc622b\",\"ItemId\":626,\"Position\":{\"x\":-1564.69775,\"y\":81.59242,\"z\":1086.67358},\"Rotation\":{\"x\":38.115303,\"y\":71.922554,\"z\":62.1277},\"State\":1,\"RuntimeCreated\":true},{\"ObjectNameId\":\"4879943e-93f8-494b-9d11-b63238ca26d5\",\"ItemId\":626,\"State\":1,\"RuntimeCreated\":true},{\"ObjectNameId\":\"47d280d0-da8a-4ae1-ab21-e61ca070811b\",\"ItemId\":626,\"State\":1,\"RuntimeCreated\":true},{\"ObjectNameId\":\"23091613-970f-4f44-b970-4f56e0088b25\",\"ItemId\":626,\"State\":1,\"RuntimeCreated\":true},{\"ObjectNameId\":\"5921a40c-352f-4d2b-9b5d-a85b60f83bb1\",\"ItemId\":626,\"State\":1,\"RuntimeCreated\":true},{\"ObjectNameId\":\"5c5116df-4fd0-40f7-849f-f8698d34ac06\",\"ItemId\":626,\"State\":1,\"RuntimeCreated\":true},{\"ObjectNameId\":\"cad18d2c-1409-4f6b-bcde-41ffe57d0bdc\",\"ItemId\":626,\"State\":1,\"RuntimeCreated\":true},{\"ObjectNameId\":\"9e77c241-2539-4bd1-8627-8b457af5a717\",\"ItemId\":626,\"State\":1,\"RuntimeCreated\":true},{\"ObjectNameId\":\"bac0a296-a6fd-4190-90b2-47d646b60b73\",\"ItemId\":626,\"State\":1,\"RuntimeCreated\":true},{\"ObjectNameId\":\"497b5fe9-915b-4120-9ca1-e757d9c3c732\",\"ItemId\":626,\"State\":1,\"RuntimeCreated\":true},{\"ObjectNameId\":\"c6d343db-9ec3-4fb9-a300-a055868d714d\",\"ItemId\":626,\"Position\":{\"x\":-616.158447,\"y\":98.702774,\"z\":604.3956},\"Rotation\":{\"x\":354.9865,\"y\":45.9737968,\"z\":180.000992},\"State\":1,\"RuntimeCreated\":true},{\"ObjectNameId\":\"46bbc792-e9c7-4bda-980d-b33dbb772a9b\",\"ItemId\":626,\"State\":1,\"RuntimeCreated\":true},{\"ObjectNameId\":\"ce384cb9-83fc-43b2-b082-bea1d7c69352\",\"ItemId\":626,\"State\":1,\"RuntimeCreated\":true},{\"ObjectNameId\":\"df50597d-18d8-4c7a-a479-1a36e6d61592\",\"ItemId\":626,\"State\":1,\"RuntimeCreated\":true},{\"ObjectNameId\":\"dbb4fd1d-0073-4033-a3cd-8fa6d94599f9\",\"ItemId\":626,\"State\":1,\"RuntimeCreated\":true},{\"ObjectNameId\":\"7a497b99-9259-40ee-907f-1b45296408af\",\"ItemId\":626,\"State\":1,\"RuntimeCreated\":true},{\"ObjectNameId\":\"54e4ee7e-b44c-43d4-af29-f1e9679271f8\",\"ItemId\":626,\"State\":1,\"RuntimeCreated\":true},{\"ObjectNameId\":\"1a65d39e-56d5-4712-8e00-22177e85c5cb\",\"ItemId\":626,\"State\":1,\"RuntimeCreated\":true},{\"ObjectNameId\":\"7379b4bc-b1f1-4c23-9c90-325444136566\",\"ItemId\":626,\"State\":1,\"RuntimeCreated\":true},{\"ObjectNameId\":\"43519eee-669e-4580-a2d2-d3261868f05e\",\"ItemId\":626,\"Position\":{\"x\":-678.177856,\"y\":113.03302,\"z\":619.1711},\"Rotation\":{\"x\":1.96993291,\"y\":82.11594,\"z\":314.9054},\"State\":1,\"RuntimeCreated\":true},{\"ObjectNameId\":\"c59632d3-909e-408b-8417-6e7ada204c99\",\"ItemId\":626,\"State\":1,\"RuntimeCreated\":true},{\"ObjectNameId\":\"8ccf3f91-3cb3-4c42-891a-adedab127d52\",\"ItemId\":626,\"State\":1,\"RuntimeCreated\":true},{\"ObjectNameId\":\"8ee83e97-a204-476f-be47-20c646fe7471\",\"ItemId\":626,\"State\":1,\"RuntimeCreated\":true},{\"ObjectNameId\":\"3ec10dc6-3379-47a4-9106-e08872789e23\",\"ItemId\":626,\"Position\":{\"x\":-622.3581,\"y\":95.25218,\"z\":597.3923},\"Rotation\":{\"x\":5.776573,\"y\":85.45714,\"z\":179.018692},\"RuntimeCreated\":true},{\"ObjectNameId\":\"fd967289-8ce5-41d1-a895-4da347e4d9a5\",\"ItemId\":626,\"State\":1,\"RuntimeCreated\":true},{\"ObjectNameId\":\"273250ac-5ebb-4790-9f86-037d84d91298\",\"ItemId\":626,\"Position\":{\"x\":-620.555847,\"y\":94.2272339,\"z\":604.521667},\"Rotation\":{\"x\":55.29352,\"y\":262.3015,\"z\":349.386932},\"State\":1,\"RuntimeCreated\":true},{\"ObjectNameId\":\"1d5bd53b-b6fd-4ad0-8367-0a17ba2368ad\",\"ItemId\":630,\"Position\":{\"x\":-1133.11536,\"y\":278.8864,\"z\":-1087.22046},\"Rotation\":{\"x\":0.0004303019,\"y\":277.434326,\"z\":110.091782},\"RuntimeCreated\":true},{\"ObjectNameId\":\"0230cd6a-c9ea-47d8-986d-cae85c9d50a4\",\"ItemId\":630,\"State\":1,\"RuntimeCreated\":true},{\"ObjectNameId\":\"4361d9ec-beb9-4206-957d-c06771d1963c\",\"ItemId\":630,\"State\":1,\"RuntimeCreated\":true},{\"ObjectNameId\":\"3204a6f2-9500-4eb4-b5fa-7828de12f319\",\"ItemId\":630,\"State\":1,\"RuntimeCreated\":true},{\"ObjectNameId\":\"95b4e98d-184c-4600-af34-4c0735444e45\",\"ItemId\":630,\"Position\":{\"x\":-924.512146,\"y\":251.161743,\"z\":-979.9576},\"Rotation\":{\"x\":-0.00160037051,\"y\":38.84975,\"z\":0.007959086},\"RuntimeCreated\":true},{\"ObjectNameId\":\"9684e1ad-f580-4179-8b8a-214a6e9913ef\",\"ItemId\":626,\"State\":1,\"RuntimeCreated\":true},{\"ObjectNameId\":\"cc48f751-2a17-4fed-950e-5ae960ab6a55\",\"ItemId\":626,\"State\":1,\"RuntimeCreated\":true},{\"ObjectNameId\":\"7ef4fc76-0689-4b65-80c0-aed2a4e941f9\",\"ItemId\":626,\"State\":1,\"RuntimeCreated\":true},{\"ObjectNameId\":\"aa2a7d4e-50c7-4c7a-b41b-b730311a50f7\",\"ItemId\":626,\"State\":1,\"RuntimeCreated\":true},{\"ObjectNameId\":\"4ee89405-03e8-48c3-a6d2-cb5f0ef1da69\",\"ItemId\":626,\"State\":1,\"RuntimeCreated\":true},{\"ObjectNameId\":\"503d35a6-7a96-4d5a-a884-d12d9ccf5a7b\",\"ItemId\":626,\"State\":1,\"RuntimeCreated\":true},{\"ObjectNameId\":\"35173371-3910-454d-8867-294c3abe93b8\",\"ItemId\":626,\"State\":1,\"RuntimeCreated\":true},{\"ObjectNameId\":\"af627241-854a-439a-a283-2a2a04b0f4a7\",\"ItemId\":626,\"State\":1,\"RuntimeCreated\":true},{\"ObjectNameId\":\"5817a45d-eec4-4a9a-9a0c-0405049e74d4\",\"ItemId\":626,\"Position\":{\"x\":-616.6355,\"y\":97.2546844,\"z\":603.350464},\"Rotation\":{\"x\":347.540863,\"y\":258.266327,\"z\":0.003451118},\"RuntimeCreated\":true},{\"ObjectNameId\":\"0cf9a298-99ca-4181-b9b9-03de160731fa\",\"ItemId\":630,\"Position\":{\"x\":-634.8359,\"y\":96.97689,\"z\":544.9898},\"Rotation\":{\"x\":4.357984,\"y\":120.96888,\"z\":313.821472},\"RuntimeCreated\":true},{\"ObjectNameId\":\"8cc69b1b-b509-4954-854f-3620eb7dda04\",\"ItemId\":630,\"Position\":{\"x\":-634.4058,\"y\":96.11248,\"z\":554.1726},\"Rotation\":{\"x\":1.62929308,\"y\":67.4000244,\"z\":248.85788},\"State\":1,\"RuntimeCreated\":true},{\"ObjectNameId\":\"7c5b4c1b-fda0-4547-977c-877dddf937db\",\"ItemId\":630,\"Position\":{\"x\":-633.538635,\"y\":96.81047,\"z\":544.516846},\"Rotation\":{\"x\":351.158844,\"y\":288.562927,\"z\":238.6324},\"RuntimeCreated\":true}]}"}}