{"Version":"0.0.0","Data":{"WorldObjectLocatorManager":"{\"Version\":\"0.0.0\",\"SerializedStates\":[{\"Key\":\"8F8FE5FFD0EE0000836B5F00\",\"Value\":1},{\"Key\":\"05A7E5FF55E80000F3895F00\",\"Value\":1},{\"Key\":\"4A3AD9FF4FF10500A71B2500\",\"Value\":1},{\"Key\":\"F39BE5FFF0E900009E865F00\",\"Value\":1},{\"Key\":\"E299E5FF05F10000AD505F00\",\"Value\":1},{\"Key\":\"2190E5FFB8F50000BA325F00\",\"Value\":1},{\"Key\":\"0B9AE5FF58FA0000EC135F00\",\"Value\":1},{\"Key\":\"5EB1E5FFEBF10000E3305F00\",\"Value\":1},{\"Key\":\"A8F1E4FF7A20010000805E00\",\"Value\":1},{\"Key\":\"35FAE4FFEE1D010065875E00\",\"Value\":1},{\"Key\":\"D4E3E4FFDE1C0100CC945E00\",\"Value\":1},{\"Key\":\"CAD6E4FFF1240100A3735E00\",\"Value\":1},{\"Key\":\"53AFE4FF27220100879B5E00\",\"Value\":1},{\"Key\":\"7AECE4FF6F1801006BA75E00\",\"Value\":1},{\"Key\":\"090EE2FFEBEB000018986200\",\"Value\":1},{\"Key\":\"4DBDE4FFB5E40000EA786100\",\"Value\":1},{\"Key\":\"8ABEE4FF79E50000E2706100\",\"Value\":1},{\"Key\":\"EAC3E4FF73E4000068766100\",\"Value\":1},{\"Key\":\"E9C0E4FF4FE50000C6706100\",\"Value\":1},{\"Key\":\"B9CAE4FF9AE30000A0786100\",\"Value\":1},{\"Key\":\"30D3E4FFADE20000637A6100\",\"Value\":1},{\"Key\":\"EFACE4FF9DE6000033746100\",\"Value\":1},{\"Key\":\"DCB6E4FF88E5000001756100\",\"Value\":1},{\"Key\":\"5EB8E4FF31E60000016F6100\",\"Value\":1},{\"Key\":\"51DBE4FFFDE00000FE886100\",\"Value\":1},{\"Key\":\"B7AAE5FF46E300001CED6000\",\"Value\":1},{\"Key\":\"8291E5FF70E5000040DD6000\",\"Value\":1},{\"Key\":\"92A2E5FF3CE30000DFF16000\",\"Value\":1},{\"Key\":\"9AA6E5FF40E3000039EF6000\",\"Value\":1},{\"Key\":\"279DE5FF12E60000D6CC6000\",\"Value\":1},{\"Key\":\"C0B3E5FF1EE4000010D16000\",\"Value\":1},{\"Key\":\"6899E5FFF0E6000054C86000\",\"Value\":1},{\"Key\":\"AE87E5FFF5E70000A4CE6000\",\"Value\":1},{\"Key\":\"F881E5FFA1E60000BDDF6000\",\"Value\":1},{\"Key\":\"A48AE5FFF7E400006BE56000\",\"Value\":1},{\"Key\":\"EB81E5FF37E60000C2E26000\",\"Value\":1},{\"Key\":\"058AE5FF86E400007FE96000\",\"Value\":1},{\"Key\":\"E287E5FFCEE400008CE86000\",\"Value\":1},{\"Key\":\"207FE5FF52E5000022EB6000\",\"Value\":1},{\"Key\":\"E785E5FF20E4000023F26000\",\"Value\":1},{\"Key\":\"F48BE5FF89E300000CF66000\",\"Value\":1},{\"Key\":\"ED84E5FFE2E30000E5F56000\",\"Value\":1},{\"Key\":\"638AE5FFABE2000063036100\",\"Value\":1},{\"Key\":\"EB8FE5FF2AE20000ED0A6100\",\"Value\":1},{\"Key\":\"A275E5FF0BE60000E1ED6000\",\"Value\":1},{\"Key\":\"D897E5FF82E2000035046100\",\"Value\":1},{\"Key\":\"AF8AE5FF4BE20000E1086100\",\"Value\":1},{\"Key\":\"3376E5FF88E60000D3E96000\",\"Value\":1},{\"Key\":\"1751E5FF7AED000088E86000\",\"Value\":1},{\"Key\":\"1253E5FFC8EF00004CDD6000\",\"Value\":1},{\"Key\":\"445DE5FF54EE0000D5D96000\",\"Value\":1},{\"Key\":\"AD5FE5FF95EB000057E36000\",\"Value\":1},{\"Key\":\"AC5CE5FF2FE90000C4F06000\",\"Value\":1},{\"Key\":\"6C60E5FF97EA0000EAE66000\",\"Value\":1},{\"Key\":\"D262E5FF6EEA0000AFE56000\",\"Value\":1},{\"Key\":\"0A5EE5FF98EE000061D76000\",\"Value\":1},{\"Key\":\"1451E5FFD0F00000AFDA6000\",\"Value\":1},{\"Key\":\"BD69E5FF59E900008AE46000\",\"Value\":1},{\"Key\":\"4563E5FF9BED0000D0D56000\",\"Value\":1},{\"Key\":\"D968E5FF4AF00000E1BC6000\",\"Value\":1},{\"Key\":\"1979E5FFFAEE0000F5946000\",\"Value\":1},{\"Key\":\"5861E5FF2FF1000000C26000\",\"Value\":1},{\"Key\":\"8262E5FF64F00000CAC56000\",\"Value\":1},{\"Key\":\"1535E5FF81F400008CE16000\",\"Value\":1},{\"Key\":\"3C4EE5FF9EF10000BAD96000\",\"Value\":1},{\"Key\":\"5056E5FFE4EA00007CEE6000\",\"Value\":1},{\"Key\":\"DE85E5FF0CE30000EDFF6000\",\"Value\":1},{\"Key\":\"A094E5FF4AE30000E5F56000\",\"Value\":1},{\"Key\":\"0E97E5FF5AE300001EF36000\",\"Value\":1},{\"Key\":\"1C98E5FF89EA0000D39E6000\",\"Value\":1},{\"Key\":\"859EE5FF5AEA0000DE986000\",\"Value\":1},{\"Key\":\"4EA2E5FF4AEA000084946000\",\"Value\":1},{\"Key\":\"FAA9E5FF11EA0000E68E6000\",\"Value\":1},{\"Key\":\"B4A9E5FFA5EA0000D8826000\",\"Value\":1},{\"Key\":\"E2A9E5FFB9EA000008816000\",\"Value\":1},{\"Key\":\"3FA2E5FFFDEA000093806000\",\"Value\":1},{\"Key\":\"88A4E5FF10E7000058BE6000\",\"Value\":1},{\"Key\":\"0A97E5FF12EA0000EFAB6000\",\"Value\":1},{\"Key\":\"A5CDE4FFA67501005DB34800\",\"Value\":1},{\"Key\":\"CFCDE4FF6B770100559D4800\",\"Value\":1},{\"Key\":\"3DADE4FF457A0100C1884800\",\"Value\":1},{\"Key\":\"33D0E4FFA5770100127A4800\",\"Value\":1},{\"Key\":\"7FCDE4FFB2770100E28A4800\",\"Value\":1},{\"Key\":\"5513E1FFBA9C0200BDDA4200\",\"Value\":1},{\"Key\":\"3A78DFFFFE3F0500DC6E2E00\",\"Value\":1},{\"Key\":\"657ADFFFFE3F0500111A2E00\",\"Value\":1},{\"Key\":\"DE72DFFFFE3F05001D2F2E00\",\"Value\":1},{\"Key\":\"3EC8E0FF2B470500A7412B00\",\"Value\":1},{\"Key\":\"28BFE0FFCD4305008D5B2B00\",\"Value\":1},{\"Key\":\"5ECDE0FFE145050047542B00\",\"Value\":1},{\"Key\":\"23A9E0FFFB650500C2562A00\",\"Value\":1},{\"Key\":\"4893E0FF70680500F75C2A00\",\"Value\":1},{\"Key\":\"F8A2E0FF50550500B2AB2A00\",\"Value\":1},{\"Key\":\"67D0E0FFD14705007C362B00\",\"Value\":1},{\"Key\":\"CAE5E0FFB0470500463F2B00\",\"Value\":1},{\"Key\":\"B2E1E0FFE7470500F7212B00\",\"Value\":1},{\"Key\":\"2DF3E0FF8847050099492B00\",\"Value\":1},{\"Key\":\"EA09E1FFAA470500F34A2B00\",\"Value\":1},{\"Key\":\"84E8E0FFFB460500B7562B00\",\"Value\":1},{\"Key\":\"A3DEE0FFC54405008A6B2B00\",\"Value\":1},{\"Key\":\"8DD3E0FFCF430500DC6C2B00\",\"Value\":1},{\"Key\":\"FBCAE0FF503F0500CF7F2B00\",\"Value\":1},{\"Key\":\"23BFE0FF66400500E46F2B00\",\"Value\":1},{\"Key\":\"3EA9E0FFA737050091832B00\",\"Value\":1},{\"Key\":\"3FA2E0FFFB3D0500E8612B00\",\"Value\":1},{\"Key\":\"EF9DE0FF0F3905004C752B00\",\"Value\":1},{\"Key\":\"8088E0FF7A390500DE5F2B00\",\"Value\":1},{\"Key\":\"EE65E0FF2C390500854B2B00\",\"Value\":1},{\"Key\":\"0E48E0FF533705005B4A2B00\",\"Value\":1},{\"Key\":\"CD53E0FF9B410500541B2B00\",\"Value\":1},{\"Key\":\"3150E0FFE13D05001F2A2B00\",\"Value\":1},{\"Key\":\"928AE0FF59410500683F2B00\",\"Value\":1},{\"Key\":\"2E3DE0FFE546050020DE2A00\",\"Value\":1},{\"Key\":\"D732E0FF5E460500C7EA2A00\",\"Value\":1},{\"Key\":\"4C44E0FF93480500ADCD2A00\",\"Value\":1},{\"Key\":\"4A1CE0FFEE47050027C12A00\",\"Value\":1},{\"Key\":\"8521E0FFDA4905002AB62A00\",\"Value\":1},{\"Key\":\"A51FE0FF9E5305007D932A00\",\"Value\":1},{\"Key\":\"CC0BE0FF8051050018932A00\",\"Value\":1},{\"Key\":\"3A0AE0FF62540500D48A2A00\",\"Value\":1},{\"Key\":\"E21CE0FF3A570500E2882A00\",\"Value\":1},{\"Key\":\"D480DAFFE4B9050030932300\",\"Value\":1},{\"Key\":\"3EBAD9FFBEC7050033AC2300\",\"Value\":1},{\"Key\":\"1CFAD9FF5FC405004E952300\",\"Value\":1},{\"Key\":\"EDF4D9FF0CC405002EA02300\",\"Value\":1},{\"Key\":\"1033DAFF3FB905001EC12300\",\"Value\":1},{\"Key\":\"AC68DAFFFEB8050088B02300\",\"Value\":1},{\"Key\":\"037DDAFFFEB8050040AF2300\",\"Value\":1},{\"Key\":\"361EDAFF34B90500C6E02300\",\"Value\":1},{\"Key\":\"4B82D9FFE3C605000B8E2300\",\"Value\":1},{\"Key\":\"EB11DAFF00D6050063BA2500\",\"Value\":1},{\"Key\":\"AD34DAFFEFC9050043EA2500\",\"Value\":1},{\"Key\":\"313EDAFFAEC70500B2012600\",\"Value\":1},{\"Key\":\"F652DAFF5EC005004EEB2500\",\"Value\":1},{\"Key\":\"F952DAFF17C2050042162600\",\"Value\":1},{\"Key\":\"C294DAFFA7B705006ED72500\",\"Value\":1},{\"Key\":\"0F80DAFF38B8050065CC2500\",\"Value\":1},{\"Key\":\"0593DAFF30B50500AFEA2500\",\"Value\":1},{\"Key\":\"A097DAFFD5B9050063C32500\",\"Value\":1},{\"Key\":\"7983DAFF14B90500E4B52500\",\"Value\":1},{\"Key\":\"BC98DAFFC3B30500C60B2600\",\"Value\":1},{\"Key\":\"5594DAFF6DB30500FA012600\",\"Value\":1},{\"Key\":\"777FDAFF08B5050082022600\",\"Value\":1},{\"Key\":\"9F3EDAFF3FC80500970D2600\",\"Value\":1},{\"Key\":\"C246DBFFECB00500780F2300\",\"Value\":1},{\"Key\":\"A16ADBFF7CAA05006B362300\",\"Value\":1},{\"Key\":\"CA6BDBFF25AA0500AE252300\",\"Value\":1},{\"Key\":\"7802DBFF9FBB0500AF162300\",\"Value\":1},{\"Key\":\"AA00DBFFB2B80500FCF82200\",\"Value\":1},{\"Key\":\"1CF0DAFF20BA0500C6FB2200\",\"Value\":1},{\"Key\":\"72F1DAFFADB7050056E92200\",\"Value\":1},{\"Key\":\"E6DDDAFFEEB6050026E92200\",\"Value\":1},{\"Key\":\"4FDADAFFDAB7050030F32200\",\"Value\":1},{\"Key\":\"33DCDAFFD2B90500B0032300\",\"Value\":1},{\"Key\":\"28C7DAFF7BB7050069F82200\",\"Value\":1},{\"Key\":\"7EB6DAFF25BB050071E82200\",\"Value\":1},{\"Key\":\"35B4DAFF3CB90500E31E2300\",\"Value\":1},{\"Key\":\"B5B4DAFF3CBC0500E5322300\",\"Value\":1},{\"Key\":\"BAC6DAFFEABA0500E72F2300\",\"Value\":1},{\"Key\":\"63A2DAFF39BF05007A3D2300\",\"Value\":1},{\"Key\":\"39DADAFFAABB0500B2442300\",\"Value\":1},{\"Key\":\"3CDCDAFFB8BA050072342300\",\"Value\":1},{\"Key\":\"65CADAFF46BC05005D482300\",\"Value\":1},{\"Key\":\"3ADADAFF8FBD0500D1522300\",\"Value\":1},{\"Key\":\"BDEDDAFFC4BD0500E6512300\",\"Value\":1},{\"Key\":\"8FEDDAFFD5BF050053652300\",\"Value\":1},{\"Key\":\"0702DBFF4DB50500B1D42200\",\"Value\":1},{\"Key\":\"3F14DBFFA5BE05002A462300\",\"Value\":1},{\"Key\":\"0806DBFF25B70500FED62200\",\"Value\":1},{\"Key\":\"2613DBFFC5B005005BCE2200\",\"Value\":1},{\"Key\":\"CB02DBFF32B4050041C22200\",\"Value\":1},{\"Key\":\"C417DBFF4DB005002ED32200\",\"Value\":1},{\"Key\":\"4F39DBFF9BBD050089432300\",\"Value\":1},{\"Key\":\"C20EDBFF90B1050035C32200\",\"Value\":1},{\"Key\":\"D258DBFFFDAA0500216F2300\",\"Value\":1},{\"Key\":\"A87ADAFF30C005002F402300\",\"Value\":1},{\"Key\":\"6F55DAFF37C1050054512300\",\"Value\":1},{\"Key\":\"4356DAFF41C10500443D2300\",\"Value\":1},{\"Key\":\"C364DBFFE1A80500E45F2300\",\"Value\":1},{\"Key\":\"F36DDBFF139F0500AD7B2300\",\"Value\":1},{\"Key\":\"EB52DBFF57A60500158D2300\",\"Value\":1},{\"Key\":\"444ADBFFE1A505003E9C2300\",\"Value\":1},{\"Key\":\"D57FDAFFE8B0050022602200\",\"Value\":1},{\"Key\":\"AF3EDBFF53AC050024902300\",\"Value\":1},{\"Key\":\"7D13DBFFD4B40500068C2300\",\"Value\":1},{\"Key\":\"C01DDAFF39C20500A33C2300\",\"Value\":1},{\"Key\":\"BBEDDAFFECB80500EF912300\",\"Value\":1},{\"Key\":\"2FEFDAFFB2B8050085AF2300\",\"Value\":1},{\"Key\":\"CD7BD8FFB11706007B052100\",\"Value\":1},{\"Key\":\"D3EFDAFFA0B705001AC22300\",\"Value\":1},{\"Key\":\"3804DBFFD3B4050077D42300\",\"Value\":1},{\"Key\":\"D33ADAFF4BB70500AB572200\",\"Value\":1},{\"Key\":\"4615DBFF32B40500ECCC2300\",\"Value\":1},{\"Key\":\"3455DAFF9AB30500AD3A2200\",\"Value\":1},{\"Key\":\"F469DAFFFEB20500A8442200\",\"Value\":1},{\"Key\":\"CE67DAFF6AB30500BB392200\",\"Value\":1},{\"Key\":\"3215DBFF44B40500EFDF2300\",\"Value\":1},{\"Key\":\"8613DBFF16AD050094F02300\",\"Value\":1},{\"Key\":\"3F20DBFFA9A405000CF12300\",\"Value\":1},{\"Key\":\"0D2EDAFF79BA0500F7702200\",\"Value\":1},{\"Key\":\"DCECDAFF9AB4050094ED2300\",\"Value\":1},{\"Key\":\"BD7BDAFFFDBA0500E3172300\",\"Value\":1},{\"Key\":\"C1D0D9FF51BE0500C0EF2100\",\"Value\":1},{\"Key\":\"B3FCD9FFECB905002E092200\",\"Value\":1},{\"Key\":\"AD0ADAFF77BA05007B162200\",\"Value\":1},{\"Key\":\"48C9DAFF8CB805008CE82300\",\"Value\":1},{\"Key\":\"5243DAFF0DB50500253C2200\",\"Value\":1},{\"Key\":\"8CB4DAFFFEB8050062D72300\",\"Value\":1},{\"Key\":\"7FF8D9FFD8BA050012572200\",\"Value\":1},{\"Key\":\"C5FED9FFCDB905004E462200\",\"Value\":1},{\"Key\":\"AAE6D9FF46BE050060B72100\",\"Value\":1},{\"Key\":\"D9B3DAFFFEB80500A3C92300\",\"Value\":1},{\"Key\":\"C6A6D9FFACC90500238E2100\",\"Value\":1},{\"Key\":\"59A1DAFFFEB805002CDE2300\",\"Value\":1},{\"Key\":\"B0E1D9FFC8BC0500C0D72100\",\"Value\":1},{\"Key\":\"12CFD9FF90BF050023DA2100\",\"Value\":1},{\"Key\":\"58C8DAFFFEB805004BC32300\",\"Value\":1},{\"Key\":\"17C7DAFFFEB80500499F2300\",\"Value\":1},{\"Key\":\"18A2DAFFFEB805000AA62300\",\"Value\":1},{\"Key\":\"E3C6DAFF18BF0500CB792300\",\"Value\":1},{\"Key\":\"93F7D9FF25BB05008C292200\",\"Value\":1},{\"Key\":\"90E3D9FF25BB0500E24E2200\",\"Value\":1},{\"Key\":\"3BBCD9FF4FC405000BB92100\",\"Value\":1},{\"Key\":\"CA09DAFF61BA05003F322200\",\"Value\":1},{\"Key\":\"F47ADAFF24BB050077BF2200\",\"Value\":1},{\"Key\":\"5B7ADAFF25BB050081CF2200\",\"Value\":1},{\"Key\":\"87F7D9FF5EC0050098292300\",\"Value\":1},{\"Key\":\"E7F5D9FFCDBE050040182300\",\"Value\":1},{\"Key\":\"7EE5DAFFF2B4050018D22200\",\"Value\":1},{\"Key\":\"C0EBDAFFEAB20500CDB72200\",\"Value\":1},{\"Key\":\"6842DAFF25BB0500B0C02200\",\"Value\":1},{\"Key\":\"1DE9DAFFDCB10500D6B02200\",\"Value\":1},{\"Key\":\"4567DAFF25BB0500E5082300\",\"Value\":1},{\"Key\":\"9354DAFF25BB0500430B2300\",\"Value\":1},{\"Key\":\"4B67DAFF0BBF0500B22F2300\",\"Value\":1},{\"Key\":\"EF41DAFFB8C00500D82B2300\",\"Value\":1},{\"Key\":\"9630DAFFCDC00500BE292300\",\"Value\":1},{\"Key\":\"5B2EDAFFB7BF05002E1E2300\",\"Value\":1},{\"Key\":\"3743DAFF2DBB0500E6F02200\",\"Value\":1},{\"Key\":\"E02FDAFF49BB050029F12200\",\"Value\":1},{\"Key\":\"6B0ADAFF1FBC05007FF02200\",\"Value\":1},{\"Key\":\"0B1CDAFF25BB0500E1B82200\",\"Value\":1},{\"Key\":\"0B55DAFF25BB05008BF22200\",\"Value\":1},{\"Key\":\"0A57DAFFBBBA0500F0882300\",\"Value\":1},{\"Key\":\"3755DAFFF1BB05001A7F2300\",\"Value\":1},{\"Key\":\"4767DAFFFEB805001AC82300\",\"Value\":1},{\"Key\":\"397FDAFFFEB805006DCE2300\",\"Value\":1},{\"Key\":\"7C7BDAFFFEB80500AFDE2300\",\"Value\":1},{\"Key\":\"948EDAFFFEB8050026EA2300\",\"Value\":1},{\"Key\":\"193DDAFFFEB80500E7D72300\",\"Value\":1},{\"Key\":\"E67ADBFF3EA605008A2E2300\",\"Value\":1},{\"Key\":\"2276DBFF4DA9050056172300\",\"Value\":1},{\"Key\":\"D845DAFFF9C10500DCC22500\",\"Value\":1},{\"Key\":\"98A1DAFF61B1050081592200\",\"Value\":1},{\"Key\":\"2D6BDAFFDBB805003A902200\",\"Value\":1},{\"Key\":\"3E54DAFFD2B8050048842200\",\"Value\":1},{\"Key\":\"050BE1FF44DD01001C8C4D00\",\"Value\":1},{\"Key\":\"782BD8FFE4530600394C2000\",\"Value\":1},{\"Key\":\"0872D9FF22C70500F2882300\",\"Value\":1},{\"Key\":\"ED7BD8FF58C7050005FF2300\",\"Value\":1},{\"Key\":\"3E68D8FF10300600E4BA2000\",\"Value\":1},{\"Key\":\"4998D9FFC4C00500E2472300\",\"Value\":1},{\"Key\":\"C1AAD9FF35C1050020502300\",\"Value\":1},{\"Key\":\"9539D8FF8A400600E89C2000\",\"Value\":1},{\"Key\":\"4E57DAFF1DBA0500AD902200\",\"Value\":1},{\"Key\":\"C8F4D9FF4BBC050064012400\",\"Value\":1},{\"Key\":\"110ADAFF61B9050021062400\",\"Value\":1},{\"Key\":\"DB00DAFFA4B9050012132400\",\"Value\":1},{\"Key\":\"0F3FDAFF88B30500DFDD2100\",\"Value\":1},{\"Key\":\"DABAD9FF25BB0500CA8C2200\",\"Value\":3},{\"Key\":\"85B6D9FFC0B90500F3D92200\",\"Value\":1},{\"Key\":\"40BFD9FFCEB90500CBC22200\",\"Value\":1},{\"Key\":\"F435D9FFC5BD05006AE22200\",\"Value\":1},{\"Key\":\"4C24D9FFE3BF05001EFA2200\",\"Value\":1},{\"Key\":\"D42EDAFFFEB80500B7EA2300\",\"Value\":1},{\"Key\":\"4F56DAFFFEB805000B062400\",\"Value\":1},{\"Key\":\"C558DAFFFEB80500A91A2400\",\"Value\":1},{\"Key\":\"0A68DAFFFEB805003A042400\",\"Value\":1},{\"Key\":\"2128DAFF5DBA0500A4222500\",\"Value\":1},{\"Key\":\"581CDAFF0EBC05001A1B2500\",\"Value\":1},{\"Key\":\"E441DAFF21BB050041932200\",\"Value\":1},{\"Key\":\"C21CDAFFD5B8050015A32100\",\"Value\":1},{\"Key\":\"1E2FDAFFA1B50500BBAD2100\",\"Value\":1},{\"Key\":\"A911DAFF82C2050073492100\",\"Value\":1},{\"Key\":\"122EDAFFFABC0500F8652100\",\"Value\":1},{\"Key\":\"D51DDAFF27C00500B4572100\",\"Value\":1},{\"Key\":\"C56ADAFFFFB70500F3382100\",\"Value\":1},{\"Key\":\"8211DAFFDBD2050082B42000\",\"Value\":1},{\"Key\":\"3C8EDAFF03B1050069EF2000\",\"Value\":1},{\"Key\":\"5830DAFFE3C4050094BE2000\",\"Value\":1},{\"Key\":\"7E7BDAFFE4B0050095B52000\",\"Value\":1},{\"Key\":\"3F6CD8FF14C90500FC1D2300\",\"Value\":1},{\"Key\":\"3931D8FFAAD10500C18F2300\",\"Value\":1},{\"Key\":\"BA17D8FF0ACE0500EE552300\",\"Value\":1},{\"Key\":\"391BD8FFDBCD050043482300\",\"Value\":1},{\"Key\":\"802ED8FF94D60500DFD52200\",\"Value\":1},{\"Key\":\"6630D8FF98DF05004C642200\",\"Value\":1},{\"Key\":\"E03DD8FFB6E20500AC362200\",\"Value\":1},{\"Key\":\"88BED7FF4372060094E01F00\",\"Value\":1},{\"Key\":\"61B0D8FF25E80500F8B02100\",\"Value\":1},{\"Key\":\"D5B1D8FF4FE5050049C02100\",\"Value\":1},{\"Key\":\"2013D9FFA5F9050050102100\",\"Value\":1},{\"Key\":\"A27ADAFFEAB305002E7A2100\",\"Value\":1},{\"Key\":\"9C85D9FF79BD050012892200\",\"Value\":3},{\"Key\":\"0B3EDAFF84BC05009D792500\",\"Value\":1},{\"Key\":\"B8A7D9FF74CA05007B202400\",\"Value\":1},{\"Key\":\"D5B7D9FFC7C50500366D2400\",\"Value\":1},{\"Key\":\"8FEAD7FFF1D105006A952300\",\"Value\":1},{\"Key\":\"19CDD7FFCFD305000C9D2300\",\"Value\":1},{\"Key\":\"1BC4D7FF84D5050054AF2300\",\"Value\":1},{\"Key\":\"9C6FD7FFB4E2050018C12300\",\"Value\":1},{\"Key\":\"65AAD9FFAECA0500E1052400\",\"Value\":1},{\"Key\":\"8BBBD9FF78C805007C002400\",\"Value\":1},{\"Key\":\"7395D9FFEFC90500ABC62300\",\"Value\":1},{\"Key\":\"9475D9FF7E020600778D2000\",\"Value\":1},{\"Key\":\"099AD9FF9B0306006B532000\",\"Value\":1},{\"Key\":\"D615DAFF9A0F060095D71F00\",\"Value\":1},{\"Key\":\"D918DAFF9C1006004BCF1F00\",\"Value\":1},{\"Key\":\"AC0BDAFF6511060049E11F00\",\"Value\":1},{\"Key\":\"8908DAFFD91B060052BE1F00\",\"Value\":1},{\"Key\":\"BA09DAFFCC2006007FA91F00\",\"Value\":1},{\"Key\":\"EF07DAFFEB0B060084F91F00\",\"Value\":1},{\"Key\":\"9F84DAFFE41E06005D561F00\",\"Value\":1},{\"Key\":\"3E27DAFFF20706000CDC1F00\",\"Value\":1},{\"Key\":\"F914DAFF4DFF0500D40E2000\",\"Value\":1},{\"Key\":\"E7A6D7FF4DE60500652A2400\",\"Value\":1},{\"Key\":\"2FD1D7FFD2DC0500D1F42300\",\"Value\":1},{\"Key\":\"26BAD8FF28C305009FF92200\",\"Value\":1},{\"Key\":\"9265D8FF35C90500E9922300\",\"Value\":1},{\"Key\":\"2F38D9FF9BBF05005D912200\",\"Value\":1},{\"Key\":\"2C49D9FF83BE0500E5972200\",\"Value\":1},{\"Key\":\"A5A8D9FF33B90500F6BA2200\",\"Value\":1},{\"Key\":\"83BED9FF25C6050071972400\",\"Value\":1},{\"Key\":\"6FBFD9FF7AC80500FAB42400\",\"Value\":3},{\"Key\":\"3583D9FF03D2050005772400\",\"Value\":1},{\"Key\":\"6868D9FF15D405004B752400\",\"Value\":1},{\"Key\":\"2A3DD9FF5DCF05009D4A2400\",\"Value\":1},{\"Key\":\"8950D9FF6DD0050092512400\",\"Value\":1},{\"Key\":\"B360DAFFEABF05000E082600\",\"Value\":1},{\"Key\":\"BA3ADAFF4FB90500862D2500\",\"Value\":1},{\"Key\":\"3368DAFFABBA050033232500\",\"Value\":1},{\"Key\":\"DA7CDAFF09BD0500A9262500\",\"Value\":1},{\"Key\":\"132AD8FF20E7050059E82400\",\"Value\":1},{\"Key\":\"F451D8FF63E70500ABF52400\",\"Value\":1},{\"Key\":\"D04ED8FF0FEA05005F122500\",\"Value\":1},{\"Key\":\"5D44D8FF84E805000E002500\",\"Value\":1},{\"Key\":\"061DDAFFC7BA05003F072500\",\"Value\":1},{\"Key\":\"04E2D9FFBEC30500B0C52300\",\"Value\":1},{\"Key\":\"74CFD9FF6CC405005F042400\",\"Value\":1},{\"Key\":\"A9E3D9FFABBF0500E5052400\",\"Value\":1},{\"Key\":\"8042D8FF41E7050098EC2400\",\"Value\":1},{\"Key\":\"576AD8FFCBE60500D8EC2400\",\"Value\":1},{\"Key\":\"75A6D9FF4CD1050017BD2400\",\"Value\":3},{\"Key\":\"25D1D9FF6AC3050053BA2400\",\"Value\":3},{\"Key\":\"BBD2D9FF08C20500DD202400\",\"Value\":1},{\"Key\":\"47D3D9FF8BC4050091CB2400\",\"Value\":3},{\"Key\":\"4A82D9FFDABE05009C2F2300\",\"Value\":1},{\"Key\":\"526FD9FF1DBF0500CD2D2300\",\"Value\":1},{\"Key\":\"1CA2DAFFE0BA05004BCB2200\",\"Value\":1},{\"Key\":\"F2A1DAFF24BA0500DBC02200\",\"Value\":1},{\"Key\":\"815ED9FFA5CF050021482400\",\"Value\":1},{\"Key\":\"F6A6D7FFED020600530C2200\",\"Value\":1},{\"Key\":\"E1E3D7FF70EB0500AF642200\",\"Value\":1},{\"Key\":\"E6F9D7FF0CE80500B6652200\",\"Value\":1},{\"Key\":\"58D1D8FF1DC805002DB32200\",\"Value\":1},{\"Key\":\"B6CFD8FF71CA0500A0A02200\",\"Value\":1},{\"Key\":\"9E92DAFF88B9050004D52400\",\"Value\":1},{\"Key\":\"88DCDAFF93B605002CCA2200\",\"Value\":1},{\"Key\":\"5CB5DAFF19B705002CAE2200\",\"Value\":1},{\"Key\":\"73B6DAFF57B8050007B72200\",\"Value\":1},{\"Key\":\"5DB5DAFF76B805002DAA2200\",\"Value\":1},{\"Key\":\"C7C6DAFF7FB505009B972200\",\"Value\":1},{\"Key\":\"B6AADAFF28BA05006EE02400\",\"Value\":1},{\"Key\":\"36B4DAFFF7B5050028732200\",\"Value\":1},{\"Key\":\"37A3DAFFADBC05005FC52400\",\"Value\":1},{\"Key\":\"79DBDAFF0BB40500DD742200\",\"Value\":1},{\"Key\":\"06C7DAFFD4B205004B4C2200\",\"Value\":1},{\"Key\":\"C9B3DAFF12B50500A5382200\",\"Value\":1},{\"Key\":\"10C9DAFF2CB20500D2312200\",\"Value\":1},{\"Key\":\"A567DAFF9EB80500EFE72400\",\"Value\":1},{\"Key\":\"7A1BDAFFAABA0500895A2200\",\"Value\":1},{\"Key\":\"ACF5D9FF25BB0500E4992200\",\"Value\":1},{\"Key\":\"B4E1D9FF25BB050001962200\",\"Value\":1},{\"Key\":\"43CFD9FF2ABA050096BF2200\",\"Value\":1},{\"Key\":\"07E4D9FFA7BD05002B0E2300\",\"Value\":1},{\"Key\":\"1AE4D9FF30BE0500C9162300\",\"Value\":1},{\"Key\":\"432FDAFF3DB9050016FD2400\",\"Value\":1},{\"Key\":\"430BDAFF6BCF05004E592500\",\"Value\":1},{\"Key\":\"17B8DDFFFEB80500D66D2300\",\"Value\":3},{\"Key\":\"B99EDDFFAFB80500D4752300\",\"Value\":1},{\"Key\":\"B9B0DDFFFEB805000BB02300\",\"Value\":1},{\"Key\":\"039EDDFFFEB80500AFA62300\",\"Value\":1},{\"Key\":\"8F9DDDFFFEB80500F8892300\",\"Value\":1},{\"Key\":\"F730DAFF9DC90500A1BD2500\",\"Value\":1},{\"Key\":\"3154DAFFDEBD050055CB2500\",\"Value\":1},{\"Key\":\"DF59DAFFBABA050020B12500\",\"Value\":1},{\"Key\":\"9E01D9FF85E90500BFFE2400\",\"Value\":1},{\"Key\":\"2AE6DAFFABB2050003B22200\",\"Value\":1},{\"Key\":\"69E3DAFF69B4050003AE2200\",\"Value\":1},{\"Key\":\"6552D8FFADE60500F4DF2400\",\"Value\":1},{\"Key\":\"257CD9FFACFA0500EB5D2500\",\"Value\":1},{\"Key\":\"C658DAFFFEB80500137A2400\",\"Value\":1},{\"Key\":\"5A6BDAFF1AB905004C802400\",\"Value\":1},{\"Key\":\"078FDAFF42B905001F6F2400\",\"Value\":1},{\"Key\":\"058FDAFF6FBB05004B952400\",\"Value\":1},{\"Key\":\"26A3DAFFE1BC0500279F2400\",\"Value\":1},{\"Key\":\"56B9DAFF28B90500627A2400\",\"Value\":1},{\"Key\":\"67C9DAFF7FB705001D812400\",\"Value\":1},{\"Key\":\"47C8DAFFEEB60500F8772400\",\"Value\":1},{\"Key\":\"CBD9DAFF63B705003B872400\",\"Value\":1},{\"Key\":\"EAB8DAFFEEB6050036672400\",\"Value\":1},{\"Key\":\"9CDADAFFB8B50500B3502400\",\"Value\":1},{\"Key\":\"DFCBDAFF1EB60500A9462400\",\"Value\":1},{\"Key\":\"64EDDAFFE7B105009B372400\",\"Value\":1},{\"Key\":\"FDB8DAFF58B8050072202400\",\"Value\":1},{\"Key\":\"43A4DAFFCAB805008A532400\",\"Value\":1},{\"Key\":\"7B8FDAFFFEB805004C522400\",\"Value\":1},{\"Key\":\"AEA4DAFFB7B80500D3662400\",\"Value\":1},{\"Key\":\"997DDAFFFEB8050041532400\",\"Value\":1},{\"Key\":\"DF69DAFFFEB805008C192400\",\"Value\":1},{\"Key\":\"3A54DAFFFEB8050036ED2300\",\"Value\":1},{\"Key\":\"D358DAFFFEB8050055D42300\",\"Value\":1},{\"Key\":\"AE55DAFFFEB805007EC32300\",\"Value\":1},{\"Key\":\"1F2EDAFF86BC0500D0A22300\",\"Value\":1},{\"Key\":\"E71CDAFFAFBF0500CA9C2300\",\"Value\":1},{\"Key\":\"532FDAFFC0C00500847F2300\",\"Value\":1},{\"Key\":\"4F1DDAFFE0C305009C6D2300\",\"Value\":1},{\"Key\":\"1C1BDAFF0BC30500FF7C2300\",\"Value\":1},{\"Key\":\"E10ADAFFD8C005005DA72300\",\"Value\":1},{\"Key\":\"1D08DAFFFFBC0500EBC52300\",\"Value\":1},{\"Key\":\"DB32DAFFFEB80500AA072400\",\"Value\":1},{\"Key\":\"E8BBD9FFA7C70500D9112400\",\"Value\":1},{\"Key\":\"C586D9FFD1CA05004CCE2300\",\"Value\":1},{\"Key\":\"4C1EDAFFA1C305005A4F2300\",\"Value\":1},{\"Key\":\"212FDAFF4BC305008A512300\",\"Value\":1},{\"Key\":\"7141DAFF54C2050028532300\",\"Value\":1},{\"Key\":\"5ED0D9FFE0BB050081FA2200\",\"Value\":1},{\"Key\":\"D0AAD9FF08BB0500BE032300\",\"Value\":1},{\"Key\":\"F995D9FFD5BA05001A062300\",\"Value\":1},{\"Key\":\"0587D9FF75BA050061022300\",\"Value\":1},{\"Key\":\"F0D2DAFFD8D30500A51C2000\",\"Value\":1},{\"Key\":\"12DCDAFF91B50500B9AE2200\",\"Value\":1},{\"Key\":\"F9F4DAFF0CAA0500BA892200\",\"Value\":1},{\"Key\":\"85EDDAFFCDB1050069802200\",\"Value\":1},{\"Key\":\"F0EDDAFF39AD0500936C2200\",\"Value\":1},{\"Key\":\"6BFDDAFFFDA705003B622200\",\"Value\":1},{\"Key\":\"63D7DAFF26AE050019772200\",\"Value\":1},{\"Key\":\"0812DBFFA6A60500CC6A2200\",\"Value\":1},{\"Key\":\"631CDBFF4AA505006E622200\",\"Value\":1},{\"Key\":\"BA1CDBFF3BA605007D752200\",\"Value\":1},{\"Key\":\"0926DBFF28A30500ED562200\",\"Value\":1},{\"Key\":\"400EDBFF71A60500E6572200\",\"Value\":1},{\"Key\":\"2D2ADBFF12A40500246B2200\",\"Value\":1},{\"Key\":\"6E37DBFFA9A00500E1612200\",\"Value\":1},{\"Key\":\"853BDBFFC3A105004A752200\",\"Value\":1},{\"Key\":\"4528DBFF97A50500F77E2200\",\"Value\":1},{\"Key\":\"AB39DBFF03A40500AB8B2200\",\"Value\":1},{\"Key\":\"830EDBFFFDA50500C2482200\",\"Value\":1},{\"Key\":\"5501DBFFCBA60500C43D2200\",\"Value\":1},{\"Key\":\"0A27DBFF76B0050050DF2200\",\"Value\":1},{\"Key\":\"A085DBFF4BA90500D01D2300\",\"Value\":1},{\"Key\":\"1688DBFF99A40500C9382300\",\"Value\":1},{\"Key\":\"CC97DBFF6DA80500F1392300\",\"Value\":1},{\"Key\":\"E99BDBFF9AB40500F8212300\",\"Value\":1},{\"Key\":\"A6A5DBFF7EAC0500723B2300\",\"Value\":1},{\"Key\":\"DAD1DBFF37B90500621C2300\",\"Value\":1},{\"Key\":\"6CD5DBFFE1B30500253C2300\",\"Value\":1},{\"Key\":\"BBEAD7FFA52D060047152100\",\"Value\":1},{\"Key\":\"ED49D9FF61BD050039E62200\",\"Value\":1},{\"Key\":\"C537D9FF2DBD050006CB2200\",\"Value\":1},{\"Key\":\"619ED8FF46DA050038202200\",\"Value\":1},{\"Key\":\"5A26D8FFA5090600397B2100\",\"Value\":1},{\"Key\":\"3A2AD8FFA1F50500C8D92100\",\"Value\":1},{\"Key\":\"119CD7FF62E5050003B22200\",\"Value\":1},{\"Key\":\"D56AD7FF9C670600DE762000\",\"Value\":1},{\"Key\":\"A3E4DCFFFEB8050061182500\",\"Value\":1},{\"Key\":\"5FEAD8FF8FF90500B45B2500\",\"Value\":1},{\"Key\":\"AA24D9FFFFC20500B9202300\",\"Value\":1},{\"Key\":\"9527D9FFA5C105008C0F2300\",\"Value\":1},{\"Key\":\"F00FD9FFCDC20500871D2300\",\"Value\":1},{\"Key\":\"E1FDD8FF9FC105002B182300\",\"Value\":1},{\"Key\":\"E939D9FFB4BF0500B1022300\",\"Value\":1},{\"Key\":\"0739D9FF43BF0500A8FB2200\",\"Value\":1},{\"Key\":\"35EAD8FF0EC4050075BF2200\",\"Value\":1},{\"Key\":\"81FDD8FF46C2050061B92200\",\"Value\":1},{\"Key\":\"18B1D7FF43720600E4901F00\",\"Value\":1},{\"Key\":\"1E5CD9FF68BC050048BC2200\",\"Value\":1},{\"Key\":\"F470D9FF6BBB050018CB2200\",\"Value\":1},{\"Key\":\"6585D9FFD0BA0500D7B62200\",\"Value\":1},{\"Key\":\"3F4BD9FFB8BC0500BBC12200\",\"Value\":1},{\"Key\":\"E422D9FF3BBE0500FABB2200\",\"Value\":1},{\"Key\":\"DF7CD7FF5C6B060027592000\",\"Value\":1},{\"Key\":\"50D0D7FFF95C06006A662000\",\"Value\":1},{\"Key\":\"8F91D8FF7BFF05001A5B2100\",\"Value\":1},{\"Key\":\"248FD8FF57F90500CB762100\",\"Value\":1},{\"Key\":\"0849D9FF3CE0050064652100\",\"Value\":1},{\"Key\":\"187AD8FFC6FD05004F732100\",\"Value\":1},{\"Key\":\"E60CD7FF43720600C5572000\",\"Value\":1},{\"Key\":\"9E06D7FF43720600E5562000\",\"Value\":1},{\"Key\":\"953DD9FF5CDA05004A9B2100\",\"Value\":1},{\"Key\":\"7390D8FFCFF00500AB9C2100\",\"Value\":1},{\"Key\":\"43D8D6FF437206003D402000\",\"Value\":1},{\"Key\":\"307DD7FF32600600586A1E00\",\"Value\":1},{\"Key\":\"460ED8FF3C660600C7F31F00\",\"Value\":1},{\"Key\":\"62F9D5FF374F0600F0681B00\",\"Value\":1},{\"Key\":\"2470E0FF324C01007D354F00\",\"Value\":1},{\"Key\":\"CA18D9FFFE410600FDCE1F00\",\"Value\":1},{\"Key\":\"1B1AD8FFAB710600D0821F00\",\"Value\":1},{\"Key\":\"7442D8FFFC6B0600857B1F00\",\"Value\":1},{\"Key\":\"D99BD5FFDA2F0600D32A2300\",\"Value\":3},{\"Key\":\"D6C7DBFFE99F0500C9B52200\",\"Value\":1},{\"Key\":\"E1C3DBFF57A90500DEC72200\",\"Value\":1},{\"Key\":\"6DB7DBFFDDA80500ADBC2200\",\"Value\":1},{\"Key\":\"68ACDBFFFFA605000CB02200\",\"Value\":1},{\"Key\":\"E3FDD9FF45F5050078522000\",\"Value\":1},{\"Key\":\"28FDD9FF4FFE050091372000\",\"Value\":1},{\"Key\":\"3DE9D9FF97FE0500B44E2000\",\"Value\":1},{\"Key\":\"2F64D7FF67DA0500AF1F2300\",\"Value\":1},{\"Key\":\"B070D7FF4CD90500A2222300\",\"Value\":1},{\"Key\":\"F2B8D7FF71E1050098BF2200\",\"Value\":1},{\"Key\":\"1182D7FFEBD905009FFB2200\",\"Value\":1},{\"Key\":\"6793D7FF69D90500DDF12200\",\"Value\":1},{\"Key\":\"80A4D6FFF3E6050008D22300\",\"Value\":1},{\"Key\":\"F8A6D6FFF3E605002EB12300\",\"Value\":1},{\"Key\":\"00B7D8FFC4E0050014B92400\",\"Value\":1},{\"Key\":\"E97AD8FFD1D70500278C2400\",\"Value\":1},{\"Key\":\"878CD8FF72D8050085942400\",\"Value\":1},{\"Key\":\"A179D8FF20D405002C7A2400\",\"Value\":1},{\"Key\":\"6D86D9FF83E50500D9FE2400\",\"Value\":1},{\"Key\":\"9A80D9FFEAEC05000B192500\",\"Value\":1},{\"Key\":\"BC9AD6FFF3E60500E7DD2300\",\"Value\":1},{\"Key\":\"908CD6FFF3E60500E7AD2300\",\"Value\":1},{\"Key\":\"8F7AD8FFDAC7050059212400\",\"Value\":1},{\"Key\":\"5A91D8FFEFC80500633F2400\",\"Value\":1},{\"Key\":\"3664D7FF9FE6050064FE2300\",\"Value\":1},{\"Key\":\"0171D8FF3CDC0500719A2400\",\"Value\":1},{\"Key\":\"65D4DAFFBCB00500455A2000\",\"Value\":1},{\"Key\":\"9B07D6FF78590600D4231B00\",\"Value\":1},{\"Key\":\"5967D6FF446E0600322B1B00\",\"Value\":1},{\"Key\":\"CE57D6FFC4680600132F1B00\",\"Value\":1},{\"Key\":\"E075D6FF157706004D1D1B00\",\"Value\":1},{\"Key\":\"BC93D9FFDEFD0500F36D2500\",\"Value\":1},{\"Key\":\"05FAD7FFEFEA05009DF72400\",\"Value\":1},{\"Key\":\"AAF1D7FF03E705004AD82400\",\"Value\":1},{\"Key\":\"E4E4D7FFB7ED050029F72400\",\"Value\":1},{\"Key\":\"9027D8FFF3E605006FCA2400\",\"Value\":1},{\"Key\":\"EA7AD8FFF3E5050005E22400\",\"Value\":1},{\"Key\":\"CF22D7FFF3E60500F31C2400\",\"Value\":1},{\"Key\":\"16E5D7FF08EA05009EEA2400\",\"Value\":1},{\"Key\":\"8D16D9FFA424060007D92500\",\"Value\":1},{\"Key\":\"3E27D9FF8728060060EC2500\",\"Value\":1},{\"Key\":\"3B29D9FF041D0600F5D12500\",\"Value\":1},{\"Key\":\"121EDAFFFEB8050099B22400\",\"Value\":1},{\"Key\":\"072DD6FF6604060017D42300\",\"Value\":1},{\"Key\":\"171AD6FFC209060089BB2300\",\"Value\":1},{\"Key\":\"5624D7FF5801060034B22400\",\"Value\":1},{\"Key\":\"6CCED7FFDA010600BB232500\",\"Value\":1},{\"Key\":\"CCEED7FF61F90500911C2500\",\"Value\":1},{\"Key\":\"32E0D7FF42010600C52D2500\",\"Value\":1},{\"Key\":\"50FAD7FF7701060035402500\",\"Value\":1},{\"Key\":\"5ECBD7FF23E80500D1D22400\",\"Value\":1},{\"Key\":\"7668D7FFC00206004CF72400\",\"Value\":3},{\"Key\":\"D158D7FF781006008A182500\",\"Value\":1},{\"Key\":\"48AED7FFF3E605001A972400\",\"Value\":1},{\"Key\":\"D9BCD7FFF3E605002F932400\",\"Value\":1},{\"Key\":\"E9B8D7FFF3E60500E9A92400\",\"Value\":1},{\"Key\":\"9CA7D7FFF3E60500496E2400\",\"Value\":1},{\"Key\":\"0DA9D7FFF3E6050093A62400\",\"Value\":1},{\"Key\":\"F365D6FF94E90500D7B12300\",\"Value\":1},{\"Key\":\"E373D6FF06E7050037A12300\",\"Value\":1},{\"Key\":\"CB53D8FFE56A0600FC6B1F00\",\"Value\":1},{\"Key\":\"DE16E1FFD7DF010021764D00\",\"Value\":1},{\"Key\":\"7B0BE1FF87E10100C2644D00\",\"Value\":1},{\"Key\":\"7320E1FFC8F301001B164D00\",\"Value\":1},{\"Key\":\"C422E1FFF8E1010071604D00\",\"Value\":1},{\"Key\":\"D81FE1FFA4DF0100F0784D00\",\"Value\":1},{\"Key\":\"B132E1FFD4F40100170F4D00\",\"Value\":1},{\"Key\":\"984AE1FF9A0D0200F1B54C00\",\"Value\":1},{\"Key\":\"9D4FE1FF610F0200C4AC4C00\",\"Value\":1},{\"Key\":\"A952E1FF6CFA01005EF64C00\",\"Value\":1},{\"Key\":\"884AE1FFDEFE0100E5EB4C00\",\"Value\":1},{\"Key\":\"E149E1FF5708020002CC4C00\",\"Value\":1},{\"Key\":\"1F60E1FFC41202001C964C00\",\"Value\":1},{\"Key\":\"BB6EE1FF7C130200B68A4C00\",\"Value\":1},{\"Key\":\"7049E1FFEA1B02009A764C00\",\"Value\":1},{\"Key\":\"3058E1FFBB09020052C24C00\",\"Value\":1},{\"Key\":\"A564E1FFF91A02006A6C4C00\",\"Value\":1},{\"Key\":\"8277E1FF551002000F974C00\",\"Value\":1},{\"Key\":\"0B65E1FF5BF901001CF54C00\",\"Value\":1},{\"Key\":\"161DE1FF52DD010057904D00\",\"Value\":1},{\"Key\":\"0F76E1FF6E0C0200E2AB4C00\",\"Value\":1},{\"Key\":\"991DE1FFC4DE0100DD824D00\",\"Value\":1},{\"Key\":\"193CE1FF48DE0100FE8B4D00\",\"Value\":1},{\"Key\":\"5C34E1FF8AE1010056624D00\",\"Value\":1},{\"Key\":\"9132E1FFA3DF0100AF784D00\",\"Value\":1},{\"Key\":\"F291E0FF67E1010002E64D00\",\"Value\":1},{\"Key\":\"B336E1FF31DF0100487F4D00\",\"Value\":1},{\"Key\":\"8967E1FF171F020008564C00\",\"Value\":1},{\"Key\":\"FD3DE1FF662802007C3F4C00\",\"Value\":1},{\"Key\":\"1A1DE1FFE9D9010080A94D00\",\"Value\":1},{\"Key\":\"2B83DFFFDAE5010061B94D00\",\"Value\":1},{\"Key\":\"3D8FDFFF76E301009AB94D00\",\"Value\":1},{\"Key\":\"061AD9FF61CD0500A5332200\",\"Value\":1},{\"Key\":\"BABCD8FF4C06060036822500\",\"Value\":1},{\"Key\":\"3DA9D8FFAD0A06004B8B2500\",\"Value\":1},{\"Key\":\"92BCD8FF4DFB05002E6C2500\",\"Value\":1},{\"Key\":\"A579D8FFB31A0600F9A72500\",\"Value\":1},{\"Key\":\"7FA6D8FF7605060019812500\",\"Value\":1},{\"Key\":\"4491D8FF7D06060055812500\",\"Value\":1},{\"Key\":\"D9E5D8FFC158060033D72600\",\"Value\":1},{\"Key\":\"3BD8D8FF87570600E6B72600\",\"Value\":1},{\"Key\":\"77C3D8FF7C5706008FB02600\",\"Value\":1},{\"Key\":\"64BCD8FFD7570600C3B42600\",\"Value\":1},{\"Key\":\"FDD3D8FFFD560600F4902600\",\"Value\":1},{\"Key\":\"B8AAD8FF435406003F612600\",\"Value\":1},{\"Key\":\"51A2D8FFA8510600F0492600\",\"Value\":1},{\"Key\":\"63B2D8FF5E510600B74B2600\",\"Value\":1},{\"Key\":\"53E7D8FF2B57060096982600\",\"Value\":1},{\"Key\":\"65A5D8FF8D4A06009B232600\",\"Value\":1},{\"Key\":\"68B0D8FF944B0600A8292600\",\"Value\":1},{\"Key\":\"EEB6DFFF0A2E0500A7732B00\",\"Value\":1},{\"Key\":\"38B1D8FF10480600B51A2600\",\"Value\":1},{\"Key\":\"129ED8FF2843060081072600\",\"Value\":1},{\"Key\":\"18C5D8FF55420600C7082600\",\"Value\":1},{\"Key\":\"8CD7D8FF7C5606003E862600\",\"Value\":1},{\"Key\":\"29BAD8FFDA3D0600B6FB2500\",\"Value\":1},{\"Key\":\"55B6D8FFBB36060053EA2500\",\"Value\":1},{\"Key\":\"86DBD8FF903D06009FFD2500\",\"Value\":1},{\"Key\":\"18D7D8FF4B3A0600F1F32500\",\"Value\":1},{\"Key\":\"4AEFD8FF9B3B060075FD2500\",\"Value\":1},{\"Key\":\"F2C3D8FF2F2F060088DB2500\",\"Value\":1},{\"Key\":\"E5F0D8FF7739060023F82500\",\"Value\":1},{\"Key\":\"17E5D8FF3520060019BE2500\",\"Value\":1},{\"Key\":\"31E0D8FFC25506002C7D2600\",\"Value\":1},{\"Key\":\"9A50D8FFAB0906008E772500\",\"Value\":1},{\"Key\":\"BA79D8FFF14D0600CD262600\",\"Value\":1},{\"Key\":\"C2A0D6FF437206004A8C2000\",\"Value\":1},{\"Key\":\"40ACD6FF05720600AE9A2000\",\"Value\":3},{\"Key\":\"2D81D7FFBF5D06003F982000\",\"Value\":1},{\"Key\":\"2F92D7FFA4640600216C2000\",\"Value\":1},{\"Key\":\"60C2D6FF9771060046982000\",\"Value\":1},{\"Key\":\"5A83D7FF7E570600F8B22000\",\"Value\":1},{\"Key\":\"026CD7FF3959060088B82000\",\"Value\":1},{\"Key\":\"3733D7FFF35E060004BC2000\",\"Value\":1},{\"Key\":\"035CD7FF8B59060036BF2000\",\"Value\":1},{\"Key\":\"8320D7FFCC570600F8E22000\",\"Value\":1},{\"Key\":\"0978D7FFC5EA050048BA2400\",\"Value\":1},{\"Key\":\"A780D7FFF9E6050056A82400\",\"Value\":1},{\"Key\":\"DDCDD7FFF3E605003DBB2400\",\"Value\":1},{\"Key\":\"716DD7FFFAF005002DC42400\",\"Value\":1},{\"Key\":\"0936D7FF5C100600F2F62400\",\"Value\":1},{\"Key\":\"736FD9FF17D6050059762100\",\"Value\":1},{\"Key\":\"5869DAFFA2B80500E9D72400\",\"Value\":1},{\"Key\":\"22E7D7FFF3E60500FAB42400\",\"Value\":1},{\"Key\":\"F39FD8FFB03C0600ADF62500\",\"Value\":1},{\"Key\":\"B19CD2FF04CE0500F2312F00\",\"Value\":1},{\"Key\":\"AAA6D2FF69CC050012422F00\",\"Value\":1},{\"Key\":\"D10FD3FF0CC50500D5352F00\",\"Value\":1},{\"Key\":\"F406D3FF89C40500ED482F00\",\"Value\":1},{\"Key\":\"B9FAD2FF1DC7050062362F00\",\"Value\":1},{\"Key\":\"93E5D2FFB7C80500BD3B2F00\",\"Value\":1},{\"Key\":\"93ECD2FFD1C8050066332F00\",\"Value\":1},{\"Key\":\"95E8D2FF74CA05001F232F00\",\"Value\":1},{\"Key\":\"34F8D2FF03C9050021232F00\",\"Value\":1},{\"Key\":\"0DCFD2FFC7CB0500612A2F00\",\"Value\":1},{\"Key\":\"F6CCD2FF60CD0500F71A2F00\",\"Value\":1},{\"Key\":\"8FC7D2FF3ECF0500370A2F00\",\"Value\":1},{\"Key\":\"63E7D2FF3FCE050028FD2E00\",\"Value\":1},{\"Key\":\"10D8D2FF4ACF0500AFFB2E00\",\"Value\":1},{\"Key\":\"20FED2FFDDD3050083C22E00\",\"Value\":1},{\"Key\":\"D3FDD2FFA1D2050053CA2E00\",\"Value\":1},{\"Key\":\"3FF3D2FF93D005003BE12E00\",\"Value\":1},{\"Key\":\"FBBCD2FF20CD05009A292F00\",\"Value\":1},{\"Key\":\"30C5D2FF4BCD0500AD212F00\",\"Value\":1},{\"Key\":\"1EA7D2FFCCCF0500E2192F00\",\"Value\":1},{\"Key\":\"AF70D2FFC1D10500EA482F00\",\"Value\":1},{\"Key\":\"7E67D2FF8BCA05000BA52F00\",\"Value\":1},{\"Key\":\"1471D2FF66C90500EFAE2F00\",\"Value\":1},{\"Key\":\"126CD0FFC6CA0500B32A2F00\",\"Value\":1},{\"Key\":\"4444D0FF27CA050060062F00\",\"Value\":1},{\"Key\":\"4789CFFF96CA05007EE92E00\",\"Value\":1},{\"Key\":\"327DCFFF96CA0500B4E82E00\",\"Value\":1},{\"Key\":\"2C56CFFF90CA050095E32E00\",\"Value\":1},{\"Key\":\"8A2CD0FF5ECA0500AC0D2F00\",\"Value\":1},{\"Key\":\"04D7CFFF96CA0500EF792F00\",\"Value\":1},{\"Key\":\"BBC1CFFF91CA0500D5642F00\",\"Value\":1},{\"Key\":\"3DDCCFFFA5CA050047932F00\",\"Value\":1},{\"Key\":\"E5B9C9FF0E5C05006FC53B00\",\"Value\":1},{\"Key\":\"DBCFC9FF5450050022E63B00\",\"Value\":1},{\"Key\":\"D4CAC9FFAC5605003ECE3B00\",\"Value\":1},{\"Key\":\"3CDCC9FFCD5005006FD73B00\",\"Value\":1},{\"Key\":\"590ECAFF195205006DB13B00\",\"Value\":1},{\"Key\":\"8E14CAFF81540500C5A43B00\",\"Value\":1},{\"Key\":\"FE06CAFF2746050074E23B00\",\"Value\":1},{\"Key\":\"48E4C9FF7757050064BA3B00\",\"Value\":1},{\"Key\":\"98EFC9FF08580500ECB03B00\",\"Value\":1},{\"Key\":\"29E2C9FF9B5E0500479F3B00\",\"Value\":1},{\"Key\":\"BBA2C9FF955A0500C6DC3B00\",\"Value\":1},{\"Key\":\"1939CAFF7135050092073C00\",\"Value\":1},{\"Key\":\"F8CDC9FF3D4E0500CAF13B00\",\"Value\":1},{\"Key\":\"EAA2C9FF215405006E073C00\",\"Value\":1},{\"Key\":\"AE29CAFF6335050067533C00\",\"Value\":1},{\"Key\":\"5A2FCAFF8032050028343C00\",\"Value\":1},{\"Key\":\"73DDC9FF254B050012F43B00\",\"Value\":1},{\"Key\":\"C5BFC1FF6F040600E14F3E00\",\"Value\":1},{\"Key\":\"C808AEFF6FD60500162B5600\",\"Value\":1},{\"Key\":\"2073AEFF43CB0500DC795500\",\"Value\":3},{\"Key\":\"67C6AEFFC2DA0500B3EB5500\",\"Value\":1},{\"Key\":\"E8DCAEFFD8DD050047FE5500\",\"Value\":1},{\"Key\":\"C1CBAEFFFED3050004AE5500\",\"Value\":1},{\"Key\":\"C417AEFF6FD60500CA055600\",\"Value\":1},{\"Key\":\"4A19AEFFAFB905005D095500\",\"Value\":1},{\"Key\":\"491DAEFFC0B30500C0E15400\",\"Value\":1},{\"Key\":\"6D72AEFF2FC205006D335500\",\"Value\":1},{\"Key\":\"DB68AEFFC0B10500F6AF5400\",\"Value\":1},{\"Key\":\"F069AEFF76B305000DC15400\",\"Value\":1},{\"Key\":\"3CADADFF5AAE050065CD5400\",\"Value\":1},{\"Key\":\"9A85AEFF9EB60500E6C65400\",\"Value\":1},{\"Key\":\"C393AEFF3DB80500FDC95400\",\"Value\":1},{\"Key\":\"A08BAEFFB3B30500E8AE5400\",\"Value\":1},{\"Key\":\"88AFAEFF4BB30500EF885400\",\"Value\":1},{\"Key\":\"8AA0AEFFB7B30500899A5400\",\"Value\":1},{\"Key\":\"78AFAEFF28B2050037715400\",\"Value\":1},{\"Key\":\"DECEAEFF74B1050069415400\",\"Value\":1},{\"Key\":\"8ABAAEFFC2A6050072AC5300\",\"Value\":1},{\"Key\":\"7FA9B2FFB5C7050087424F00\",\"Value\":1},{\"Key\":\"96A1B2FF1DC9050004594F00\",\"Value\":1},{\"Key\":\"6DB1B1FF34B90500E2404F00\",\"Value\":1},{\"Key\":\"65CDB1FFA4B705000BF34E00\",\"Value\":1},{\"Key\":\"CC3CB2FF46BF05009C184F00\",\"Value\":1},{\"Key\":\"EEF9B1FF5DBA05007FF94E00\",\"Value\":1},{\"Key\":\"D119B2FFDFBB05008FEB4E00\",\"Value\":1},{\"Key\":\"3ADFB1FF40BA05000B134F00\",\"Value\":1},{\"Key\":\"ABBFBAFF61720500FC0F4100\",\"Value\":1},{\"Key\":\"8BCFBAFFF276050041FF4000\",\"Value\":1},{\"Key\":\"EEF8BAFFB880050054F34000\",\"Value\":1},{\"Key\":\"3217BBFF0388050055F04000\",\"Value\":1},{\"Key\":\"2F0DBBFFCB86050050DA4000\",\"Value\":1},{\"Key\":\"6928BBFF998B05003FEE4000\",\"Value\":1},{\"Key\":\"8D29BBFF418F0500D6D74000\",\"Value\":1},{\"Key\":\"664EBBFF0D960500D9F44000\",\"Value\":1},{\"Key\":\"7FAEC5FFD28E050024823A00\",\"Value\":1},{\"Key\":\"9DA4C5FF539005008D8A3A00\",\"Value\":1},{\"Key\":\"605DC8FFC3750500B8C33900\",\"Value\":1},{\"Key\":\"615DC8FFC4750500B7B33900\",\"Value\":1},{\"Key\":\"FF70C8FF247905001FAF3900\",\"Value\":1},{\"Key\":\"39D1D8FF63610600363C2800\",\"Value\":1},{\"Key\":\"64BAD8FF6361060000542800\",\"Value\":1},{\"Key\":\"81BCD8FF636106009B722900\",\"Value\":1},{\"Key\":\"9376DBFFCE620500770E3000\",\"Value\":1},{\"Key\":\"6E6CDBFF1F630500DD1C3000\",\"Value\":1},{\"Key\":\"8C8ADBFFD06005002D273000\",\"Value\":1},{\"Key\":\"0168DAFF48B4050009E42100\",\"Value\":1},{\"Key\":\"F43ED1FFD3E90500A0DD2D00\",\"Value\":1},{\"Key\":\"DA5CD1FFDFE905005ED62D00\",\"Value\":1},{\"Key\":\"6C13D8FFF3E6050043AC2400\",\"Value\":1},{\"Key\":\"E34ED8FFD3E4050067B92400\",\"Value\":1},{\"Key\":\"6824D8FFA3E60500ADA22400\",\"Value\":1},{\"Key\":\"9926D8FFD4E50500BB952400\",\"Value\":1},{\"Key\":\"1052D8FFDAD40500AF5C2400\",\"Value\":1},{\"Key\":\"1B25D8FFFADE050020612400\",\"Value\":1},{\"Key\":\"35ADD4FF50640600ECEE2A00\",\"Value\":1},{\"Key\":\"4621D5FFB4810600E0132A00\",\"Value\":1},{\"Key\":\"E05FD5FFB481060059EB2900\",\"Value\":1},{\"Key\":\"A368D5FFB4810600D2DA2900\",\"Value\":1},{\"Key\":\"9067D5FFB481060085BC2900\",\"Value\":1},{\"Key\":\"788DD5FFB48106008DB32900\",\"Value\":1},{\"Key\":\"F843DBFFB6A10500E2852200\",\"Value\":1},{\"Key\":\"16F1D8FFF246060087232600\",\"Value\":1},{\"Key\":\"CFF2D8FFE349060064CA1F00\",\"Value\":3},{\"Key\":\"D4E7D8FF3C4906005FD81F00\",\"Value\":1},{\"Key\":\"E561D9FF1731060040DB1F00\",\"Value\":1},{\"Key\":\"21BBD8FFE2C505000FDF2200\",\"Value\":1},{\"Key\":\"C4C7DFFF0A2E0500F2762B00\",\"Value\":1},{\"Key\":\"511BE8FF6D6B0500C3503300\",\"Value\":1},{\"Key\":\"C287E9FFFAB90400115E3E00\",\"Value\":1},{\"Key\":\"4F83E9FF7BB3040015963E00\",\"Value\":1},{\"Key\":\"DAC4E9FFAFBD040088C93E00\",\"Value\":1},{\"Key\":\"57A2E9FF19AC040016123F00\",\"Value\":1},{\"Key\":\"5E62EDFF8E0B0100BBFB4D00\",\"Value\":1},{\"Key\":\"70AEE5FFDD0F0100753C5E00\",\"Value\":1},{\"Key\":\"E4BEE4FFAE28010071665E00\",\"Value\":1},{\"Key\":\"CEF0E5FF6FFD0000BD9A5D00\",\"Value\":1},{\"Key\":\"A0E7E5FFEEFD0000DA865D00\",\"Value\":1},{\"Key\":\"CC1AE7FF295B0100288D5B00\",\"Value\":1},{\"Key\":\"6783E7FFB93A010071F05A00\",\"Value\":3},{\"Key\":\"2E69E7FF1D3B010092E25A00\",\"Value\":1},{\"Key\":\"D568E7FF8E420100A5FD5A00\",\"Value\":1},{\"Key\":\"F673E7FFE84301001D085B00\",\"Value\":1},{\"Key\":\"C876E7FFB743010007115B00\",\"Value\":1},{\"Key\":\"5C62E7FF9A440100DA115B00\",\"Value\":1},{\"Key\":\"F647E7FF2C560100F96C5B00\",\"Value\":1},{\"Key\":\"8A2CE7FF98570100346F5B00\",\"Value\":1},{\"Key\":\"8787E7FFB2420100CE125B00\",\"Value\":1},{\"Key\":\"B61DE7FF7658010087815B00\",\"Value\":1},{\"Key\":\"5E93E7FFAA3C0100F4015B00\",\"Value\":1},{\"Key\":\"FE94E7FF0A3001007DA15A00\",\"Value\":1},{\"Key\":\"5584E7FF6731010064CB5A00\",\"Value\":1},{\"Key\":\"DA80E7FFF5310100D0A05A00\",\"Value\":1},{\"Key\":\"DF84E7FF9F31010062985A00\",\"Value\":1},{\"Key\":\"7D7DE6FF9366010041845B00\",\"Value\":1},{\"Key\":\"BACAD2FF653705007A4E5800\",\"Value\":1},{\"Key\":\"6AD4D2FFE03A0500A3635800\",\"Value\":1},{\"Key\":\"92BED2FF8B3E05002D615800\",\"Value\":1},{\"Key\":\"23E6D2FFF9390500FE6F5800\",\"Value\":1},{\"Key\":\"064FD2FFA7560500E9625800\",\"Value\":1},{\"Key\":\"9E2FD2FF6F5805001B525800\",\"Value\":1},{\"Key\":\"B81BD1FF698C0500EC755800\",\"Value\":1},{\"Key\":\"8A33D1FFFF880500FB705800\",\"Value\":1},{\"Key\":\"F903D1FF58900500457E5800\",\"Value\":1},{\"Key\":\"2F09D1FF2B8C05005A6B5800\",\"Value\":1},{\"Key\":\"041CD1FF96870500715C5800\",\"Value\":1},{\"Key\":\"01C1D0FFB693050084695800\",\"Value\":1},{\"Key\":\"0B6FCEFF5BC7050009435900\",\"Value\":1},{\"Key\":\"FDD0CDFF3ACA05009B585900\",\"Value\":1},{\"Key\":\"04F3CDFF01C90500A9565900\",\"Value\":1},{\"Key\":\"7C5CAEFF6FD60500A92B5600\",\"Value\":1},{\"Key\":\"5657AEFF6FD6050050135600\",\"Value\":1},{\"Key\":\"6D49AEFF6FD6050023105600\",\"Value\":1},{\"Key\":\"C371AEFF1BD805002C465600\",\"Value\":1},{\"Key\":\"F30FAEFF6FD60500CA5A5600\",\"Value\":1},{\"Key\":\"D3E4ADFF6FD6050072575600\",\"Value\":1},{\"Key\":\"BFEFADFF6FD605006B645600\",\"Value\":1},{\"Key\":\"9BE1C4FF7913060019745700\",\"Value\":1},{\"Key\":\"1970C4FF2C120600D26A5700\",\"Value\":1},{\"Key\":\"1B7DC4FF79130600955B5700\",\"Value\":1},{\"Key\":\"1BB5C3FFE6020600EC385700\",\"Value\":1},{\"Key\":\"53A6C3FF9AFF0500624C5700\",\"Value\":1},{\"Key\":\"9196C3FFA7FC0500553D5700\",\"Value\":1},{\"Key\":\"35DDC2FFCDCE050039425600\",\"Value\":1},{\"Key\":\"603EBDFF036D0500A8E65300\",\"Value\":1},{\"Key\":\"3956BDFF7379050066C85300\",\"Value\":1},{\"Key\":\"D302B7FF44070600F04E5000\",\"Value\":1},{\"Key\":\"98BAB6FF44070600C4315000\",\"Value\":1},{\"Key\":\"218DB1FF3D7A0500486F4C00\",\"Value\":1},{\"Key\":\"2C1DB9FFB70D0300123A2200\",\"Value\":1},{\"Key\":\"3E08B9FF090E030073502200\",\"Value\":1},{\"Key\":\"90F2B8FFB10D030073332200\",\"Value\":1},{\"Key\":\"91F5B8FFC60D03004A462200\",\"Value\":1},{\"Key\":\"89F1B8FF130E03002C622200\",\"Value\":1},{\"Key\":\"84DEB8FFC00D030048472200\",\"Value\":1},{\"Key\":\"4C01DBFFBCB00500CC642000\",\"Value\":1},{\"Key\":\"6656DAFFFEB80500CB9E2400\",\"Value\":1},{\"Key\":\"2466D8FF7CE80500250C2500\",\"Value\":1},{\"Key\":\"EA7CD8FFC8E705001F0B2500\",\"Value\":1},{\"Key\":\"2177D8FFC8E90500CB1F2500\",\"Value\":1},{\"Key\":\"484BD8FF10EE050086272500\",\"Value\":1},{\"Key\":\"7E38D9FFD205060015842500\",\"Value\":1},{\"Key\":\"9A28D9FF77040600DD772500\",\"Value\":1},{\"Key\":\"8138D9FFF5FE0500ED5D2500\",\"Value\":1},{\"Key\":\"0F36D9FF38FA0500B8462500\",\"Value\":1},{\"Key\":\"B913D9FFBD030600E2712500\",\"Value\":1},{\"Key\":\"9611D9FFF80906001D8D2500\",\"Value\":1},{\"Key\":\"DBFCD8FFB9060600377D2500\",\"Value\":1},{\"Key\":\"43FED8FF6C02060004702500\",\"Value\":1},{\"Key\":\"C723D9FF86FE0500FD5B2500\",\"Value\":1},{\"Key\":\"2C38D9FF48E60500F2E02400\",\"Value\":1},{\"Key\":\"BA37D9FF9EE405009BD72400\",\"Value\":1},{\"Key\":\"3573B8FFCDDD060040610000\",\"Value\":1},{\"Key\":\"3665D8FF81FD05002D632500\",\"Value\":1},{\"Key\":\"E37BD9FFB2010600DC8E2500\",\"Value\":1},{\"Key\":\"868BD9FFB50106005B9B2500\",\"Value\":3},{\"Key\":\"690ADAFF721E060069CD2600\",\"Value\":3},{\"Key\":\"0DF3D9FF164E0600D5252700\",\"Value\":1},{\"Key\":\"D6EED9FFEC5106004E5B2700\",\"Value\":1},{\"Key\":\"A571D7FF7A2B0600FD812500\",\"Value\":3},{\"Key\":\"DB68D6FF76F0050050F52300\",\"Value\":3},{\"Key\":\"326DD9FF4129060068192600\",\"Value\":1},{\"Key\":\"3FC0D9FF7DC50500B7332400\",\"Value\":1},{\"Key\":\"4EB1D8FFFB53060034602600\",\"Value\":1},{\"Key\":\"6BE9D9FFD94F0600017A2700\",\"Value\":1},{\"Key\":\"0E84D9FF12D00500D15B2400\",\"Value\":1},{\"Key\":\"E9E8D9FF6B5206002D9A2700\",\"Value\":1},{\"Key\":\"60F7D8FF2C56060050862600\",\"Value\":1},{\"Key\":\"2A03D9FF615F0600C81A2700\",\"Value\":1},{\"Key\":\"A912D9FF935B06003F042700\",\"Value\":1},{\"Key\":\"2104D9FFB35C0600F3042700\",\"Value\":1},{\"Key\":\"D2FBD8FF2F580600F6D72600\",\"Value\":1},{\"Key\":\"A6FED8FF65570600AAC42600\",\"Value\":1},{\"Key\":\"82FED8FF26570600A1A12600\",\"Value\":1},{\"Key\":\"2075D9FF21D2050055672400\",\"Value\":1},{\"Key\":\"9ED6D8FFBC53060096622600\",\"Value\":1},{\"Key\":\"CAE9D7FFB6150600D7792500\",\"Value\":1},{\"Key\":\"63C5D7FFEC2306002F912500\",\"Value\":1},{\"Key\":\"8810D8FFE967060007E31F00\",\"Value\":1},{\"Key\":\"3ECCD6FFB50E060053902400\",\"Value\":1},{\"Key\":\"FBCFD8FFDBC605002F662300\",\"Value\":1},{\"Key\":\"3E41D6FF0B21060086592400\",\"Value\":1},{\"Key\":\"8FC9DAFF16B60500BF2C2500\",\"Value\":1},{\"Key\":\"FF97DCFF5AB805007A462500\",\"Value\":1},{\"Key\":\"B8C0DCFFEBB90500E3A32400\",\"Value\":1},{\"Key\":\"73CBD7FFC6D00500FB1A2300\",\"Value\":1},{\"Key\":\"4E9EDCFF99B40500E9AA2400\",\"Value\":1},{\"Key\":\"D5FDDCFFB2BE0500F3362500\",\"Value\":1},{\"Key\":\"C3A4DCFF03B705007AC32400\",\"Value\":1},{\"Key\":\"8FB9DCFF6AB8050063C52400\",\"Value\":1},{\"Key\":\"0871B8FFC7D40600337E0000\",\"Value\":1},{\"Key\":\"C752D8FF14680600568E1F00\",\"Value\":1},{\"Key\":\"B64DD6FFA50B060056272400\",\"Value\":1},{\"Key\":\"2765D7FFB7550600AC222600\",\"Value\":1},{\"Key\":\"7AA6D9FF71CC0500CD732100\",\"Value\":1},{\"Key\":\"3126D6FFB7010600FFB22300\",\"Value\":3},{\"Key\":\"BF7BD8FF31D205006E9D2200\",\"Value\":1},{\"Key\":\"B765D8FF66D3050017AE2200\",\"Value\":1},{\"Key\":\"1A2AD6FFC3FB0500409C2300\",\"Value\":1},{\"Key\":\"7095DAFF70B405003A1A2100\",\"Value\":1},{\"Key\":\"C70CD7FF3FF20500F2F62200\",\"Value\":1},{\"Key\":\"C3FBD6FFE4F70500B7F02200\",\"Value\":1},{\"Key\":\"AB4CD6FF39170600BF442400\",\"Value\":1},{\"Key\":\"E6D7D6FFD40C06002B932400\",\"Value\":1},{\"Key\":\"5BC3D6FFFD090600CF802400\",\"Value\":1},{\"Key\":\"E950D6FF03F90500D10E2300\",\"Value\":1},{\"Key\":\"2A51D6FFADF605000C162300\",\"Value\":1},{\"Key\":\"B7C2D6FF491A060073A72400\",\"Value\":1},{\"Key\":\"47D2DAFFBCB00500A2712000\",\"Value\":1},{\"Key\":\"3600D9FFFE5A060052F62600\",\"Value\":1},{\"Key\":\"B0CADAFFBCB0050070862000\",\"Value\":1},{\"Key\":\"466FD5FFA53D060093DE2100\",\"Value\":1},{\"Key\":\"64B5D5FF7B3D060065C22100\",\"Value\":1},{\"Key\":\"0DCBD5FF843D060038CA2100\",\"Value\":1},{\"Key\":\"A76AD5FFAF3D060089EF2100\",\"Value\":1},{\"Key\":\"DA58D5FF773F0600DDE42100\",\"Value\":1},{\"Key\":\"35E4D6FFF90806001D9D2200\",\"Value\":1},{\"Key\":\"3F20D7FFA3F7050084BF2200\",\"Value\":1},{\"Key\":\"7F0FD7FF65FE05003EAF2200\",\"Value\":1},{\"Key\":\"C0EBD8FFEAC10500BCD42200\",\"Value\":3},{\"Key\":\"AF4AD5FFA432060056352300\",\"Value\":1},{\"Key\":\"0011D5FF6D330600095E2300\",\"Value\":1},{\"Key\":\"F28FD8FF34C80500EFF42200\",\"Value\":1},{\"Key\":\"B5A4D8FF8FC50500C4F92200\",\"Value\":1},{\"Key\":\"E2FDD8FF5F430600411B2600\",\"Value\":1},{\"Key\":\"FC3CDBFF76AC0500D7912300\",\"Value\":1},{\"Key\":\"5E4DDBFF59A605005F952300\",\"Value\":1},{\"Key\":\"9D2FDBFFFCA0050053E92300\",\"Value\":1},{\"Key\":\"BA20DBFF83A405000CF12300\",\"Value\":1},{\"Key\":\"54D3D6FF1907060062BD2200\",\"Value\":1},{\"Key\":\"A6C1D6FF360C0600CAAD2200\",\"Value\":1},{\"Key\":\"4FC0D6FF8C0F0600A9972200\",\"Value\":1},{\"Key\":\"BC70D9FF4CBC0500EBAD2200\",\"Value\":1},{\"Key\":\"5A82D9FF8ABB05009BAA2200\",\"Value\":1},{\"Key\":\"0FF0D8FFD4DF0500F3B82400\",\"Value\":1},{\"Key\":\"3095DAFF18B3050012102100\",\"Value\":1},{\"Key\":\"0225D5FFB9380600C60E2400\",\"Value\":3},{\"Key\":\"71A4DBFF5EA90500F8AD2200\",\"Value\":1},{\"Key\":\"BD5ED9FFB9C00500C0752200\",\"Value\":1},{\"Key\":\"FEE4D5FF9F2806000D102400\",\"Value\":3},{\"Key\":\"EC42DEFFBC20060084E92600\",\"Value\":1},{\"Key\":\"2795DAFF2BB605005C452100\",\"Value\":1},{\"Key\":\"538DD5FF434506004DD62400\",\"Value\":1},{\"Key\":\"DD76D5FF714D0600FBEA2400\",\"Value\":1},{\"Key\":\"11E8D9FF49CD0500B31B2100\",\"Value\":1},{\"Key\":\"C7CED9FF25BB0500B05B2200\",\"Value\":1},{\"Key\":\"019CD6FF421706003A882200\",\"Value\":1},{\"Key\":\"1DD1D9FFA3D0050064202100\",\"Value\":1},{\"Key\":\"D274D9FF6B3406004CBC1F00\",\"Value\":3},{\"Key\":\"7813DAFFA2F60500052F2000\",\"Value\":1},{\"Key\":\"5A28DAFFF3E20500DF622000\",\"Value\":1},{\"Key\":\"523FDAFF8BDF05002E592000\",\"Value\":1},{\"Key\":\"7C95D9FF1E170600540C2000\",\"Value\":1},{\"Key\":\"B41CDAFF9DEE050046422000\",\"Value\":1},{\"Key\":\"E283D9FF051F060035092000\",\"Value\":1},{\"Key\":\"E3FED9FF1E060600CC182000\",\"Value\":1},{\"Key\":\"986FD9FF50390600E7AB1F00\",\"Value\":1},{\"Key\":\"6647DAFFD51D0600E77B1F00\",\"Value\":1},{\"Key\":\"D43AD9FF6B4B0600D2871F00\",\"Value\":1},{\"Key\":\"FB9DD6FF8B21060088A62400\",\"Value\":1},{\"Key\":\"655CD9FFBA5F060044F91E00\",\"Value\":3},{\"Key\":\"C5D9D8FFDD48060093242600\",\"Value\":1},{\"Key\":\"B95CD9FFF147060036851F00\",\"Value\":1},{\"Key\":\"E1A9DAFF98B40500FA452100\",\"Value\":1},{\"Key\":\"D125D9FFE35A0600F8221F00\",\"Value\":1},{\"Key\":\"4608DAFFAFBE0500EF882100\",\"Value\":1},{\"Key\":\"41BDDAFF73B5050027532600\",\"Value\":1},{\"Key\":\"61DED9FF805C06003CEA2800\",\"Value\":1},{\"Key\":\"5CDCDAFFE4B60500B46E2600\",\"Value\":1},{\"Key\":\"C7F1DAFF08A8050010412200\",\"Value\":1},{\"Key\":\"EEF3DAFF6BA80500B14C2200\",\"Value\":1},{\"Key\":\"B502DBFFFEA60500D1472200\",\"Value\":1},{\"Key\":\"1E11DBFFB7A505005D4B2200\",\"Value\":1},{\"Key\":\"2F20DBFF00A405000F552200\",\"Value\":1},{\"Key\":\"3631DBFFF19F0500EB4D2200\",\"Value\":1},{\"Key\":\"FBE7D8FFE665060094011F00\",\"Value\":1},{\"Key\":\"4F75D6FF211F060088742200\",\"Value\":1},{\"Key\":\"366FD9FF145106001C281F00\",\"Value\":1},{\"Key\":\"A49BD9FF9964060094FB1E00\",\"Value\":1},{\"Key\":\"F0D7D8FF6FE20500ABB52100\",\"Value\":1},{\"Key\":\"2FEAD8FF3CDC050068DA2100\",\"Value\":1},{\"Key\":\"08FDD8FFB3DA0500C9D92100\",\"Value\":1},{\"Key\":\"7ED8D8FF33E505003BA32100\",\"Value\":1},{\"Key\":\"AD3CD6FF822A06004B582200\",\"Value\":1},{\"Key\":\"6F3BD6FF682C0600E3462200\",\"Value\":1},{\"Key\":\"CB2BD6FFD62E0600BD432200\",\"Value\":1},{\"Key\":\"CADFDAFF11B60500217B2600\",\"Value\":1},{\"Key\":\"D18AD6FFEC290600A7B92400\",\"Value\":1},{\"Key\":\"9409DAFF3CBA0500E6AC2100\",\"Value\":1},{\"Key\":\"0FE8DCFFD3B9050067C62400\",\"Value\":1},{\"Key\":\"6706DAFF73390600F04F1F00\",\"Value\":3},{\"Key\":\"1EFCD9FF9E6A0600DBF21E00\",\"Value\":1},{\"Key\":\"69E7D9FF996B060014F51E00\",\"Value\":1},{\"Key\":\"76DADCFFADB9050089CD2400\",\"Value\":1},{\"Key\":\"2DDBDCFFB9BA0500A0CD2400\",\"Value\":1},{\"Key\":\"BDE2DCFF1ABA050065D72400\",\"Value\":1},{\"Key\":\"6AE6DCFF35B905009CD42400\",\"Value\":1},{\"Key\":\"14E7DCFF4DBA050049E22400\",\"Value\":1},{\"Key\":\"94E4DCFFEFB7050017EA2400\",\"Value\":1},{\"Key\":\"A085DBFF0AA7050085262300\",\"Value\":1},{\"Key\":\"C214D9FF7373060030841E00\",\"Value\":3},{\"Key\":\"B350D9FFFE1A06009D4B2000\",\"Value\":1},{\"Key\":\"BE5DD9FF4421060036252000\",\"Value\":1},{\"Key\":\"1C67DBFFB5AB05003F2C2300\",\"Value\":1},{\"Key\":\"C47BDBFF13A6050014302300\",\"Value\":1},{\"Key\":\"5074DBFF11A8050035212300\",\"Value\":1},{\"Key\":\"A085DBFFB2A20500323F2300\",\"Value\":1},{\"Key\":\"A98DDBFFB4A70500B7322300\",\"Value\":1},{\"Key\":\"7D8DDBFF22A1050033492300\",\"Value\":1},{\"Key\":\"4970DBFF9D9D05000D7D2300\",\"Value\":1},{\"Key\":\"331DDBFFADA50500D56B2200\",\"Value\":1},{\"Key\":\"982CDBFF41A40500EF712200\",\"Value\":1},{\"Key\":\"E5F8DAFF5CA70500F2392200\",\"Value\":1},{\"Key\":\"4CFCDAFF0AA70500D42B2200\",\"Value\":1},{\"Key\":\"8E0BDBFFAEA5050021382200\",\"Value\":1},{\"Key\":\"C89AD9FFCA6806002AEE1E00\",\"Value\":3},{\"Key\":\"017CD8FF04680600EF571F00\",\"Value\":1},{\"Key\":\"3E1CDAFF9763060068F71E00\",\"Value\":1},{\"Key\":\"6D1ADAFF61560600C50D1F00\",\"Value\":1},{\"Key\":\"1EDCDAFFA8B7050057592600\",\"Value\":1},{\"Key\":\"C8F3DAFF749E05004F0F2700\",\"Value\":1},{\"Key\":\"94E6DAFF0EB40500BFB32600\",\"Value\":1},{\"Key\":\"75D1DAFFB4B30500E8C82600\",\"Value\":1},{\"Key\":\"E2E4D7FF3D6E060048E21F00\",\"Value\":1},{\"Key\":\"EFB2DAFF714E060006D71E00\",\"Value\":1},{\"Key\":\"9E4BDBFF4BAB050035832300\",\"Value\":1},{\"Key\":\"BAD2DAFF26B305004CB42000\",\"Value\":1},{\"Key\":\"25D4DAFF97B1050057A32000\",\"Value\":1},{\"Key\":\"2713DBFFD3B305008E9E2000\",\"Value\":1},{\"Key\":\"64ABDAFF61BA0500782C2500\",\"Value\":1},{\"Key\":\"DE27DAFFE911060063B61F00\",\"Value\":1},{\"Key\":\"CE2FDAFF9C0C0600F0C11F00\",\"Value\":1},{\"Key\":\"16AAD9FF45CD05008E662100\",\"Value\":1},{\"Key\":\"3968D9FF149C06005E201E00\",\"Value\":1},{\"Key\":\"8B79D7FFB75E0600DC5F1E00\",\"Value\":1},{\"Key\":\"6278D7FF4372060017F41E00\",\"Value\":1},{\"Key\":\"8776D5FF7A5B060091242100\",\"Value\":1},{\"Key\":\"B297D9FF72C305002C292200\",\"Value\":1},{\"Key\":\"2D7CD9FF92C605001E1E2200\",\"Value\":1},{\"Key\":\"0CAAD9FF48C6050001C92100\",\"Value\":1},{\"Key\":\"B7E1D9FFCEBD050027C52100\",\"Value\":1},{\"Key\":\"ADF5D9FFD7B9050037D42100\",\"Value\":1},{\"Key\":\"007EDAFF3FB305006C912100\",\"Value\":1},{\"Key\":\"04ABD9FF47760600EEB71E00\",\"Value\":1},{\"Key\":\"339BD9FFE175060028B71E00\",\"Value\":1},{\"Key\":\"D87EDAFF52B20500848E2000\",\"Value\":1},{\"Key\":\"B3BBD9FF927606006B871E00\",\"Value\":1},{\"Key\":\"04A9D9FFF26B0600A2EC1E00\",\"Value\":1},{\"Key\":\"F963D7FFEB500600620E2600\",\"Value\":1},{\"Key\":\"4F53DAFFF5C60500049B2000\",\"Value\":1},{\"Key\":\"456CDAFF87B905009B982000\",\"Value\":1},{\"Key\":\"D769DAFFC4D605008A4E2000\",\"Value\":1},{\"Key\":\"1130DAFFC1BD0500FC562100\",\"Value\":1},{\"Key\":\"5F68DAFF0BB605000D0E2100\",\"Value\":1},{\"Key\":\"E27CDAFF61B60500AA202100\",\"Value\":1},{\"Key\":\"33B1BAFFD72208002471F5FF\",\"Value\":1},{\"Key\":\"6539D8FFD35F0600CEF11F00\",\"Value\":1},{\"Key\":\"5803DBFFBDA7050053692200\",\"Value\":1},{\"Key\":\"744FD8FFCA55060087212000\",\"Value\":1},{\"Key\":\"7B43DAFF8CB40500B5B62100\",\"Value\":1},{\"Key\":\"A1C8DAFF39B10500CB282200\",\"Value\":1},{\"Key\":\"5A11DBFF5CA6050026602200\",\"Value\":1},{\"Key\":\"EEA8DAFF266E0600B69F1E00\",\"Value\":1},{\"Key\":\"0493DAFF6B740600ED8A1E00\",\"Value\":1},{\"Key\":\"1B67DBFF27AB0500B3192300\",\"Value\":1},{\"Key\":\"F16EDAFF12060600A1AC1F00\",\"Value\":1},{\"Key\":\"0194DAFF911306001B6E1F00\",\"Value\":1},{\"Key\":\"F9DBDAFF33B00500E1CD2400\",\"Value\":1},{\"Key\":\"4CFCDAFFE3A70500925A2200\",\"Value\":1},{\"Key\":\"3341DAFF2DB60500889F2100\",\"Value\":1},{\"Key\":\"9A30DAFFC3B70500FD982100\",\"Value\":1},{\"Key\":\"8E2EDAFF38B90500FB8D2100\",\"Value\":1},{\"Key\":\"A408DAFF25C00500717B2100\",\"Value\":1},{\"Key\":\"C7F4D9FF4AC2050087782100\",\"Value\":1},{\"Key\":\"CBF5D9FF25C705005A3B2100\",\"Value\":1},{\"Key\":\"7AF5D9FFB6C80500F12E2100\",\"Value\":1},{\"Key\":\"E669D9FF80140600914F2000\",\"Value\":1},{\"Key\":\"31E8DAFFECB90500D0122600\",\"Value\":1},{\"Key\":\"E0E1DAFF53BB05000CF82500\",\"Value\":1},{\"Key\":\"53E1DAFFECBA05005EFD2500\",\"Value\":1},{\"Key\":\"7927D9FF77310600D40D2000\",\"Value\":1},{\"Key\":\"0915D9FF2738060041022000\",\"Value\":1},{\"Key\":\"836FD9FFEE150600D0442000\",\"Value\":1},{\"Key\":\"DEA9D8FF1D4E060014FA1F00\",\"Value\":1},{\"Key\":\"7BD3D8FFEA4C0600B9D71F00\",\"Value\":1},{\"Key\":\"7B93D8FF675006007E022000\",\"Value\":1},{\"Key\":\"0D90D8FF00540600E5EF1F00\",\"Value\":1},{\"Key\":\"AB93D8FF095706007DD71F00\",\"Value\":1},{\"Key\":\"1566D8FF235D06002BD91F00\",\"Value\":1},{\"Key\":\"977ED8FF105D0600E5C11F00\",\"Value\":1},{\"Key\":\"F0B5D7FF43720600A2501F00\",\"Value\":3},{\"Key\":\"E323D9FF15370600EFF61F00\",\"Value\":1},{\"Key\":\"D5F8D7FF4372060060871F00\",\"Value\":1},{\"Key\":\"C2BED9FF92D405003A1A2100\",\"Value\":1},{\"Key\":\"1D66D8FFF1650600E08C1F00\",\"Value\":1},{\"Key\":\"3225D8FFC35A0600002A2000\",\"Value\":3},{\"Key\":\"5865D8FF3C43060059702000\",\"Value\":1},{\"Key\":\"F4A7D8FFB81B0600A6D92000\",\"Value\":1},{\"Key\":\"8BCFD8FFE30706006C0B2100\",\"Value\":1},{\"Key\":\"0F5DD9FFEADB0500A7682100\",\"Value\":1},{\"Key\":\"3484D9FFA2D60500DE562100\",\"Value\":1},{\"Key\":\"7FD1D9FF48C30500C1982100\",\"Value\":1},{\"Key\":\"3FBDD6FF2B59060010831D00\",\"Value\":1},{\"Key\":\"C4EDDCFFBFBC05007A862400\",\"Value\":1},{\"Key\":\"8CE9DCFFFEBB05006F982400\",\"Value\":1},{\"Key\":\"EA66DDFFFEB80500BD382400\",\"Value\":1},{\"Key\":\"9962DDFFFEB80500EB4C2400\",\"Value\":1},{\"Key\":\"D62BDDFF09BB0500270F2400\",\"Value\":1},{\"Key\":\"CB2DDDFF79B9050008202400\",\"Value\":1},{\"Key\":\"7A41DDFFFEB8050062262400\",\"Value\":1},{\"Key\":\"D041DDFF79B90500F4112400\",\"Value\":1},{\"Key\":\"B11CDDFFF9B90500F9072400\",\"Value\":1},{\"Key\":\"AA06DDFF14B705001A0E2400\",\"Value\":1},{\"Key\":\"0AE4DCFF1BB10500D3E12300\",\"Value\":1},{\"Key\":\"9EC1DBFFA59E0500B2612300\",\"Value\":1},{\"Key\":\"E6FAD8FF3644060075E01F00\",\"Value\":1},{\"Key\":\"BE8AD5FFF54C0600E1F82400\",\"Value\":1},{\"Key\":\"3B3ED6FF1520060077532400\",\"Value\":1},{\"Key\":\"7ECFD8FF0A20060055BC2500\",\"Value\":1},{\"Key\":\"27BAD8FFACE7050010252500\",\"Value\":1},{\"Key\":\"7CCFD8FF5CE9050028262500\",\"Value\":1},{\"Key\":\"F4E4D8FFC7EF0500A83B2500\",\"Value\":1},{\"Key\":\"17D4D8FF4BEF050060422500\",\"Value\":1},{\"Key\":\"3D2BD6FFB928060099662400\",\"Value\":1},{\"Key\":\"4A3DD6FFB5090600A90E2400\",\"Value\":1},{\"Key\":\"E1A7D5FFB82B0600B58A2300\",\"Value\":1},{\"Key\":\"0615D6FF640706005FA42300\",\"Value\":1},{\"Key\":\"9264D8FF2DE305007EBD2400\",\"Value\":1},{\"Key\":\"97DCD5FF5F2B060049182400\",\"Value\":1},{\"Key\":\"4DC9D5FF46310600995C2400\",\"Value\":1},{\"Key\":\"F23AD6FFBDF60500221E2300\",\"Value\":1},{\"Key\":\"12B6D5FFD532060014962400\",\"Value\":1},{\"Key\":\"F328D6FF80F7050053332300\",\"Value\":1},{\"Key\":\"F537D5FFAB360600CC1E2400\",\"Value\":1},{\"Key\":\"92B7D5FF46310600D2652400\",\"Value\":1},{\"Key\":\"0B18D6FFCDFC0500243C2300\",\"Value\":1},{\"Key\":\"0419D6FF20FD0500A8352300\",\"Value\":1},{\"Key\":\"0233D5FF35330600DCEF2300\",\"Value\":1},{\"Key\":\"07A8D5FF3D330600D2922400\",\"Value\":1},{\"Key\":\"EB2CD6FF81FD0500BB0F2300\",\"Value\":1},{\"Key\":\"5637D5FF4631060077AF2300\",\"Value\":1},{\"Key\":\"F229D6FFDB0E06008CDD2200\",\"Value\":1},{\"Key\":\"7510D5FF24340600CEAA2300\",\"Value\":1},{\"Key\":\"3F20D5FFF43206003F522300\",\"Value\":1},{\"Key\":\"6ECAD5FF35230600220E2300\",\"Value\":1},{\"Key\":\"9CDBD5FF6E2306001FE52200\",\"Value\":1},{\"Key\":\"2E03D6FF64270600E3A42200\",\"Value\":1},{\"Key\":\"510ED8FFC0E505008B7B2400\",\"Value\":1},{\"Key\":\"D5F8D7FFF3E60500D7902400\",\"Value\":1},{\"Key\":\"A315DBFF3BB605004B582600\",\"Value\":1},{\"Key\":\"BEA9DAFF1BB40500A5302100\",\"Value\":1},{\"Key\":\"CFA7DAFFEEB305008E202100\",\"Value\":1},{\"Key\":\"1641DAFF5CCA0500AF982000\",\"Value\":1},{\"Key\":\"943CDAFFC0D1050054882000\",\"Value\":1},{\"Key\":\"1E70D9FFC9CE0500D3362400\",\"Value\":1},{\"Key\":\"8384D9FF78CD05003C192400\",\"Value\":1},{\"Key\":\"4C67D9FF1AD705007D942400\",\"Value\":1},{\"Key\":\"1A53D9FFB8D80500B1952400\",\"Value\":1},{\"Key\":\"C44DD9FF55DB050035A62400\",\"Value\":1},{\"Key\":\"07CED7FF0F0E0600E34F2500\",\"Value\":1},{\"Key\":\"D7E1D7FFA50D0600215E2500\",\"Value\":1},{\"Key\":\"F955D9FF713A060045442600\",\"Value\":1},{\"Key\":\"B4CAD5FF437206008B711F00\",\"Value\":1},{\"Key\":\"2DC5D9FF04200600BF6E2600\",\"Value\":1},{\"Key\":\"54D7D9FF29190600476F2600\",\"Value\":1},{\"Key\":\"4BDAD9FFBD1A060085772600\",\"Value\":1},{\"Key\":\"B6D8D9FFBE2106009D8C2600\",\"Value\":1},{\"Key\":\"4CE7D9FFBA150600DD7A2600\",\"Value\":1},{\"Key\":\"1F3EDAFF0FD1050005422600\",\"Value\":1},{\"Key\":\"C06FDAFF93BC0500DF362600\",\"Value\":1},{\"Key\":\"CE52DAFFB3C40500732B2600\",\"Value\":1},{\"Key\":\"AE92DAFFF9B9050075A92500\",\"Value\":1},{\"Key\":\"B57DDAFF1BB905001C952500\",\"Value\":1},{\"Key\":\"787DDAFFC7B805001CAA2500\",\"Value\":1},{\"Key\":\"FC82DAFF91B905001E832500\",\"Value\":1},{\"Key\":\"B0A0DAFF81B8050041902500\",\"Value\":1},{\"Key\":\"3654DAFFA1C60500F73C2600\",\"Value\":1},{\"Key\":\"53BDDAFF71B805004E7B2500\",\"Value\":1},{\"Key\":\"EEA2DAFF65B8050071792500\",\"Value\":1},{\"Key\":\"22DEDAFF47B7050045D72500\",\"Value\":1},{\"Key\":\"5FCADAFF82B9050080CF2500\",\"Value\":1},{\"Key\":\"6ABDDAFF32BA05003EBB2500\",\"Value\":1},{\"Key\":\"0749D9FF983A06005A3D2600\",\"Value\":1},{\"Key\":\"9621D5FF906C0600B5992000\",\"Value\":1},{\"Key\":\"DDE2D9FF09BD0500D8952400\",\"Value\":1},{\"Key\":\"35BCD9FFDACC0500F4CF2400\",\"Value\":1},{\"Key\":\"91A9D9FFF7D70500D6E92400\",\"Value\":1},{\"Key\":\"F66FD9FF35F80500A3482500\",\"Value\":1},{\"Key\":\"234BD9FFB5020600B7792500\",\"Value\":1},{\"Key\":\"6915D9FF49190600C6BE2500\",\"Value\":1},{\"Key\":\"CA75D8FF8057060042882600\",\"Value\":3},{\"Key\":\"D2FED8FFF920060009C62500\",\"Value\":1},{\"Key\":\"50E8D9FF34C105007BE12400\",\"Value\":3},{\"Key\":\"4DF6D4FF376C0600FB382000\",\"Value\":1},{\"Key\":\"3B4AD5FF43720600B8851F00\",\"Value\":1},{\"Key\":\"8F11DAFF63BB0500A3FA2400\",\"Value\":1},{\"Key\":\"B7F6D9FFB3C10500F1FD2400\",\"Value\":1},{\"Key\":\"0FE7D9FFB9C605000CFE2400\",\"Value\":3},{\"Key\":\"4610D9FFA23E0600DF142600\",\"Value\":1},{\"Key\":\"C7FED8FFFD39060053FF2500\",\"Value\":1},{\"Key\":\"1CD7D8FFB54E060052402600\",\"Value\":1},{\"Key\":\"D202D8FF2355060057622600\",\"Value\":3},{\"Key\":\"F423D8FFD157060020952600\",\"Value\":1},{\"Key\":\"B9B4D8FF6D5606003B7D2600\",\"Value\":1},{\"Key\":\"C114D8FF6B5906000CA22600\",\"Value\":1},{\"Key\":\"4752D8FF5A4E06005C262600\",\"Value\":1},{\"Key\":\"E656D9FF8D4E06000BA22600\",\"Value\":1},{\"Key\":\"405CD9FF0F51060034BB2600\",\"Value\":3},{\"Key\":\"C56FD9FFD44E060066C42600\",\"Value\":1},{\"Key\":\"2643D9FF6555060024CD2600\",\"Value\":1},{\"Key\":\"8E5DD9FFFE5206007DD12600\",\"Value\":1},{\"Key\":\"5E3CD9FF475C0600042E2700\",\"Value\":1},{\"Key\":\"2A55D9FF2C560600D4EF2600\",\"Value\":1},{\"Key\":\"AF66D9FFE2560600C8102700\",\"Value\":1},{\"Key\":\"45C4D8FF8C4F0600D1402600\",\"Value\":1},{\"Key\":\"47DAD8FFB143060033112600\",\"Value\":1},{\"Key\":\"78CFD9FF66C60500E0742100\",\"Value\":1},{\"Key\":\"A2BDD9FFF8C805003E732100\",\"Value\":1},{\"Key\":\"1884D9FFC6DA05004B3A2100\",\"Value\":1},{\"Key\":\"C4FED8FF4C480600662F2600\",\"Value\":1},{\"Key\":\"745ED9FFA8C6050043762300\",\"Value\":1},{\"Key\":\"80E3D6FF43720600BD502000\",\"Value\":1},{\"Key\":\"868FD8FF5F09060003332100\",\"Value\":1},{\"Key\":\"999DD8FFDEF10500638D2100\",\"Value\":1},{\"Key\":\"818AD8FF9AE00500C2FB2100\",\"Value\":1},{\"Key\":\"D37AD8FF76D4050008892200\",\"Value\":1},{\"Key\":\"B990D8FF8DD205007B882200\",\"Value\":1},{\"Key\":\"3077D8FF5ACE0500B1CE2200\",\"Value\":1},{\"Key\":\"7F90D8FF8CC50500E8112300\",\"Value\":1},{\"Key\":\"A5FAD8FFCAC70500E44F2300\",\"Value\":1},{\"Key\":\"2910D9FF1BC8050092572300\",\"Value\":1},{\"Key\":\"8624D9FFE4C90500FA7F2300\",\"Value\":1},{\"Key\":\"B54DD9FFEAC905001D952300\",\"Value\":1},{\"Key\":\"6B70D9FFEFCA0500DCC32300\",\"Value\":1},{\"Key\":\"6683D9FFFCD205006B8A2400\",\"Value\":1},{\"Key\":\"DE6FD9FFD3D80500CEA92400\",\"Value\":1},{\"Key\":\"663DD9FF38D405005A752400\",\"Value\":1},{\"Key\":\"0110D9FF38CF050009512400\",\"Value\":1},{\"Key\":\"704ED9FF1DCD050070202400\",\"Value\":1},{\"Key\":\"0574D9FF4FDE050058CC2400\",\"Value\":1},{\"Key\":\"A06FD9FF67E4050075E82400\",\"Value\":1},{\"Key\":\"B65ED9FF84E405009FE02400\",\"Value\":1},{\"Key\":\"1DC8D8FF16C40500BD4E2300\",\"Value\":1},{\"Key\":\"6F53D8FF025B0600C6BD2600\",\"Value\":1},{\"Key\":\"D610D9FFA507060063822500\",\"Value\":1},{\"Key\":\"1BFFD8FFE40D06000D972500\",\"Value\":1},{\"Key\":\"8BF1D8FF73160600BEAB2500\",\"Value\":1},{\"Key\":\"BDDDD8FF382C06002ED72500\",\"Value\":1},{\"Key\":\"BDE9D6FF38690600B0B62000\",\"Value\":3},{\"Key\":\"54D1D8FF326006004C0A2700\",\"Value\":1},{\"Key\":\"86CFD8FFF95E0600FEFD2600\",\"Value\":1},{\"Key\":\"1ED0D8FF63610600302C2700\",\"Value\":3},{\"Key\":\"64AED8FF636106008C232700\",\"Value\":1},{\"Key\":\"30BAD8FF5A610600AF122700\",\"Value\":1},{\"Key\":\"22DAD8FF63610600F34E2700\",\"Value\":1},{\"Key\":\"EB8CD8FF945F0600EFE02600\",\"Value\":1},{\"Key\":\"ABB0D8FFAF60060066FE2600\",\"Value\":1},{\"Key\":\"539DD8FF4F61060090FB2600\",\"Value\":1},{\"Key\":\"C49AD8FF6361060007192700\",\"Value\":1},{\"Key\":\"C080D8FF63610600DB222700\",\"Value\":1},{\"Key\":\"83A5D8FF63610600B6102700\",\"Value\":1},{\"Key\":\"1E6DD8FF3961060038F42600\",\"Value\":1},{\"Key\":\"43E8D9FF665B06007CFD2800\",\"Value\":1},{\"Key\":\"033BD9FFE8E1050090C62400\",\"Value\":1},{\"Key\":\"1A10D8FFF86106006A032700\",\"Value\":3},{\"Key\":\"E974D9FF58FE050075722500\",\"Value\":1},{\"Key\":\"7F4DD9FF310506004C8B2500\",\"Value\":1},{\"Key\":\"804DD9FFCD0A06005CAB2500\",\"Value\":1},{\"Key\":\"6849D9FFE30C0600B0B52500\",\"Value\":1},{\"Key\":\"3F49D9FF92130600C7CC2500\",\"Value\":1},{\"Key\":\"FE27D8FF2569060057B91F00\",\"Value\":1},{\"Key\":\"FCD0D8FFC3C505000EC92200\",\"Value\":3},{\"Key\":\"61E3D7FF6672060071552700\",\"Value\":1},{\"Key\":\"7DFDD7FFCE5B060062A22600\",\"Value\":1},{\"Key\":\"52B9D8FFB156060038832600\",\"Value\":1},{\"Key\":\"B1A7D8FF6361060065392700\",\"Value\":1},{\"Key\":\"49E4D7FF786106005DAC2600\",\"Value\":1},{\"Key\":\"55E3D7FF306406008FBE2600\",\"Value\":1},{\"Key\":\"3B7ED8FF63610600AF382700\",\"Value\":1},{\"Key\":\"5C6BD8FF6361060053382700\",\"Value\":1},{\"Key\":\"10BAD8FF45580600BDBC2600\",\"Value\":1},{\"Key\":\"F903D8FF0B62060090EE2600\",\"Value\":1},{\"Key\":\"464CD9FF6D57060091092700\",\"Value\":1},{\"Key\":\"489ED8FF255B0600B4C62600\",\"Value\":1},{\"Key\":\"7AFBD7FFCB650600A4192700\",\"Value\":1},{\"Key\":\"DD66D8FFCB6106008C6F2700\",\"Value\":1},{\"Key\":\"D51DD8FF7259060022A92600\",\"Value\":1},{\"Key\":\"D9FDD8FF63610600F1572700\",\"Value\":1},{\"Key\":\"EAD1D7FF8872060065452700\",\"Value\":1},{\"Key\":\"E965D8FF636106001D012700\",\"Value\":1},{\"Key\":\"4F56D8FF326106009AF52600\",\"Value\":1},{\"Key\":\"C10CD8FF505C0600DFB62600\",\"Value\":1},{\"Key\":\"A16AD8FF6361060062162700\",\"Value\":1},{\"Key\":\"90C7D8FF636106006F552700\",\"Value\":1},{\"Key\":\"6265D8FF63610600A6262700\",\"Value\":1},{\"Key\":\"998CD8FF6361060070432700\",\"Value\":1},{\"Key\":\"1148D8FF6361060094152700\",\"Value\":1},{\"Key\":\"8390D8FF63610600DC542700\",\"Value\":1},{\"Key\":\"343FD8FF6361060084312700\",\"Value\":1},{\"Key\":\"6736D8FFAE620600BF3A2700\",\"Value\":1},{\"Key\":\"C765D8FFBE6206006B902700\",\"Value\":1},{\"Key\":\"4E51D8FF1465060024842700\",\"Value\":1},{\"Key\":\"2535D8FF466A0600E67B2700\",\"Value\":1},{\"Key\":\"7F5ED8FFDD6306002B972700\",\"Value\":1},{\"Key\":\"6A50D9FF013E06004B542600\",\"Value\":1},{\"Key\":\"4905D8FF61710600D6712700\",\"Value\":1},{\"Key\":\"82F7D7FF23720600FC672700\",\"Value\":1},{\"Key\":\"4221D8FFF56E060060882700\",\"Value\":1},{\"Key\":\"E8D7D8FF0C520600C5542600\",\"Value\":1},{\"Key\":\"D5CAD8FF29530600C55C2600\",\"Value\":1},{\"Key\":\"A9A7D8FFC75B060029D02600\",\"Value\":1},{\"Key\":\"2753D9FFC65606002FF92600\",\"Value\":1},{\"Key\":\"5496D8FF6361060054382700\",\"Value\":1},{\"Key\":\"934BD8FF5E610600CDFA2600\",\"Value\":1},{\"Key\":\"7525D8FF59600600F1E72600\",\"Value\":1},{\"Key\":\"F619D8FFAA6E0600FD732700\",\"Value\":1},{\"Key\":\"9856D8FF6361060059292700\",\"Value\":1},{\"Key\":\"FB50D8FF636106004D362700\",\"Value\":1},{\"Key\":\"C0D7D8FF6361060071BC2700\",\"Value\":3},{\"Key\":\"43FBD8FF6361060040C32700\",\"Value\":1},{\"Key\":\"FEE9D8FF63610600E6A32700\",\"Value\":1},{\"Key\":\"CBD1D8FF63610600279A2700\",\"Value\":1},{\"Key\":\"60ACD8FF63610600625B2700\",\"Value\":1},{\"Key\":\"A6A8D8FF636106004A792700\",\"Value\":1},{\"Key\":\"81C3D8FF6361060063702700\",\"Value\":1},{\"Key\":\"C8C1D8FF63610600418E2700\",\"Value\":1},{\"Key\":\"04BAD8FF63610600A3AA2700\",\"Value\":1},{\"Key\":\"8E3BD9FF5B45060014562600\",\"Value\":1},{\"Key\":\"1867D9FFF10F060041D62500\",\"Value\":1},{\"Key\":\"D46FD9FF060906000BB52500\",\"Value\":1},{\"Key\":\"1960D9FF3D0C06003DBE2500\",\"Value\":1},{\"Key\":\"5F7CD9FF56FF0500EC7E2500\",\"Value\":1},{\"Key\":\"7682D9FFF6FB0500036A2500\",\"Value\":1},{\"Key\":\"524BD9FFD31F0600F6D82500\",\"Value\":1},{\"Key\":\"E52ED9FF564C06006C682600\",\"Value\":1},{\"Key\":\"6114D9FFAB5106003F702600\",\"Value\":1},{\"Key\":\"BE28D9FF02510600A57D2600\",\"Value\":1},{\"Key\":\"D32AD9FF80510600FF822600\",\"Value\":1},{\"Key\":\"DC15D9FF6F550600C2902600\",\"Value\":1},{\"Key\":\"D072D9FF24DB0500C7B92400\",\"Value\":1},{\"Key\":\"0E60D9FFB2DF050024C62400\",\"Value\":1},{\"Key\":\"325CD9FF31E20500D9D12400\",\"Value\":1},{\"Key\":\"F34BD9FF48E405009FD82400\",\"Value\":1},{\"Key\":\"A94AD9FFC9E5050091E12400\",\"Value\":1},{\"Key\":\"83B2D8FFF3E605003B112500\",\"Value\":1},{\"Key\":\"11A5D8FFF3E605005A0E2500\",\"Value\":1},{\"Key\":\"9225D8FF46F405001B2B2500\",\"Value\":1},{\"Key\":\"9A9FD8FF99E80500302D2500\",\"Value\":1},{\"Key\":\"2C8BD8FF42E80500BD1B2500\",\"Value\":1},{\"Key\":\"7354B8FFB9D90600CC660000\",\"Value\":1},{\"Key\":\"1034D6FF4A7006009E062600\",\"Value\":3},{\"Key\":\"DD23D8FF290006000C502500\",\"Value\":1},{\"Key\":\"CCA3D7FFFE1E0600306A2500\",\"Value\":1},{\"Key\":\"C48CD8FFCEE50500A5E02400\",\"Value\":1},{\"Key\":\"1702D9FF98DE050090B32400\",\"Value\":1},{\"Key\":\"1401D9FFCDD7050041932400\",\"Value\":1},{\"Key\":\"E700D9FF9FD60500028D2400\",\"Value\":1},{\"Key\":\"770AD8FFD2030600AF512500\",\"Value\":1},{\"Key\":\"0683D7FFE234060066B42500\",\"Value\":1},{\"Key\":\"A4F0D8FFF80A0600D88A2500\",\"Value\":1},{\"Key\":\"FCD9D8FF031B0600F3B12500\",\"Value\":1},{\"Key\":\"6DCBD8FF542A0600E7D12500\",\"Value\":1},{\"Key\":\"1EAADAFFD6BA050020162500\",\"Value\":1},{\"Key\":\"3F39D8FFEB560600B67E2600\",\"Value\":1},{\"Key\":\"8714D9FFED5506005C962600\",\"Value\":1},{\"Key\":\"02F5D8FF555706005CB52600\",\"Value\":1},{\"Key\":\"3A54D8FF155306006E432600\",\"Value\":1},{\"Key\":\"5144D8FF68530600B0492600\",\"Value\":1},{\"Key\":\"818AD8FFEA5B060028C52600\",\"Value\":1},{\"Key\":\"7C3ED8FF1556060092662600\",\"Value\":1},{\"Key\":\"FFD3D8FF62F50500D0572500\",\"Value\":1},{\"Key\":\"D4A9DAFF20BA05000A372500\",\"Value\":1},{\"Key\":\"4E0DDCFF10B005004A2D2500\",\"Value\":1},{\"Key\":\"38C0D8FFD2530600B9612600\",\"Value\":1},{\"Key\":\"BC5EDCFF51BA0500BE322500\",\"Value\":1},{\"Key\":\"0CEAD8FFC21B060087B52500\",\"Value\":1},{\"Key\":\"66E2D7FF1E5F06002A4D2000\",\"Value\":1},{\"Key\":\"1107D8FFD65E0600862E2000\",\"Value\":1},{\"Key\":\"A382D8FF9D5706006BE41F00\",\"Value\":1},{\"Key\":\"F837D8FF0E11060003822500\",\"Value\":3},{\"Key\":\"816CDAFFFEB8050010A62400\",\"Value\":1},{\"Key\":\"F61ADAFF8DB9050079E52400\",\"Value\":1},{\"Key\":\"39E8D9FF47CC05006F152500\",\"Value\":1},{\"Key\":\"A7CED9FFF3D30500010D2500\",\"Value\":1},{\"Key\":\"1ED1D9FF73DB0500F0252500\",\"Value\":1},{\"Key\":\"79BDD9FFB3DB050008112500\",\"Value\":1},{\"Key\":\"99BBD9FFB2E1050053202500\",\"Value\":1},{\"Key\":\"FCA6D9FF43F40500A0542500\",\"Value\":1},{\"Key\":\"E090D9FFC0F60500D34F2500\",\"Value\":1},{\"Key\":\"0C55D9FF28590600CF2C2700\",\"Value\":3},{\"Key\":\"2F57B8FFA9DB060016610000\",\"Value\":1},{\"Key\":\"713BD8FF116C06003DAC2700\",\"Value\":3},{\"Key\":\"FAECD8FF0051060092562600\",\"Value\":1},{\"Key\":\"A7E9D8FFE6520600F0622600\",\"Value\":1},{\"Key\":\"82F9D7FFCA6B06001E3C2700\",\"Value\":1},{\"Key\":\"100ED8FF076D06004C552700\",\"Value\":1},{\"Key\":\"58F3D7FF0F750600B3992700\",\"Value\":1},{\"Key\":\"8A47D8FF016A060094C12700\",\"Value\":1},{\"Key\":\"5D2ED8FF246F060033C82700\",\"Value\":1},{\"Key\":\"2ED1D7FF386B06009C042700\",\"Value\":1},{\"Key\":\"98AED7FF4A720600F2082700\",\"Value\":1},{\"Key\":\"C282D7FF237506004B092700\",\"Value\":1},{\"Key\":\"327BD7FF6F75060013EF2600\",\"Value\":1},{\"Key\":\"9579D7FF2375060054112700\",\"Value\":1},{\"Key\":\"1F92D7FF23750600AB0F2700\",\"Value\":1},{\"Key\":\"5380D7FF23750600801E2700\",\"Value\":1},{\"Key\":\"3695D7FF5175060024022700\",\"Value\":1},{\"Key\":\"0DBCD7FF8E710600A2232700\",\"Value\":1},{\"Key\":\"ECE3D7FF146F06005F3C2700\",\"Value\":1},{\"Key\":\"9FE4D7FFE46B06006E292700\",\"Value\":1},{\"Key\":\"33EFD7FF80670600D7182700\",\"Value\":1},{\"Key\":\"90EAD7FF1A650600ECF72600\",\"Value\":1},{\"Key\":\"1A0CD8FFF165060073292700\",\"Value\":1},{\"Key\":\"C407D8FF96670600CC2F2700\",\"Value\":1},{\"Key\":\"C619D8FF4D650600A9302700\",\"Value\":1},{\"Key\":\"BDB8D7FFC070060021E72600\",\"Value\":1},{\"Key\":\"36F3D8FF075406005E702600\",\"Value\":1},{\"Key\":\"CDFCD8FF15520600E8642600\",\"Value\":1},{\"Key\":\"F2FFD8FF8A4D0600BC4A2600\",\"Value\":1},{\"Key\":\"B2FCD8FF574B06006F3D2600\",\"Value\":1},{\"Key\":\"3915D9FFFE460600C1362600\",\"Value\":1},{\"Key\":\"2215D9FF14420600B1232600\",\"Value\":1},{\"Key\":\"0336D9FF6A21060026DD2500\",\"Value\":1},{\"Key\":\"5DF5D7FFA06106009C2D2000\",\"Value\":1},{\"Key\":\"BAC9DAFF05B505008C192500\",\"Value\":1},{\"Key\":\"0641D8FFE45C060046722800\",\"Value\":3},{\"Key\":\"8DC5D7FF066E0600411E2800\",\"Value\":1},{\"Key\":\"E864D8FF63610600FC1D2800\",\"Value\":1},{\"Key\":\"4077D8FF766106008F802700\",\"Value\":1},{\"Key\":\"0259D9FF63610600E0312800\",\"Value\":1},{\"Key\":\"3631D8FF6F6B06005DFB2700\",\"Value\":1},{\"Key\":\"9752D8FF1E670600B5B62700\",\"Value\":1},{\"Key\":\"1C51D8FF69670600C5CC2700\",\"Value\":1},{\"Key\":\"9353D8FF28660600EBDB2700\",\"Value\":1},{\"Key\":\"E23FD8FF9F6A060041E62700\",\"Value\":1},{\"Key\":\"F23FD8FFC868060066F92700\",\"Value\":1},{\"Key\":\"E042D8FF89650600310E2800\",\"Value\":1},{\"Key\":\"753FD8FF166506002D162800\",\"Value\":1},{\"Key\":\"3844D8FFFB6106009C342800\",\"Value\":1},{\"Key\":\"8153D8FFB16606007EAD2700\",\"Value\":1},{\"Key\":\"AFEAD7FFA8720600C7FC2700\",\"Value\":3},{\"Key\":\"B3BED7FF17530600527D2800\",\"Value\":3},{\"Key\":\"1807D8FFAE7206001FEF2700\",\"Value\":1},{\"Key\":\"FF23D8FF666B0600F20B2800\",\"Value\":1},{\"Key\":\"A657D8FF23620600AA132800\",\"Value\":1},{\"Key\":\"C054D8FF5263060054012800\",\"Value\":1},{\"Key\":\"FE51D8FF3C64060086722700\",\"Value\":1},{\"Key\":\"BB4ED8FFA362060082552700\",\"Value\":1},{\"Key\":\"2513DCFFEDAE050034D82400\",\"Value\":3},{\"Key\":\"5A1CDBFF72B4050011622600\",\"Value\":1},{\"Key\":\"7900DBFF22B70500006E2600\",\"Value\":1},{\"Key\":\"CA04DBFF4BB40500C4842600\",\"Value\":1},{\"Key\":\"0EF0DAFFABB705003A6F2600\",\"Value\":1},{\"Key\":\"B5EADAFFE1B505003D832600\",\"Value\":1},{\"Key\":\"5AF4DAFF7EB40500208F2600\",\"Value\":1},{\"Key\":\"7CE6DAFFE6A8050039002700\",\"Value\":1},{\"Key\":\"F4B1DAFF3BB40500082E2600\",\"Value\":1},{\"Key\":\"8D40D8FFF765060043612700\",\"Value\":1},{\"Key\":\"BB45D8FFAE650600FA672700\",\"Value\":1},{\"Key\":\"AE33D8FFA468060071622700\",\"Value\":1},{\"Key\":\"6135D8FFB8690600C4742700\",\"Value\":1},{\"Key\":\"EAF7D9FFC6C005007F852100\",\"Value\":1},{\"Key\":\"148FD8FF6361060081AA2700\",\"Value\":1},{\"Key\":\"3790D8FF636106002FBC2700\",\"Value\":1},{\"Key\":\"368BD8FF63610600A3982700\",\"Value\":1},{\"Key\":\"2E8CD8FF6361060022D32700\",\"Value\":1},{\"Key\":\"2FA8D8FF6361060058312800\",\"Value\":1},{\"Key\":\"FB08D8FF6B62060019142000\",\"Value\":1},{\"Key\":\"28BDD8FF636106004F852700\",\"Value\":1},{\"Key\":\"E612D9FF63610600B19A2700\",\"Value\":1},{\"Key\":\"D010D9FF636106000EA72700\",\"Value\":1},{\"Key\":\"46FAD7FF236C0600B4D91F00\",\"Value\":1},{\"Key\":\"1E2ED8FF94610600981C2700\",\"Value\":1},{\"Key\":\"2225D8FF1B6706003B462700\",\"Value\":1},{\"Key\":\"832BD8FFF665060097452700\",\"Value\":1},{\"Key\":\"497BD9FF810C06004FD12500\",\"Value\":1},{\"Key\":\"A492D9FFF90606006ACD2500\",\"Value\":1},{\"Key\":\"F289D9FFC9FE05002D6A2500\",\"Value\":1},{\"Key\":\"B2F5D9FF74C50500AB0F2500\",\"Value\":1},{\"Key\":\"A2BBD9FF0CD80500F6062100\",\"Value\":1},{\"Key\":\"CD82D9FF3C0C060054572000\",\"Value\":1},{\"Key\":\"6412D9FF4E4D060040981F00\",\"Value\":1},{\"Key\":\"FDE4D8FFDE530600D09C1F00\",\"Value\":1},{\"Key\":\"95E1D8FFD45806007A821F00\",\"Value\":1},{\"Key\":\"EBD1D8FFA45C0600D6771F00\",\"Value\":1},{\"Key\":\"B2C3D8FF216206000D601F00\",\"Value\":1},{\"Key\":\"7A9FD8FF2B670600C1491F00\",\"Value\":1},{\"Key\":\"9D91D8FFA8680600AB421F00\",\"Value\":1},{\"Key\":\"0580D8FFB56A060014351F00\",\"Value\":1},{\"Key\":\"58D3D8FF5866060097071F00\",\"Value\":1},{\"Key\":\"D328D8FFF7700600920B1F00\",\"Value\":1},{\"Key\":\"9CBAD7FF43720600D5F61E00\",\"Value\":1},{\"Key\":\"AA04D8FF38720600C2141F00\",\"Value\":1},{\"Key\":\"600BD8FF817106008CFB1E00\",\"Value\":1},{\"Key\":\"B317D8FF3A71060093021F00\",\"Value\":1},{\"Key\":\"D11BD8FF37720600EB1B1F00\",\"Value\":1},{\"Key\":\"063ED8FF1270060017141F00\",\"Value\":1},{\"Key\":\"46A4DCFF27B8050054D02400\",\"Value\":1},{\"Key\":\"D553D8FFA86906001E791E00\",\"Value\":3},{\"Key\":\"9F56D8FFAD690600CA4C1E00\",\"Value\":1},{\"Key\":\"0C65D8FF256B06001C581E00\",\"Value\":1},{\"Key\":\"AB64D8FF076B060037331E00\",\"Value\":1},{\"Key\":\"7A57D8FF3F6B0600300C1E00\",\"Value\":1},{\"Key\":\"B966D8FF7B6C0600FF0A1E00\",\"Value\":1},{\"Key\":\"A897D8FF73810600B1931D00\",\"Value\":1},{\"Key\":\"2464D8FF276D06003FB11E00\",\"Value\":1},{\"Key\":\"0C85D8FFA16D060056AC1E00\",\"Value\":1},{\"Key\":\"5281D8FF6B7306001EDE1D00\",\"Value\":1},{\"Key\":\"A47BD8FF247406001ACA1D00\",\"Value\":1},{\"Key\":\"518AD8FF8C7F060088831D00\",\"Value\":1},{\"Key\":\"DFA7D8FF8C8B060093641D00\",\"Value\":1},{\"Key\":\"CB81D8FFA37B060099931D00\",\"Value\":1},{\"Key\":\"467DD8FF166E06000D151E00\",\"Value\":1},{\"Key\":\"B084D8FFA16D0600B0401E00\",\"Value\":1},{\"Key\":\"9C3AD8FF24660600344A1E00\",\"Value\":1},{\"Key\":\"017AD8FF6B6E060090C41E00\",\"Value\":1},{\"Key\":\"818AD8FF5A680600C64C1F00\",\"Value\":1},{\"Key\":\"70B3D8FF375F0600C17A1F00\",\"Value\":1},{\"Key\":\"07A5D8FF0C5F06009A8A1F00\",\"Value\":1},{\"Key\":\"ABD9D8FF225206000CB41F00\",\"Value\":1},{\"Key\":\"D2ECD8FFB24D060077BB1F00\",\"Value\":1},{\"Key\":\"FC25D9FFEC3C060015DB1F00\",\"Value\":1},{\"Key\":\"D43AD9FF141B0600005F2000\",\"Value\":1},{\"Key\":\"855FD9FFF8C7050092882300\",\"Value\":1},{\"Key\":\"0C91D9FF3EC30500E2342200\",\"Value\":1},{\"Key\":\"E8E3D9FF6DC30500517D2100\",\"Value\":1},{\"Key\":\"F73BD9FFE916060070702000\",\"Value\":1},{\"Key\":\"556FD9FF99F90500FFB72000\",\"Value\":1},{\"Key\":\"AB13D9FF142C0600EF392000\",\"Value\":1},{\"Key\":\"2E70B8FF96CB0600D69A0000\",\"Value\":1},{\"Key\":\"7BFAD8FF0D5A0600AB711F00\",\"Value\":1},{\"Key\":\"870BD8FF43720600042D1F00\",\"Value\":1},{\"Key\":\"ACE5D7FF40720600A4EC1E00\",\"Value\":1},{\"Key\":\"7691D8FF466E060043C51E00\",\"Value\":3},{\"Key\":\"E1E6D8FFA33A06001C232000\",\"Value\":1},{\"Key\":\"04BAD8FFDF3F060009342000\",\"Value\":1},{\"Key\":\"B0CFD8FF34320600165D2000\",\"Value\":1},{\"Key\":\"C4FBD8FF64270600D4622000\",\"Value\":1},{\"Key\":\"35FBD8FF862206006A772000\",\"Value\":1},{\"Key\":\"5910D9FF1D0A060090CC2000\",\"Value\":1},{\"Key\":\"5E3BD9FF11FD0500E4DC2000\",\"Value\":1},{\"Key\":\"316FD9FF63D30500578B2100\",\"Value\":1},{\"Key\":\"8982D9FFF4CF050069892100\",\"Value\":1},{\"Key\":\"06D2DFFF5AB90500EA0D2100\",\"Value\":3},{\"Key\":\"1793D9FF54CA05000CB12100\",\"Value\":1},{\"Key\":\"00E7D8FF113F0600C30D2000\",\"Value\":1},{\"Key\":\"1A14D9FFD2150600A9992000\",\"Value\":1},{\"Key\":\"8D95D9FF3CCB0500C49C2100\",\"Value\":1},{\"Key\":\"86A7D9FF9AC7050027B22100\",\"Value\":1},{\"Key\":\"CCA8D8FF5C460600AE242000\",\"Value\":1},{\"Key\":\"10B9D7FF437206004FD51F00\",\"Value\":1},{\"Key\":\"6F7AD8FFE14B06008F302000\",\"Value\":1},{\"Key\":\"4D86D7FF437206003CB01F00\",\"Value\":3},{\"Key\":\"19A8D8FF65080600F7252100\",\"Value\":1},{\"Key\":\"93BBD8FF1CFB0500414F2100\",\"Value\":1},{\"Key\":\"AE82D9FF99C20500CD472200\",\"Value\":1},{\"Key\":\"8E71D9FF91C40500463C2200\",\"Value\":1},{\"Key\":\"BB5ED9FFFFC30500934F2200\",\"Value\":1},{\"Key\":\"5E79D8FF765A060086D91F00\",\"Value\":1},{\"Key\":\"B3F4D7FF0968060065002000\",\"Value\":1},{\"Key\":\"2B23D9FF9F0A060070BB2000\",\"Value\":1},{\"Key\":\"6DB0D8FF60DA0500F30F2200\",\"Value\":1},{\"Key\":\"BBA7D9FFBED30500CB392100\",\"Value\":1},{\"Key\":\"C600D9FF5455060041811F00\",\"Value\":1},{\"Key\":\"6050D8FF456D06002E4C1F00\",\"Value\":1},{\"Key\":\"1A69D8FF295F060002C81F00\",\"Value\":1},{\"Key\":\"5D64D8FF5B68060056741F00\",\"Value\":1},{\"Key\":\"FBE4D8FF31320600F6492000\",\"Value\":1},{\"Key\":\"DA11D9FF72330600C91B2000\",\"Value\":1},{\"Key\":\"8901D9FFC03406002E252000\",\"Value\":1},{\"Key\":\"3EFCD8FFD73C06003B042000\",\"Value\":1},{\"Key\":\"7DCFD8FFC33B06007C332000\",\"Value\":1},{\"Key\":\"1266D8FF5D6B0600E7491F00\",\"Value\":1},{\"Key\":\"9F5AD8FFBF6D06000A2F1F00\",\"Value\":1},{\"Key\":\"1454D8FF986E0600611B1F00\",\"Value\":1},{\"Key\":\"435FD9FFA74A0600CF7A1F00\",\"Value\":1},{\"Key\":\"39F4D7FF4372060016101F00\",\"Value\":1},{\"Key\":\"1B65D8FFE25406005D112000\",\"Value\":1},{\"Key\":\"8DF6D8FFE96306001B091F00\",\"Value\":3},{\"Key\":\"C298DCFFDAB8050031DF2400\",\"Value\":1},{\"Key\":\"5ABBD8FFDB6B060042D81E00\",\"Value\":1},{\"Key\":\"218FD8FF8D5C0600E2B41F00\",\"Value\":1},{\"Key\":\"C838D9FFEB68060029C71E00\",\"Value\":3},{\"Key\":\"C70FD9FF436C06000DB61E00\",\"Value\":1},{\"Key\":\"5F04D9FF606B060056C21E00\",\"Value\":1},{\"Key\":\"D2E7D8FFAC6D0600D2AB1E00\",\"Value\":1},{\"Key\":\"CEEED8FF6C6F0600C9951E00\",\"Value\":1},{\"Key\":\"BEFFD8FFC46D0600D3A81E00\",\"Value\":1},{\"Key\":\"F9D0D8FF146F0600A7971E00\",\"Value\":1},{\"Key\":\"25E5D8FF7970060012881E00\",\"Value\":1},{\"Key\":\"39C1D8FF12700600A07F1E00\",\"Value\":1},{\"Key\":\"51D9D8FFD97006004F801E00\",\"Value\":1},{\"Key\":\"C1B3D8FF3B6E06001C9D1E00\",\"Value\":1},{\"Key\":\"DDB0D8FFF96E0600668D1E00\",\"Value\":1},{\"Key\":\"06D2D8FF9B6B06002ECC1E00\",\"Value\":1},{\"Key\":\"5FF3D8FF09690600ACE21E00\",\"Value\":1},{\"Key\":\"2397D9FF64D805008A302100\",\"Value\":1},{\"Key\":\"AA95D9FFBED60500F03C2100\",\"Value\":1},{\"Key\":\"FC82D9FFB5DC0500F42E2100\",\"Value\":1},{\"Key\":\"2971D9FF76F50500A3C72000\",\"Value\":1},{\"Key\":\"022AD8FFBB6F0600DDF91E00\",\"Value\":3},{\"Key\":\"8F2DD8FF437106007D301F00\",\"Value\":3},{\"Key\":\"2B65D8FF496D0600D8241F00\",\"Value\":1},{\"Key\":\"B6FAD8FF30670600D1EF1E00\",\"Value\":1},{\"Key\":\"E1BCD9FF9276060074AD1E00\",\"Value\":1},{\"Key\":\"8F9FD8FFD56306000D671F00\",\"Value\":1},{\"Key\":\"CDECD8FF1F5C0600256F1F00\",\"Value\":1},{\"Key\":\"D456DAFFF6EB05003B162000\",\"Value\":3},{\"Key\":\"1E52DAFFF92106005F691F00\",\"Value\":3},{\"Key\":\"9D4AD8FF2C69060048221E00\",\"Value\":3},{\"Key\":\"708BD8FF2A7606006EDF1D00\",\"Value\":3},{\"Key\":\"7C27D8FFB166060046F61D00\",\"Value\":1},{\"Key\":\"C723D8FF0D690600F3D91D00\",\"Value\":1},{\"Key\":\"8B26D8FF656B0600C3CA1D00\",\"Value\":1},{\"Key\":\"993BD8FF0D6C060082D51D00\",\"Value\":1},{\"Key\":\"8732D8FF27700600A7A61D00\",\"Value\":1},{\"Key\":\"D425D8FFA6650600B8001E00\",\"Value\":1},{\"Key\":\"9C14D8FF306C060023B11D00\",\"Value\":1},{\"Key\":\"7009D8FFC2650600F8D31D00\",\"Value\":1},{\"Key\":\"F350D8FF1B6F060055CA1D00\",\"Value\":1},{\"Key\":\"527AD7FFBB66060092491D00\",\"Value\":1},{\"Key\":\"7414D8FFAD720600556C1D00\",\"Value\":1},{\"Key\":\"78F2D7FFBD6E0600826C1D00\",\"Value\":1},{\"Key\":\"833FD8FFBA6E06006CBE1D00\",\"Value\":1},{\"Key\":\"6706D8FF2770060067761D00\",\"Value\":1},{\"Key\":\"8219D8FFA570060082891D00\",\"Value\":1},{\"Key\":\"E5D1D7FFBE62060026B71D00\",\"Value\":1},{\"Key\":\"F81CD8FFBB6E060042A41D00\",\"Value\":1},{\"Key\":\"7E74D9FF01250600C3002000\",\"Value\":3},{\"Key\":\"44A3D7FF336306002B981D00\",\"Value\":1},{\"Key\":\"EFACD7FFC45F0600E6B11D00\",\"Value\":1},{\"Key\":\"5106D8FF747306001E5A1D00\",\"Value\":1},{\"Key\":\"ECDFD7FF706F0600DC4F1D00\",\"Value\":1},{\"Key\":\"FFFBD7FF2D6A0600FCB01D00\",\"Value\":1},{\"Key\":\"9DF1D7FFC4720600864A1D00\",\"Value\":1},{\"Key\":\"B7D5D7FF316F060088451D00\",\"Value\":1},{\"Key\":\"C9E1D7FFF27106006F3E1D00\",\"Value\":1},{\"Key\":\"BDC4D7FF23710600881D1D00\",\"Value\":1},{\"Key\":\"44B9D7FFC86D06009E2B1D00\",\"Value\":1},{\"Key\":\"56B8D7FF087006002C131D00\",\"Value\":1},{\"Key\":\"E9D5D6FFC3560600731C1D00\",\"Value\":1},{\"Key\":\"430DD7FF215906007E481D00\",\"Value\":1},{\"Key\":\"66DFD6FFC5560600B10D1D00\",\"Value\":1},{\"Key\":\"21C1D6FF465506008DDC1C00\",\"Value\":1},{\"Key\":\"B432D7FF595A0600C85E1D00\",\"Value\":1},{\"Key\":\"CE25D7FFE95A060099311D00\",\"Value\":1},{\"Key\":\"9B5AD7FF215E0600196E1D00\",\"Value\":1},{\"Key\":\"8F70D7FF0C6006004B7E1D00\",\"Value\":1},{\"Key\":\"4675D7FF545D060064911D00\",\"Value\":1},{\"Key\":\"C381D7FF696106005A8A1D00\",\"Value\":1},{\"Key\":\"388AD7FF546106006A921D00\",\"Value\":1},{\"Key\":\"1528D9FFBC4C0600898D1F00\",\"Value\":1},{\"Key\":\"9DE4D6FF5FFA050083732400\",\"Value\":3},{\"Key\":\"DF01D9FFB42F0600883A2000\",\"Value\":1},{\"Key\":\"F14DD9FF06040600F5AC2000\",\"Value\":1},{\"Key\":\"AA7CDAFF3FB3050091A32100\",\"Value\":1},{\"Key\":\"D155DAFF75B60500C2732100\",\"Value\":1},{\"Key\":\"A243DAFF96BB0500B34C2100\",\"Value\":1},{\"Key\":\"9496D9FFA60D0600E22F2000\",\"Value\":1},{\"Key\":\"8686D9FFC62306002BF41F00\",\"Value\":1},{\"Key\":\"4782D9FFBA2706004DE71F00\",\"Value\":1},{\"Key\":\"98EBDBFF8CB3050070E31F00\",\"Value\":3},{\"Key\":\"91A2DAFF42B305008CAC2100\",\"Value\":1},{\"Key\":\"A0B3DAFFB6B20500019F2100\",\"Value\":1},{\"Key\":\"A66FD9FF392C060000E51F00\",\"Value\":1},{\"Key\":\"CDCFD7FFA0640600D6731E00\",\"Value\":3},{\"Key\":\"A6CFD7FFF2660600D8811E00\",\"Value\":1},{\"Key\":\"9831DCFF57B10500480B2000\",\"Value\":3},{\"Key\":\"1CF8D7FF43720600C2551F00\",\"Value\":1},{\"Key\":\"A04FDCFF8AB905005C392500\",\"Value\":1},{\"Key\":\"E193DCFF57B10500E01D2000\",\"Value\":3},{\"Key\":\"09BADEFFC2200600E1432700\",\"Value\":1},{\"Key\":\"BAE4DEFF7220060087842700\",\"Value\":1},{\"Key\":\"C8CCDDFFAB110600D0622600\",\"Value\":1},{\"Key\":\"67AEDDFF6B0B06004BA42600\",\"Value\":1},{\"Key\":\"14C3DDFFC50F0600E68F2600\",\"Value\":1},{\"Key\":\"A8D7DDFFA9140600FB7E2600\",\"Value\":1},{\"Key\":\"885DDCFFA8B90500464D2500\",\"Value\":3},{\"Key\":\"BFC2DDFF9D0D0600FDA52600\",\"Value\":1},{\"Key\":\"BFDBDDFF52140600B3992600\",\"Value\":1},{\"Key\":\"48C9DDFF490C060084B72600\",\"Value\":1},{\"Key\":\"61E4DDFFA914060036AC2600\",\"Value\":1},{\"Key\":\"37F4DDFF541A06003C9A2600\",\"Value\":1},{\"Key\":\"F402DEFF9F1C060075A62600\",\"Value\":1},{\"Key\":\"FFFADBFFF3AF0500B2832500\",\"Value\":1},{\"Key\":\"AAB6DDFFC90D0600441E2600\",\"Value\":1},{\"Key\":\"A9B8DDFF5B0D0600CE302600\",\"Value\":1},{\"Key\":\"CB07DEFFE71A060000C52600\",\"Value\":1},{\"Key\":\"48BBDDFF810D060032392600\",\"Value\":1},{\"Key\":\"4F47DCFF9DB70500D9522500\",\"Value\":3},{\"Key\":\"C11DDEFF481F060018C52600\",\"Value\":1},{\"Key\":\"87D5DDFFD0110600E62C2600\",\"Value\":1},{\"Key\":\"36BADDFFFD0D06004A5E2600\",\"Value\":1},{\"Key\":\"3EB2DDFF500D0600DB702600\",\"Value\":1},{\"Key\":\"852EDEFF7D20060003C22600\",\"Value\":1},{\"Key\":\"6FCCDDFFF81006009F562600\",\"Value\":1},{\"Key\":\"8564DCFFB0B905001A562500\",\"Value\":3},{\"Key\":\"F44ADEFF0B2306009DB72600\",\"Value\":1},{\"Key\":\"ECE9DDFFBB16060026422600\",\"Value\":1},{\"Key\":\"03E9DDFF081706004C4D2600\",\"Value\":1},{\"Key\":\"7ADEDDFF9C150600A2612600\",\"Value\":1},{\"Key\":\"783ADEFF7D2006005DE62600\",\"Value\":1},{\"Key\":\"285BDEFFE7230600D7C32600\",\"Value\":1},{\"Key\":\"827BDEFFC220060035FE2600\",\"Value\":1},{\"Key\":\"EA5EDEFF0D230600FBCC2600\",\"Value\":1},{\"Key\":\"6EF1DDFF521A06003F6A2600\",\"Value\":1},{\"Key\":\"7A74DCFFBFB7050018582500\",\"Value\":3},{\"Key\":\"4887DEFFC2200600030E2700\",\"Value\":1},{\"Key\":\"AD6CDCFFBEB905006E5E2500\",\"Value\":3},{\"Key\":\"6F8FDEFFC220060056252700\",\"Value\":1},{\"Key\":\"6384DEFF161F0600D0422700\",\"Value\":1},{\"Key\":\"6B76DEFF871406003C5B2700\",\"Value\":1},{\"Key\":\"E039DEFF0E17060026182700\",\"Value\":1},{\"Key\":\"8EC6DDFFA3080600A2C92600\",\"Value\":1},{\"Key\":\"704DDEFF101F0600750E2700\",\"Value\":1},{\"Key\":\"233FDCFF92B805002D582500\",\"Value\":1},{\"Key\":\"8708DEFFB51E0600B68C2600\",\"Value\":1},{\"Key\":\"D7B6DCFF33B60500BB862400\",\"Value\":1},{\"Key\":\"06AFDCFFE7B70500DF772400\",\"Value\":1},{\"Key\":\"C2AFDCFF8DB50500CE7D2400\",\"Value\":1},{\"Key\":\"14A9D9FF49000600F1CD2500\",\"Value\":1},{\"Key\":\"61B3D9FFA3FD050070D82500\",\"Value\":1},{\"Key\":\"41AFD8FFB26D0600AABE1E00\",\"Value\":3},{\"Key\":\"31AED8FF976F0600C8761E00\",\"Value\":3},{\"Key\":\"03B4D8FF63700600B7631E00\",\"Value\":1},{\"Key\":\"77ABD8FF7D700600AE541E00\",\"Value\":1},{\"Key\":\"A29DD8FFFD6E0600B97A1E00\",\"Value\":1},{\"Key\":\"918FD7FF585E060094561E00\",\"Value\":3},{\"Key\":\"8539D9FFF708060063AC2000\",\"Value\":1},{\"Key\":\"F95CD9FF7BF5050035DC2000\",\"Value\":1},{\"Key\":\"2B05CBFF862806003CDF1D00\",\"Value\":1},{\"Key\":\"73FACAFF192A060042EC1D00\",\"Value\":1},{\"Key\":\"CBD2CAFF7D26060022E11D00\",\"Value\":1},{\"Key\":\"8E4DCAFFFB1A060023C41D00\",\"Value\":1},{\"Key\":\"EC3FCAFF7717060005A91D00\",\"Value\":1},{\"Key\":\"8822CAFFB91306005D9A1D00\",\"Value\":1},{\"Key\":\"5DEEC9FF650B0600A4801D00\",\"Value\":1},{\"Key\":\"7AECC9FF1E0A06003A751D00\",\"Value\":1},{\"Key\":\"E9EEC9FF8C0E0600ED961D00\",\"Value\":1},{\"Key\":\"1ABFB7FFED3D03005E1F0D00\",\"Value\":1},{\"Key\":\"7390B7FFEB3F0300780A0D00\",\"Value\":1},{\"Key\":\"2086B7FF923F0300E2020D00\",\"Value\":1},{\"Key\":\"77BEB7FF023E030059440D00\",\"Value\":1},{\"Key\":\"BBBDB7FFC83D030039280D00\",\"Value\":1},{\"Key\":\"91D2B7FFC83C03004E360D00\",\"Value\":1},{\"Key\":\"7490B7FF234A030022AD0C00\",\"Value\":1},{\"Key\":\"EDA1B7FFB540030079050D00\",\"Value\":1},{\"Key\":\"5378B7FF114B0300BC8C0C00\",\"Value\":1},{\"Key\":\"447FB7FF3144030074D20C00\",\"Value\":1},{\"Key\":\"B2D6B6FFFB8703009A520B00\",\"Value\":1},{\"Key\":\"37CBB6FF28840300495F0B00\",\"Value\":1},{\"Key\":\"DBCBB6FFC089030057430B00\",\"Value\":1},{\"Key\":\"C4BAB6FF6D8A030023260B00\",\"Value\":1},{\"Key\":\"89B1B6FF5CA60300BF450A00\",\"Value\":1},{\"Key\":\"489DB6FF2BA3030028340A00\",\"Value\":1},{\"Key\":\"DC9AB6FF32A80300400E0A00\",\"Value\":1},{\"Key\":\"B99AB6FF9EAB030062F40900\",\"Value\":1},{\"Key\":\"6E98B7FF5DEA0300C16F0800\",\"Value\":1},{\"Key\":\"9A9EB7FF0918040061E90700\",\"Value\":1},{\"Key\":\"69A8B7FF581C04006BDF0700\",\"Value\":1},{\"Key\":\"EFC6B7FF9D20040033DF0700\",\"Value\":1},{\"Key\":\"B5CEB7FF211E04004DEA0700\",\"Value\":1},{\"Key\":\"BFEBB7FFF81C04009BF50700\",\"Value\":1},{\"Key\":\"6FE9B7FF5017040089040800\",\"Value\":1},{\"Key\":\"F2CFB7FFEF1004001B100800\",\"Value\":1},{\"Key\":\"80C6B7FFB715040091000800\",\"Value\":1},{\"Key\":\"5606B8FFE9180400D0040800\",\"Value\":1},{\"Key\":\"1F11B8FFDC130400F0130800\",\"Value\":1},{\"Key\":\"E807B8FF470D040076230800\",\"Value\":1},{\"Key\":\"4026B8FF460D040062290800\",\"Value\":1},{\"Key\":\"8121B8FF38050400C83C0800\",\"Value\":1},{\"Key\":\"9D2EB8FFCE0A040099310800\",\"Value\":1},{\"Key\":\"2E31B8FFFD0604001F3C0800\",\"Value\":1},{\"Key\":\"6D07B8FF20FC03000A4D0800\",\"Value\":1},{\"Key\":\"1F13B8FF28050400BB390800\",\"Value\":1},{\"Key\":\"ED0EB8FFFBF7030037610800\",\"Value\":1},{\"Key\":\"18E9B7FF4CFF0300773D0800\",\"Value\":1},{\"Key\":\"DA01B8FFE9030400D6380800\",\"Value\":1},{\"Key\":\"B9D8B7FF7F03040094310800\",\"Value\":1},{\"Key\":\"53C0B7FF70FD0300503B0800\",\"Value\":1},{\"Key\":\"94BAB7FF550204008E2F0800\",\"Value\":1},{\"Key\":\"C1AFB7FFB2070400C2200800\",\"Value\":1},{\"Key\":\"4FAFB7FFA3010400BE2F0800\",\"Value\":2},{\"Key\":\"18AEB7FF540B0400FC160800\",\"Value\":1},{\"Key\":\"554DBBFF554808008AB5F3FF\",\"Value\":1},{\"Key\":\"3967BBFFB94D0800A200F4FF\",\"Value\":1},{\"Key\":\"1B68BBFF604F080060EFF3FF\",\"Value\":1},{\"Key\":\"F849BBFFE647080032F4F3FF\",\"Value\":1},{\"Key\":\"4635BBFF313A080017F2F3FF\",\"Value\":1},{\"Key\":\"A019BBFF262D0800ACFDF3FF\",\"Value\":1},{\"Key\":\"67ECBAFFC7290800E5E7F3FF\",\"Value\":1},{\"Key\":\"4FD3BAFF8B290800E8F1F3FF\",\"Value\":1},{\"Key\":\"3AD5BAFF3B2A08006303F4FF\",\"Value\":1},{\"Key\":\"8BE6BAFF032C08003CCCF3FF\",\"Value\":1},{\"Key\":\"6FE8BAFF2D2E0800F8C2F3FF\",\"Value\":1},{\"Key\":\"3FFFBAFF923208004AC3F3FF\",\"Value\":1},{\"Key\":\"69A7BDFF68EA070081EEF8FF\",\"Value\":1},{\"Key\":\"F347D9FF3A710800814D1700\",\"Value\":1},{\"Key\":\"4451D9FF67710800A94C1700\",\"Value\":1},{\"Key\":\"D655D9FF346F0800EF5E1700\",\"Value\":1},{\"Key\":\"AD51D9FFFD720800D63E1700\",\"Value\":1},{\"Key\":\"0040D9FFFE6B08007C741700\",\"Value\":1},{\"Key\":\"B743D9FFCF690800118A1700\",\"Value\":1},{\"Key\":\"7E28D9FF59690800D68A1700\",\"Value\":1},{\"Key\":\"2192D9FF7A760600DAA41E00\",\"Value\":3},{\"Key\":\"16FCD9FF92760600D1711E00\",\"Value\":1},{\"Key\":\"753EDAFFFB77060033411E00\",\"Value\":1},{\"Key\":\"8C34DAFFA176060031471E00\",\"Value\":1},{\"Key\":\"85D8D9FF92760600A47F1E00\",\"Value\":1},{\"Key\":\"1AD0D9FF927606004D941E00\",\"Value\":1},{\"Key\":\"A2D1D9FF92760600A1731E00\",\"Value\":1},{\"Key\":\"87E9D9FF92760600158C1E00\",\"Value\":1},{\"Key\":\"1502DAFFC2760600BA541E00\",\"Value\":1},{\"Key\":\"7732DAFF9276060085601E00\",\"Value\":1},{\"Key\":\"D51CDAFF92760600D46B1E00\",\"Value\":1},{\"Key\":\"8212DAFF92760600F4571E00\",\"Value\":1},{\"Key\":\"C346DAFF9276060065611E00\",\"Value\":1},{\"Key\":\"CC52DAFF92760600E25E1E00\",\"Value\":1},{\"Key\":\"0D5DDAFF927606005B4B1E00\",\"Value\":1},{\"Key\":\"1DE7D9FF92760600506E1E00\",\"Value\":1},{\"Key\":\"A8C9DAFF17A006009A091E00\",\"Value\":1},{\"Key\":\"4BDEDAFFCD7E060082351E00\",\"Value\":1},{\"Key\":\"05C2DAFF4B850600102A1E00\",\"Value\":1},{\"Key\":\"1D3FD9FF63610600A4FB2800\",\"Value\":1},{\"Key\":\"3938D9FF8970060023951E00\",\"Value\":1},{\"Key\":\"C53CD9FF0D6F0600229C1E00\",\"Value\":1},{\"Key\":\"8224D9FFC46E0600969E1E00\",\"Value\":1},{\"Key\":\"7207D8FF43720600624F1F00\",\"Value\":1},{\"Key\":\"057DD8FF12630600F08E1F00\",\"Value\":1},{\"Key\":\"113FD8FF686E0600FF5D1F00\",\"Value\":1},{\"Key\":\"2ACED7FF43720600215B1F00\",\"Value\":1},{\"Key\":\"8D56D8FFC36B0600175B1F00\",\"Value\":1},{\"Key\":\"8D2CD9FFB5600600DE081F00\",\"Value\":1},{\"Key\":\"753AD9FF4F5E0600110F1F00\",\"Value\":1},{\"Key\":\"64D8D9FF5A590600CE082900\",\"Value\":1},{\"Key\":\"3339D9FFE2560600A62C1F00\",\"Value\":2}],\"SerializedName\":\"WorldObjectLocatorManager\",\"UniqueFile\":true}"}}