{"Version":"0.0.0","Data":{"ZipLineManager":"{\"Version\":\"0.0.0\",\"Ziplines\":[{\"_anchorAPosition\":{\"x\":-623.0005,\"y\":96.21168,\"z\":569.9338},\"_anchorBPosition\":{\"x\":-675.845764,\"y\":102.710075,\"z\":560.6022},\"_canBeDismantled\":true},{\"_anchorAPosition\":{\"x\":-1226.0824,\"y\":135.324127,\"z\":-256.2021},\"_anchorBPosition\":{\"x\":-1232.10815,\"y\":128.058975,\"z\":-253.142944},\"_canBeDismantled\":true},{\"_anchorAPosition\":{\"x\":-620.8889,\"y\":102.3495,\"z\":572.9345},\"_anchorBPosition\":{\"x\":-628.642639,\"y\":97.03597,\"z\":567.002869},\"_canBeDismantled\":true},{\"_anchorAPosition\":{\"x\":-680.835,\"y\":110.617119,\"z\":616.6051},\"_anchorBPosition\":{\"x\":-625.720337,\"y\":97.1193848,\"z\":577.391052},\"_canBeDismantled\":true},{\"_anchorAPosition\":{\"x\":-675.8375,\"y\":102.635033,\"z\":560.372253},\"_anchorBPosition\":{\"x\":-631.112244,\"y\":102.33213,\"z\":567.2404},\"_canBeDismantled\":true}]}"}}