{"Version":"0.0.0","Data":{"ZipLineManager":"{\"Version\":\"0.0.0\",\"Ziplines\":[{\"_anchorAPosition\":{\"x\":-623.0005,\"y\":96.21168,\"z\":569.9338},\"_anchorBPosition\":{\"x\":-675.845764,\"y\":102.710075,\"z\":560.6022},\"_canBeDismantled\":true},{\"_anchorAPosition\":{\"x\":-1226.0824,\"y\":135.324127,\"z\":-256.2021},\"_anchorBPosition\":{\"x\":-1232.10815,\"y\":128.058975,\"z\":-253.142944},\"_canBeDismantled\":true},{\"_anchorAPosition\":{\"x\":-675.8375,\"y\":102.635033,\"z\":560.372253},\"_anchorBPosition\":{\"x\":-631.112244,\"y\":102.33213,\"z\":567.2404},\"_canBeDismantled\":true},{\"_anchorAPosition\":{\"x\":-620.8493,\"y\":105.107552,\"z\":572.6946},\"_anchorBPosition\":{\"x\":-629.369263,\"y\":96.109375,\"z\":567.0712},\"_canBeDismantled\":true},{\"_anchorAPosition\":{\"x\":-685.05835,\"y\":113.494659,\"z\":612.772156},\"_anchorBPosition\":{\"x\":-623.184937,\"y\":96.13673,\"z\":572.902832},\"_canBeDismantled\":true}]}"}}